{"type":"FeatureCollection","source":{"name":"国土数値情報 行政区域データ (N03) 2026 年 東京都","provider":"国土交通省","license":"CC BY 4.0","licenseUrl":"https://nlftp.mlit.go.jp/ksj/other/agreement.html","pageUrl":"https://nlftp.mlit.go.jp/ksj/gml/datalist/KsjTmplt-N03-2026.html","downloadUrl":"https://nlftp.mlit.go.jp/ksj/gml/data/N03/N03-2026/N03-20260101_13_GML.zip","attribution":"出典: <a href=\"https://nlftp.mlit.go.jp/ksj/gml/datalist/KsjTmplt-N03-2026.html\">国土交通省国土数値情報ダウンロードサイト</a>「国土数値情報（行政区域データ）」をもとに machimiru 作成","retrievedAt":"2026-10-04"},"features":[{"type":"Feature","geometry":{"type":"Polygon","coordinates":[[[139.77043,35.6893],[139.77188,35.68973],[139.77453,35.69061],[139.77771,35.69177],[139.77864,35.6922],[139.77999,35.69315],[139.78023,35.69298],[139.78259,35.69472],[139.78198,35.69524],[139.78207,35.69626],[139.78253,35.69621],[139.78254,35.69657],[139.78255,35.6967],[139.78261,35.69728],[139.78263,35.69754],[139.78265,35.69777],[139.78266,35.69786],[139.78175,35.69793],[139.7817,35.69793],[139.78119,35.69798],[139.78031,35.69805],[139.78008,35.69807],[139.78009,35.69869],[139.7801,35.69875],[139.78033,35.7],[139.78009,35.70035],[139.77911,35.70043],[139.77844,35.70048],[139.77695,35.70059],[139.77664,35.70062],[139.77546,35.70105],[139.7751,35.70118],[139.77467,35.70133],[139.7746,35.70136],[139.77448,35.7014],[139.77425,35.70149],[139.77375,35.70167],[139.77327,35.70184],[139.77317,35.70188],[139.77361,35.70293],[139.7733,35.70307],[139.77279,35.70312],[139.77287,35.70373],[139.77295,35.70436],[139.77296,35.70444],[139.77303,35.70502],[139.77268,35.70513],[139.77135,35.70524],[139.77014,35.70535],[139.77013,35.70519],[139.7701,35.70459],[139.76998,35.70373],[139.76969,35.70338],[139.7691,35.70341],[139.76879,35.70343],[139.76875,35.70343],[139.76838,35.70345],[139.76807,35.70334],[139.76808,35.70308],[139.7681,35.70274],[139.76784,35.7026],[139.76677,35.70265],[139.76654,35.70211],[139.7664,35.70178],[139.76683,35.70149],[139.7673,35.70101],[139.7685,35.70014],[139.76843,35.7],[139.76834,35.69981],[139.76828,35.6997],[139.76729,35.70008],[139.76656,35.69987],[139.76638,35.6998],[139.76622,35.69973],[139.76602,35.69964],[139.76346,35.70033],[139.76291,35.70063],[139.76225,35.70126],[139.7613,35.70159],[139.76065,35.70164],[139.75833,35.70167],[139.75762,35.7017],[139.7572,35.70172],[139.75533,35.70212],[139.75412,35.70237],[139.75283,35.70251],[139.75081,35.70266],[139.75,35.70291],[139.74906,35.70312],[139.74802,35.70316],[139.74677,35.70312],[139.74671,35.70317],[139.74601,35.70301],[139.74599,35.703],[139.74587,35.70291],[139.74526,35.70252],[139.74479,35.70228],[139.74474,35.70225],[139.74448,35.70231],[139.74369,35.70163],[139.74412,35.70127],[139.74374,35.70085],[139.74304,35.70001],[139.74167,35.69846],[139.73998,35.69629],[139.73887,35.69469],[139.73757,35.69323],[139.73673,35.69251],[139.73615,35.69212],[139.73527,35.69167],[139.73399,35.69097],[139.73311,35.69037],[139.73208,35.6898],[139.73166,35.68962],[139.73118,35.68914],[139.73104,35.68876],[139.73096,35.68847],[139.73067,35.68754],[139.73028,35.68671],[139.73001,35.68538],[139.73013,35.6849],[139.73019,35.68466],[139.73032,35.68425],[139.73058,35.68333],[139.73075,35.68288],[139.731,35.68236],[139.7315,35.6815],[139.73162,35.68134],[139.7328,35.68047],[139.73318,35.67953],[139.73383,35.67888],[139.73443,35.67875],[139.73533,35.67871],[139.73678,35.67887],[139.73722,35.67802],[139.73753,35.67687],[139.73822,35.67594],[139.73861,35.67516],[139.73876,35.6746],[139.73906,35.67403],[139.7399,35.67346],[139.74321,35.67143],[139.74366,35.67125],[139.7453,35.67099],[139.74535,35.67067],[139.74665,35.67047],[139.74696,35.6705],[139.74699,35.67006],[139.74748,35.66966],[139.7478,35.66962],[139.74919,35.67078],[139.74996,35.67083],[139.75113,35.67056],[139.75287,35.67026],[139.75432,35.6699],[139.75663,35.66911],[139.75807,35.66867],[139.75855,35.66859],[139.7588,35.66919],[139.76041,35.67205],[139.7608,35.67248],[139.76129,35.67266],[139.76349,35.67319],[139.76417,35.67359],[139.76763,35.6787],[139.76955,35.68167],[139.77029,35.68298],[139.7706,35.68369],[139.7709,35.68452],[139.77063,35.6849],[139.77015,35.68614],[139.76968,35.68691],[139.76885,35.68793],[139.76812,35.68864],[139.77043,35.6893]]]},"properties":{"code":"13101","name":"千代田区"}},{"type":"Feature","geometry":{"type":"Polygon","coordinates":[[[139.7709,35.68452],[139.7706,35.68369],[139.77029,35.68298],[139.76955,35.68167],[139.76763,35.6787],[139.76417,35.67359],[139.76349,35.67319],[139.76129,35.67266],[139.7608,35.67248],[139.76041,35.67205],[139.7588,35.66919],[139.75855,35.66859],[139.75892,35.6682],[139.76094,35.66754],[139.762,35.66713],[139.76255,35.66661],[139.76295,35.66591],[139.76324,35.66518],[139.76327,35.66415],[139.76296,35.66371],[139.76125,35.66154],[139.75992,35.6599],[139.75956,35.65939],[139.75948,35.65899],[139.76277,35.65709],[139.76453,35.65612],[139.76476,35.65638],[139.76567,35.65699],[139.76721,35.65812],[139.76922,35.65621],[139.7693,35.65627],[139.77065,35.65494],[139.76964,35.65426],[139.76809,35.65579],[139.76724,35.65521],[139.76765,35.65108],[139.76836,35.65037],[139.77163,35.65259],[139.77272,35.65145],[139.77033,35.64984],[139.77041,35.64976],[139.76955,35.64917],[139.77181,35.64693],[139.77279,35.64604],[139.77951,35.65058],[139.78019,35.65054],[139.78777,35.65565],[139.78853,35.65618],[139.78959,35.65626],[139.78951,35.65699],[139.78937,35.65823],[139.78923,35.65915],[139.78912,35.66075],[139.78909,35.66226],[139.78917,35.66362],[139.78907,35.66564],[139.78895,35.66654],[139.78876,35.66741],[139.78795,35.66969],[139.78754,35.67062],[139.7873,35.67147],[139.78717,35.67228],[139.78712,35.67391],[139.78718,35.67451],[139.78729,35.6751],[139.78753,35.67616],[139.78786,35.67698],[139.78869,35.67852],[139.78908,35.67916],[139.79114,35.68171],[139.79186,35.68257],[139.79239,35.68349],[139.79264,35.68437],[139.79274,35.68515],[139.79275,35.686],[139.79265,35.68647],[139.79237,35.68711],[139.79209,35.68747],[139.79167,35.68796],[139.7904,35.68929],[139.78965,35.69019],[139.78938,35.69065],[139.78891,35.69165],[139.78891,35.69167],[139.78872,35.69245],[139.78865,35.69339],[139.78872,35.69403],[139.78892,35.6947],[139.78547,35.69578],[139.78341,35.69645],[139.78254,35.69657],[139.78253,35.69621],[139.78207,35.69626],[139.78198,35.69524],[139.78259,35.69472],[139.78023,35.69298],[139.77999,35.69315],[139.77864,35.6922],[139.77771,35.69177],[139.77453,35.69061],[139.77188,35.68973],[139.77043,35.6893],[139.76812,35.68864],[139.76885,35.68793],[139.76968,35.68691],[139.77015,35.68614],[139.77063,35.6849],[139.7709,35.68452]]]},"properties":{"code":"13102","name":"中央区"}},{"type":"Feature","geometry":{"type":"MultiPolygon","coordinates":[[[[139.75351,35.62405],[139.75465,35.62402],[139.75755,35.62409],[139.75743,35.62793],[139.75941,35.628],[139.75939,35.62948],[139.75923,35.63365],[139.7566,35.63361],[139.75567,35.63372],[139.75524,35.63363],[139.75401,35.63092],[139.75384,35.62881],[139.75351,35.62405]]],[[[139.77022,35.63199],[139.77012,35.63236],[139.76967,35.63224],[139.7681,35.63022],[139.76858,35.63003],[139.76994,35.63174],[139.77022,35.63199]]],[[[139.7315,35.6815],[139.73092,35.68115],[139.73071,35.68102],[139.73022,35.68173],[139.72983,35.6823],[139.72976,35.68249],[139.72956,35.68281],[139.72846,35.68281],[139.72783,35.68188],[139.72765,35.68151],[139.72751,35.68081],[139.7268,35.67942],[139.72623,35.67903],[139.72539,35.6791],[139.72514,35.67924],[139.72466,35.67932],[139.72385,35.67909],[139.72317,35.67903],[139.72323,35.67876],[139.72327,35.67856],[139.72273,35.67825],[139.72267,35.67856],[139.72258,35.67906],[139.72156,35.67885],[139.72116,35.67932],[139.72065,35.67913],[139.7199,35.6786],[139.71986,35.67841],[139.71975,35.67841],[139.71958,35.67831],[139.71994,35.67755],[139.71956,35.67741],[139.71986,35.67673],[139.71962,35.67666],[139.71989,35.67552],[139.71995,35.67532],[139.71974,35.67495],[139.71928,35.67441],[139.71872,35.67418],[139.71726,35.67362],[139.71667,35.67346],[139.71656,35.67343],[139.71662,35.67331],[139.71667,35.67322],[139.71685,35.67287],[139.71694,35.67269],[139.71701,35.67257],[139.71667,35.67242],[139.7162,35.67248],[139.71607,35.67254],[139.71493,35.67299],[139.71466,35.67262],[139.71456,35.67255],[139.71433,35.67219],[139.71453,35.67189],[139.7143,35.67155],[139.71424,35.67113],[139.71374,35.67031],[139.71462,35.66971],[139.71471,35.66959],[139.71439,35.66919],[139.71381,35.66935],[139.71267,35.66811],[139.71151,35.66681],[139.71128,35.66667],[139.71095,35.66629],[139.71055,35.66613],[139.71016,35.66596],[139.70871,35.66438],[139.70863,35.6642],[139.70856,35.66407],[139.70996,35.66314],[139.71023,35.6629],[139.71054,35.66252],[139.71183,35.66103],[139.7124,35.66059],[139.71283,35.66032],[139.71379,35.65976],[139.71337,35.65902],[139.71297,35.6584],[139.7132,35.65828],[139.71394,35.65782],[139.71446,35.65735],[139.71459,35.65728],[139.71521,35.6571],[139.71673,35.6569],[139.71785,35.65656],[139.71805,35.65698],[139.72172,35.65568],[139.72228,35.6557],[139.72252,35.65586],[139.72279,35.65608],[139.72276,35.65593],[139.72206,35.65486],[139.72155,35.65374],[139.72167,35.65304],[139.72181,35.65249],[139.72219,35.65235],[139.72241,35.65233],[139.72242,35.65221],[139.72251,35.65084],[139.72252,35.65067],[139.72254,35.65046],[139.72265,35.64991],[139.72271,35.64969],[139.72278,35.64943],[139.72303,35.64847],[139.72328,35.64779],[139.72305,35.64727],[139.72302,35.6472],[139.72356,35.6467],[139.72332,35.64634],[139.72293,35.64571],[139.72275,35.64549],[139.72279,35.64531],[139.72287,35.64494],[139.7224,35.6444],[139.72236,35.6444],[139.72146,35.64441],[139.72132,35.64441],[139.72018,35.64291],[139.71995,35.64261],[139.71969,35.64225],[139.71956,35.64211],[139.7192,35.64185],[139.71943,35.64167],[139.71967,35.64148],[139.71973,35.64143],[139.71897,35.64109],[139.71862,35.64095],[139.71806,35.64067],[139.71776,35.64029],[139.7169,35.63996],[139.71676,35.63963],[139.71669,35.63908],[139.71669,35.63907],[139.71668,35.63826],[139.71693,35.63809],[139.71733,35.63782],[139.71745,35.63759],[139.71755,35.63737],[139.71755,35.63725],[139.71821,35.63646],[139.71784,35.63604],[139.7179,35.63588],[139.71766,35.6358],[139.71767,35.63544],[139.71783,35.63505],[139.71818,35.63509],[139.71866,35.63516],[139.7191,35.63476],[139.71996,35.63458],[139.72066,35.63496],[139.72079,35.63496],[139.7212,35.63499],[139.72164,35.63537],[139.72206,35.63558],[139.72217,35.63587],[139.72246,35.63586],[139.72338,35.63559],[139.72416,35.63544],[139.7242,35.63543],[139.725,35.6353],[139.726,35.63503],[139.72656,35.63453],[139.72681,35.63415],[139.72633,35.63286],[139.72679,35.63262],[139.72674,35.63237],[139.72709,35.63206],[139.72767,35.6319],[139.72773,35.6319],[139.72779,35.63195],[139.72831,35.63284],[139.72886,35.63265],[139.7287,35.63207],[139.72883,35.63165],[139.72913,35.63137],[139.72931,35.6312],[139.7294,35.63127],[139.72987,35.6313],[139.72999,35.63121],[139.73065,35.6307],[139.73086,35.63041],[139.73094,35.63014],[139.73101,35.62881],[139.73152,35.62871],[139.73131,35.62762],[139.73133,35.62707],[139.73115,35.62669],[139.73115,35.62648],[139.73123,35.62633],[139.7321,35.62603],[139.73287,35.62598],[139.73338,35.62604],[139.73395,35.62611],[139.73412,35.62579],[139.73454,35.625],[139.7347,35.62469],[139.73482,35.62455],[139.7354,35.6232],[139.73666,35.62308],[139.73751,35.62345],[139.7373,35.62377],[139.73776,35.62414],[139.73779,35.62453],[139.7384,35.62456],[139.73925,35.62451],[139.74167,35.6249],[139.74231,35.625],[139.74258,35.62504],[139.74333,35.62513],[139.74411,35.62387],[139.74411,35.62386],[139.74443,35.62339],[139.74574,35.62313],[139.74622,35.62312],[139.74677,35.62324],[139.74915,35.62441],[139.75,35.62473],[139.75025,35.62482],[139.75028,35.62533],[139.75093,35.62578],[139.7509,35.62619],[139.75161,35.62623],[139.75199,35.62634],[139.75238,35.63111],[139.75242,35.63195],[139.75263,35.63442],[139.75307,35.63541],[139.75413,35.63749],[139.75484,35.63881],[139.75553,35.63905],[139.75879,35.63728],[139.75965,35.63678],[139.76043,35.63678],[139.76035,35.64498],[139.75908,35.64497],[139.75908,35.64541],[139.75931,35.64602],[139.7595,35.64693],[139.75979,35.64798],[139.76081,35.65092],[139.76067,35.65095],[139.76099,35.65187],[139.7613,35.65247],[139.7618,35.65213],[139.7625,35.65188],[139.76454,35.65573],[139.76453,35.65612],[139.76277,35.65709],[139.75948,35.65899],[139.75956,35.65939],[139.75992,35.6599],[139.76125,35.66154],[139.76296,35.66371],[139.76327,35.66415],[139.76324,35.66518],[139.76295,35.66591],[139.76255,35.66661],[139.762,35.66713],[139.76094,35.66754],[139.75892,35.6682],[139.75855,35.66859],[139.75807,35.66867],[139.75663,35.66911],[139.75432,35.6699],[139.75287,35.67026],[139.75113,35.67056],[139.74996,35.67083],[139.74919,35.67078],[139.7478,35.66962],[139.74748,35.66966],[139.74699,35.67006],[139.74696,35.6705],[139.74665,35.67047],[139.74535,35.67067],[139.7453,35.67099],[139.74366,35.67125],[139.74321,35.67143],[139.7399,35.67346],[139.73906,35.67403],[139.73876,35.6746],[139.73861,35.67516],[139.73822,35.67594],[139.73753,35.67687],[139.73722,35.67802],[139.73678,35.67887],[139.73533,35.67871],[139.73443,35.67875],[139.73383,35.67888],[139.73318,35.67953],[139.7328,35.68047],[139.73162,35.68134],[139.7315,35.6815]]],[[[139.77135,35.62314],[139.77142,35.62319],[139.77295,35.62425],[139.77377,35.62478],[139.77501,35.62551],[139.77792,35.62717],[139.78032,35.62842],[139.78238,35.62951],[139.78213,35.62978],[139.77701,35.63609],[139.77652,35.63626],[139.77313,35.63441],[139.77253,35.63451],[139.77245,35.63427],[139.7717,35.63446],[139.77137,35.63433],[139.77086,35.63307],[139.77266,35.63257],[139.77322,35.63395],[139.77478,35.63483],[139.77527,35.63457],[139.77568,35.63422],[139.77632,35.63347],[139.7771,35.63227],[139.77725,35.63175],[139.77717,35.63142],[139.77631,35.63105],[139.77534,35.6305],[139.77442,35.62988],[139.77404,35.62974],[139.77404,35.62937],[139.77287,35.62873],[139.77217,35.62826],[139.77139,35.62827],[139.77125,35.62802],[139.77069,35.62746],[139.76983,35.627],[139.76951,35.62692],[139.76873,35.62644],[139.77001,35.62489],[139.77135,35.62314]]],[[[139.76667,35.63298],[139.76724,35.6332],[139.76747,35.634],[139.76728,35.63417],[139.7668,35.63418],[139.76626,35.63433],[139.76601,35.63423],[139.76557,35.6332],[139.76654,35.63293],[139.76667,35.63298]]],[[[139.76613,35.62769],[139.76601,35.62744],[139.76649,35.62735],[139.76796,35.62926],[139.76767,35.62967],[139.76613,35.62769]]]]},"properties":{"code":"13103","name":"港区"}},{"type":"Feature","geometry":{"type":"Polygon","coordinates":[[[139.73075,35.68288],[139.73058,35.68333],[139.73032,35.68425],[139.73019,35.68466],[139.73013,35.6849],[139.73001,35.68538],[139.73028,35.68671],[139.73067,35.68754],[139.73096,35.68847],[139.73104,35.68876],[139.73118,35.68914],[139.73166,35.68962],[139.73208,35.6898],[139.73311,35.69037],[139.73399,35.69097],[139.73527,35.69167],[139.73615,35.69212],[139.73673,35.69251],[139.73757,35.69323],[139.73887,35.69469],[139.73998,35.69629],[139.74167,35.69846],[139.74304,35.70001],[139.74374,35.70085],[139.74412,35.70127],[139.74369,35.70163],[139.74448,35.70231],[139.74474,35.70225],[139.74479,35.70228],[139.74526,35.70252],[139.74587,35.70291],[139.74523,35.70329],[139.74485,35.70362],[139.74462,35.70407],[139.74425,35.7051],[139.74353,35.70744],[139.7434,35.70774],[139.74281,35.70813],[139.73872,35.70873],[139.73585,35.70918],[139.73548,35.70862],[139.73542,35.70822],[139.73467,35.70816],[139.7342,35.70821],[139.73404,35.70772],[139.73321,35.7077],[139.73288,35.70737],[139.73245,35.70739],[139.73168,35.70823],[139.73184,35.70927],[139.73116,35.70941],[139.73005,35.70941],[139.72859,35.70931],[139.72816,35.70949],[139.728,35.70989],[139.72742,35.70994],[139.72664,35.70959],[139.72599,35.70921],[139.72541,35.70943],[139.72502,35.70991],[139.72431,35.71015],[139.72326,35.71041],[139.7232,35.71092],[139.72229,35.71137],[139.72216,35.71187],[139.72251,35.71227],[139.722,35.71253],[139.72092,35.71243],[139.72056,35.71263],[139.72016,35.7123],[139.72001,35.71272],[139.71959,35.71277],[139.71912,35.71247],[139.71792,35.7127],[139.71689,35.71297],[139.71611,35.71374],[139.71588,35.71381],[139.71484,35.71328],[139.71441,35.71318],[139.71364,35.71358],[139.71329,35.71393],[139.71211,35.71476],[139.71166,35.71482],[139.71108,35.71465],[139.71092,35.71414],[139.71042,35.71346],[139.70912,35.71359],[139.70868,35.71382],[139.70735,35.71385],[139.70702,35.71364],[139.70627,35.71343],[139.70588,35.71344],[139.70536,35.7137],[139.70548,35.71414],[139.70539,35.71443],[139.70484,35.71456],[139.70456,35.71588],[139.70525,35.71631],[139.70538,35.71649],[139.70562,35.71739],[139.70594,35.71885],[139.7054,35.71905],[139.70501,35.71976],[139.70487,35.72044],[139.70537,35.72148],[139.70479,35.72188],[139.70416,35.72222],[139.7046,35.72301],[139.70344,35.72327],[139.70211,35.72346],[139.69982,35.72355],[139.69951,35.72298],[139.69897,35.72243],[139.69812,35.72219],[139.69714,35.72205],[139.69581,35.72208],[139.69573,35.72174],[139.69493,35.72183],[139.69394,35.72219],[139.69282,35.72233],[139.6894,35.7226],[139.68804,35.72261],[139.68665,35.72272],[139.68545,35.72268],[139.68441,35.72251],[139.68415,35.72379],[139.68272,35.72364],[139.6823,35.72458],[139.6821,35.72527],[139.68159,35.7266],[139.68135,35.72704],[139.6802,35.72778],[139.67908,35.72842],[139.67734,35.72937],[139.67702,35.72952],[139.67691,35.72845],[139.67656,35.72746],[139.67569,35.72584],[139.67536,35.72488],[139.67519,35.72371],[139.67554,35.72291],[139.67576,35.72195],[139.67556,35.72144],[139.67463,35.7215],[139.67434,35.7202],[139.67368,35.72026],[139.67349,35.71955],[139.67372,35.71928],[139.67344,35.71895],[139.67358,35.71862],[139.67523,35.71915],[139.67574,35.71948],[139.67627,35.71934],[139.67641,35.71966],[139.67721,35.71929],[139.6783,35.71824],[139.6791,35.71828],[139.67924,35.7172],[139.67969,35.71637],[139.67955,35.71565],[139.67929,35.71571],[139.67909,35.71524],[139.67927,35.7147],[139.67988,35.71419],[139.6803,35.71449],[139.6807,35.71449],[139.6807,35.71406],[139.68145,35.71401],[139.6815,35.71363],[139.68117,35.71359],[139.68117,35.71329],[139.68185,35.71316],[139.68162,35.71221],[139.68121,35.71176],[139.68034,35.71126],[139.6805,35.71116],[139.68147,35.71097],[139.68213,35.71068],[139.68278,35.71012],[139.68449,35.71049],[139.68786,35.71129],[139.68896,35.71144],[139.69008,35.71148],[139.69004,35.71083],[139.69105,35.71052],[139.69129,35.71053],[139.69153,35.71133],[139.69262,35.71086],[139.69273,35.71116],[139.69433,35.71104],[139.69399,35.71043],[139.69308,35.70963],[139.69204,35.70932],[139.69115,35.70867],[139.69042,35.70827],[139.6891,35.70762],[139.68869,35.70734],[139.68837,35.70691],[139.68816,35.70642],[139.68759,35.7045],[139.6875,35.70401],[139.6874,35.70222],[139.68745,35.70178],[139.68827,35.70031],[139.6884,35.69991],[139.68841,35.69933],[139.68829,35.69882],[139.68797,35.69826],[139.68707,35.69717],[139.68561,35.69421],[139.68482,35.69337],[139.68374,35.69261],[139.68399,35.69235],[139.68399,35.69199],[139.68419,35.69168],[139.68482,35.69142],[139.68474,35.69102],[139.68442,35.69037],[139.68406,35.69039],[139.68368,35.68972],[139.68335,35.68938],[139.68322,35.68872],[139.68381,35.68778],[139.68419,35.68756],[139.68598,35.68789],[139.68613,35.68729],[139.68592,35.68721],[139.68592,35.68647],[139.6858,35.68619],[139.68499,35.68588],[139.68518,35.68547],[139.68565,35.68379],[139.68594,35.68341],[139.68719,35.68199],[139.68767,35.68159],[139.68833,35.68199],[139.69026,35.68342],[139.69139,35.68408],[139.69284,35.68515],[139.69503,35.68665],[139.69648,35.68728],[139.6969,35.68741],[139.69891,35.6882],[139.70016,35.68863],[139.7002,35.68879],[139.7021,35.68917],[139.70234,35.68799],[139.70271,35.68777],[139.7046,35.68806],[139.70549,35.68813],[139.70578,35.68805],[139.70609,35.68755],[139.70619,35.68703],[139.70711,35.68615],[139.70727,35.68573],[139.70733,35.68461],[139.70741,35.68446],[139.70832,35.68418],[139.70901,35.6842],[139.71058,35.68339],[139.71141,35.68337],[139.7123,35.68271],[139.71322,35.68211],[139.71357,35.68177],[139.71479,35.68086],[139.71456,35.68023],[139.71291,35.67729],[139.71296,35.67622],[139.71289,35.67462],[139.71369,35.67462],[139.71486,35.67508],[139.71546,35.67389],[139.71616,35.67404],[139.71656,35.67343],[139.71667,35.67346],[139.71726,35.67362],[139.71872,35.67418],[139.71928,35.67441],[139.71974,35.67495],[139.71995,35.67532],[139.71989,35.67552],[139.71962,35.67666],[139.71986,35.67673],[139.71956,35.67741],[139.71994,35.67755],[139.71958,35.67831],[139.71975,35.67841],[139.71986,35.67841],[139.7199,35.6786],[139.72065,35.67913],[139.72116,35.67932],[139.72156,35.67885],[139.72258,35.67906],[139.72267,35.67856],[139.72273,35.67825],[139.72327,35.67856],[139.72323,35.67876],[139.72317,35.67903],[139.72385,35.67909],[139.72466,35.67932],[139.72514,35.67924],[139.72539,35.6791],[139.72623,35.67903],[139.7268,35.67942],[139.72751,35.68081],[139.72765,35.68151],[139.72783,35.68188],[139.72846,35.68281],[139.72956,35.68281],[139.72976,35.68249],[139.72983,35.6823],[139.73022,35.68173],[139.73071,35.68102],[139.73092,35.68115],[139.7315,35.6815],[139.731,35.68236],[139.73075,35.68288]]]},"properties":{"code":"13104","name":"新宿区"}},{"type":"Feature","geometry":{"type":"Polygon","coordinates":[[[139.74599,35.703],[139.74601,35.70301],[139.74671,35.70317],[139.74677,35.70312],[139.74802,35.70316],[139.74906,35.70312],[139.75,35.70291],[139.75081,35.70266],[139.75283,35.70251],[139.75412,35.70237],[139.75533,35.70212],[139.7572,35.70172],[139.75762,35.7017],[139.75833,35.70167],[139.76065,35.70164],[139.7613,35.70159],[139.76225,35.70126],[139.76291,35.70063],[139.76346,35.70033],[139.76602,35.69964],[139.76622,35.69973],[139.76638,35.6998],[139.76656,35.69987],[139.76729,35.70008],[139.76828,35.6997],[139.76834,35.69981],[139.76843,35.7],[139.7685,35.70014],[139.7673,35.70101],[139.76683,35.70149],[139.7664,35.70178],[139.76654,35.70211],[139.76677,35.70265],[139.76784,35.7026],[139.7681,35.70274],[139.76808,35.70308],[139.76807,35.70334],[139.76838,35.70345],[139.76875,35.70343],[139.76879,35.70343],[139.7691,35.70341],[139.76969,35.70338],[139.76998,35.70373],[139.7701,35.70459],[139.77013,35.70519],[139.77014,35.70535],[139.77016,35.70743],[139.77237,35.70722],[139.7724,35.70784],[139.77222,35.70835],[139.7713,35.7083],[139.77124,35.70899],[139.76971,35.70865],[139.76912,35.70867],[139.76869,35.70885],[139.76738,35.70871],[139.76662,35.70871],[139.76667,35.71047],[139.76823,35.71045],[139.76818,35.71098],[139.76765,35.71102],[139.76763,35.71297],[139.76722,35.71313],[139.76568,35.71359],[139.76562,35.71407],[139.76597,35.71454],[139.76601,35.71543],[139.76549,35.7165],[139.76511,35.71686],[139.76471,35.71693],[139.76451,35.71728],[139.76503,35.71761],[139.766,35.71659],[139.76687,35.71693],[139.76778,35.71571],[139.76868,35.71582],[139.76738,35.71791],[139.76715,35.71824],[139.76523,35.72025],[139.76326,35.72187],[139.76417,35.72406],[139.76437,35.72465],[139.7643,35.72523],[139.76492,35.72722],[139.76497,35.72757],[139.76466,35.72759],[139.76436,35.72847],[139.76388,35.72921],[139.76279,35.73075],[139.76224,35.73146],[139.76185,35.7315],[139.76094,35.73221],[139.75994,35.73158],[139.75855,35.73271],[139.75788,35.73282],[139.75639,35.73363],[139.75447,35.73461],[139.75362,35.73516],[139.75276,35.73506],[139.75105,35.73443],[139.75065,35.73445],[139.75019,35.7341],[139.75057,35.73392],[139.75031,35.73357],[139.74919,35.73287],[139.74864,35.73354],[139.74811,35.7335],[139.74677,35.73534],[139.74662,35.73506],[139.74504,35.73586],[139.74456,35.73576],[139.7441,35.73483],[139.74381,35.73452],[139.74312,35.73456],[139.74245,35.73379],[139.74332,35.73325],[139.74341,35.73283],[139.74147,35.73137],[139.7418,35.73103],[139.74149,35.73073],[139.74086,35.73036],[139.73952,35.73157],[139.73909,35.73185],[139.73887,35.73162],[139.73597,35.72935],[139.73687,35.72839],[139.73689,35.72791],[139.73725,35.72737],[139.73739,35.7269],[139.73633,35.72654],[139.73548,35.72618],[139.73604,35.7253],[139.73542,35.72524],[139.73522,35.72535],[139.73449,35.72507],[139.73415,35.72558],[139.73381,35.72543],[139.73292,35.7248],[139.7324,35.72468],[139.73242,35.72425],[139.73197,35.7241],[139.73115,35.72437],[139.731,35.7248],[139.73077,35.72486],[139.73058,35.72547],[139.72988,35.72628],[139.72916,35.72572],[139.7271,35.72684],[139.72649,35.72705],[139.7262,35.72658],[139.72584,35.72678],[139.72551,35.72665],[139.72481,35.72664],[139.72517,35.72602],[139.72429,35.72582],[139.72437,35.72552],[139.72275,35.72515],[139.72312,35.72442],[139.7232,35.72369],[139.72345,35.7224],[139.72404,35.72195],[139.72389,35.72143],[139.72435,35.72055],[139.72472,35.72001],[139.72321,35.71959],[139.72272,35.71897],[139.72221,35.71874],[139.72186,35.71896],[139.72128,35.71855],[139.72032,35.71841],[139.71953,35.71837],[139.719,35.71745],[139.71832,35.71776],[139.71802,35.71738],[139.71819,35.71686],[139.71783,35.71647],[139.7178,35.71589],[139.71747,35.71479],[139.71761,35.7145],[139.71981,35.71399],[139.72077,35.71357],[139.72239,35.71265],[139.72251,35.71227],[139.72216,35.71187],[139.72229,35.71137],[139.7232,35.71092],[139.72326,35.71041],[139.72431,35.71015],[139.72502,35.70991],[139.72541,35.70943],[139.72599,35.70921],[139.72664,35.70959],[139.72742,35.70994],[139.728,35.70989],[139.72816,35.70949],[139.72859,35.70931],[139.73005,35.70941],[139.73116,35.70941],[139.73184,35.70927],[139.73168,35.70823],[139.73245,35.70739],[139.73288,35.70737],[139.73321,35.7077],[139.73404,35.70772],[139.7342,35.70821],[139.73467,35.70816],[139.73542,35.70822],[139.73548,35.70862],[139.73585,35.70918],[139.73872,35.70873],[139.74281,35.70813],[139.7434,35.70774],[139.74353,35.70744],[139.74425,35.7051],[139.74462,35.70407],[139.74485,35.70362],[139.74523,35.70329],[139.74587,35.70291],[139.74599,35.703]]]},"properties":{"code":"13105","name":"文京区"}},{"type":"Feature","geometry":{"type":"Polygon","coordinates":[[[139.77135,35.70524],[139.77268,35.70513],[139.77303,35.70502],[139.77296,35.70444],[139.77295,35.70436],[139.77287,35.70373],[139.77279,35.70312],[139.7733,35.70307],[139.77361,35.70293],[139.77317,35.70188],[139.77327,35.70184],[139.77375,35.70167],[139.77425,35.70149],[139.77448,35.7014],[139.7746,35.70136],[139.77467,35.70133],[139.7751,35.70118],[139.77546,35.70105],[139.77664,35.70062],[139.77695,35.70059],[139.77844,35.70048],[139.77911,35.70043],[139.78009,35.70035],[139.78033,35.7],[139.7801,35.69875],[139.78009,35.69869],[139.78008,35.69807],[139.78031,35.69805],[139.78119,35.69798],[139.7817,35.69793],[139.78175,35.69793],[139.78266,35.69786],[139.78265,35.69777],[139.78263,35.69754],[139.78261,35.69728],[139.78255,35.6967],[139.78254,35.69657],[139.78341,35.69645],[139.78547,35.69578],[139.78892,35.6947],[139.7895,35.69603],[139.78995,35.69671],[139.7913,35.69817],[139.79201,35.69901],[139.79255,35.69976],[139.79348,35.70122],[139.79411,35.70271],[139.79484,35.70414],[139.79702,35.70778],[139.7994,35.71055],[139.80065,35.71179],[139.80142,35.71232],[139.80664,35.71743],[139.80732,35.71836],[139.80843,35.72037],[139.80908,35.72297],[139.80934,35.72434],[139.80953,35.72563],[139.80966,35.72683],[139.80972,35.72813],[139.80651,35.72861],[139.80213,35.7292],[139.80143,35.72925],[139.79787,35.72911],[139.79507,35.72897],[139.79495,35.72988],[139.79446,35.72989],[139.79444,35.73023],[139.79307,35.73027],[139.79269,35.73012],[139.7922,35.73056],[139.79235,35.73092],[139.79121,35.73122],[139.79057,35.73012],[139.78946,35.72874],[139.78853,35.72826],[139.78776,35.72797],[139.78679,35.72793],[139.78599,35.72769],[139.78446,35.72786],[139.78385,35.72741],[139.78326,35.72676],[139.78268,35.72652],[139.78223,35.72613],[139.78222,35.7254],[139.7817,35.72529],[139.78148,35.72508],[139.78146,35.72462],[139.78017,35.72461],[139.77912,35.72469],[139.77751,35.72493],[139.77674,35.72494],[139.77582,35.72557],[139.77517,35.72612],[139.77355,35.72669],[139.76977,35.72813],[139.76838,35.72778],[139.76817,35.72748],[139.76724,35.72739],[139.76605,35.72753],[139.76597,35.72796],[139.76547,35.72877],[139.76475,35.73014],[139.76399,35.73088],[139.76321,35.73119],[139.76279,35.73075],[139.76388,35.72921],[139.76436,35.72847],[139.76466,35.72759],[139.76497,35.72757],[139.76492,35.72722],[139.7643,35.72523],[139.76437,35.72465],[139.76417,35.72406],[139.76326,35.72187],[139.76523,35.72025],[139.76715,35.71824],[139.76738,35.71791],[139.76868,35.71582],[139.76778,35.71571],[139.76687,35.71693],[139.766,35.71659],[139.76503,35.71761],[139.76451,35.71728],[139.76471,35.71693],[139.76511,35.71686],[139.76549,35.7165],[139.76601,35.71543],[139.76597,35.71454],[139.76562,35.71407],[139.76568,35.71359],[139.76722,35.71313],[139.76763,35.71297],[139.76765,35.71102],[139.76818,35.71098],[139.76823,35.71045],[139.76667,35.71047],[139.76662,35.70871],[139.76738,35.70871],[139.76869,35.70885],[139.76912,35.70867],[139.76971,35.70865],[139.77124,35.70899],[139.7713,35.7083],[139.77222,35.70835],[139.7724,35.70784],[139.77237,35.70722],[139.77016,35.70743],[139.77014,35.70535],[139.77135,35.70524]]]},"properties":{"code":"13106","name":"台東区"}},{"type":"Feature","geometry":{"type":"Polygon","coordinates":[[[139.78872,35.69403],[139.78865,35.69339],[139.78872,35.69245],[139.78891,35.69167],[139.78891,35.69165],[139.78938,35.69065],[139.78965,35.69019],[139.7904,35.68929],[139.79242,35.6904],[139.7925,35.69076],[139.79348,35.69081],[139.79356,35.69001],[139.79505,35.69017],[139.79515,35.68963],[139.79639,35.68975],[139.79673,35.68854],[139.79917,35.68972],[139.79984,35.68936],[139.80049,35.6883],[139.80481,35.6885],[139.805,35.68678],[139.80947,35.68699],[139.80938,35.68844],[139.81188,35.68856],[139.81147,35.69191],[139.81345,35.69199],[139.81339,35.69267],[139.81969,35.69303],[139.81945,35.69647],[139.81928,35.69938],[139.8191,35.70175],[139.81878,35.70634],[139.81869,35.70801],[139.82035,35.70734],[139.8231,35.70629],[139.82525,35.70544],[139.82681,35.70478],[139.82886,35.70403],[139.83068,35.70301],[139.83193,35.70291],[139.83466,35.70289],[139.8354,35.70302],[139.8348,35.70368],[139.83439,35.70473],[139.83455,35.70529],[139.8349,35.70583],[139.83564,35.70669],[139.83742,35.7082],[139.83888,35.70915],[139.8395,35.70981],[139.83961,35.71035],[139.83931,35.71087],[139.83882,35.7112],[139.8382,35.71148],[139.83597,35.7122],[139.83536,35.71254],[139.83417,35.71344],[139.83363,35.71402],[139.83316,35.7151],[139.83316,35.71576],[139.83375,35.71677],[139.83416,35.71716],[139.83477,35.71757],[139.8355,35.71787],[139.8361,35.71797],[139.83677,35.71796],[139.83793,35.71768],[139.83859,35.71744],[139.83905,35.71711],[139.84025,35.71783],[139.84215,35.71931],[139.83711,35.72396],[139.83464,35.72633],[139.83113,35.72986],[139.82977,35.73118],[139.82842,35.7326],[139.82481,35.73648],[139.82382,35.73771],[139.82106,35.7422],[139.82036,35.74343],[139.81811,35.74262],[139.81725,35.74209],[139.81658,35.74146],[139.81602,35.74076],[139.81525,35.7396],[139.8145,35.7388],[139.81466,35.73786],[139.81459,35.73722],[139.81415,35.73621],[139.81368,35.73563],[139.8122,35.73396],[139.81139,35.73298],[139.81093,35.73216],[139.81058,35.7314],[139.81003,35.72986],[139.80983,35.72894],[139.80972,35.72813],[139.80966,35.72683],[139.80953,35.72563],[139.80934,35.72434],[139.80908,35.72297],[139.80843,35.72037],[139.80732,35.71836],[139.80664,35.71743],[139.80142,35.71232],[139.80065,35.71179],[139.7994,35.71055],[139.79702,35.70778],[139.79484,35.70414],[139.79411,35.70271],[139.79348,35.70122],[139.79255,35.69976],[139.79201,35.69901],[139.7913,35.69817],[139.78995,35.69671],[139.7895,35.69603],[139.78892,35.6947],[139.78872,35.69403]]]},"properties":{"code":"13107","name":"墨田区"}},{"type":"Feature","geometry":{"type":"MultiPolygon","coordinates":[[[[139.78333,35.63945],[139.79014,35.64313],[139.78989,35.64352],[139.78593,35.64138],[139.78227,35.63938],[139.78254,35.63902],[139.78333,35.63945]]],[[[139.79167,35.64395],[139.79686,35.64681],[139.79646,35.64708],[139.79093,35.64409],[139.79086,35.64384],[139.79125,35.64373],[139.79167,35.64395]]],[[[139.825,35.64009],[139.82616,35.64263],[139.82286,35.64232],[139.82296,35.64168],[139.82044,35.63909],[139.82116,35.63406],[139.82555,35.63448],[139.82512,35.63746],[139.83277,35.63821],[139.83295,35.64036],[139.82483,35.63958],[139.825,35.64009]]],[[[139.79167,35.61728],[139.79438,35.61394],[139.79488,35.61379],[139.7957,35.61538],[139.79604,35.61526],[139.79701,35.61718],[139.79742,35.61704],[139.79792,35.61773],[139.79654,35.61899],[139.79667,35.61924],[139.79551,35.62024],[139.79573,35.62043],[139.79256,35.62434],[139.78988,35.62762],[139.78529,35.62513],[139.78594,35.62432],[139.79167,35.61728]]],[[[139.80443,35.59764],[139.80378,35.59842],[139.79759,35.59507],[139.79343,35.5928],[139.79448,35.59218],[139.79994,35.59523],[139.80443,35.59764]]],[[[139.78032,35.62842],[139.77792,35.62717],[139.77501,35.62551],[139.77377,35.62478],[139.77295,35.62425],[139.77142,35.62319],[139.77135,35.62314],[139.77231,35.62188],[139.7736,35.62031],[139.77344,35.62027],[139.77425,35.61927],[139.77289,35.61853],[139.77317,35.6185],[139.775,35.61625],[139.77713,35.61362],[139.78673,35.60184],[139.78705,35.6021],[139.79034,35.60652],[139.79022,35.60681],[139.79085,35.6072],[139.79263,35.60958],[139.78099,35.62388],[139.78466,35.62586],[139.78495,35.62635],[139.78238,35.62951],[139.78032,35.62842]]],[[[139.79167,35.594],[139.8013,35.59922],[139.8187,35.60867],[139.81894,35.60888],[139.81059,35.61318],[139.80269,35.60891],[139.80003,35.60746],[139.79978,35.6072],[139.79895,35.60687],[139.79855,35.60707],[139.7959,35.60353],[139.79619,35.60339],[139.79499,35.60178],[139.79509,35.60149],[139.7944,35.601],[139.79413,35.60114],[139.79114,35.59713],[139.79142,35.597],[139.79026,35.59545],[139.79149,35.59395],[139.79167,35.594]]],[[[139.82706,35.59694],[139.82032,35.6074],[139.81512,35.60458],[139.80985,35.60171],[139.8056,35.59941],[139.80744,35.59714],[139.8102,35.59376],[139.81286,35.59047],[139.81355,35.58966],[139.825,35.59587],[139.82706,35.59694]]],[[[139.83333,35.61525],[139.83545,35.61266],[139.83552,35.61249],[139.8386,35.61416],[139.84011,35.63207],[139.83911,35.63198],[139.83922,35.63125],[139.83711,35.63104],[139.83701,35.63177],[139.82585,35.6307],[139.82742,35.6198],[139.82941,35.61999],[139.83171,35.62124],[139.83294,35.61974],[139.83063,35.61849],[139.83245,35.61627],[139.82816,35.61208],[139.82814,35.61198],[139.83249,35.61623],[139.83333,35.61525]]],[[[139.84554,35.65672],[139.84569,35.65833],[139.84588,35.66091],[139.846,35.6626],[139.84608,35.66361],[139.8463,35.66667],[139.84639,35.66791],[139.8465,35.66991],[139.84689,35.67385],[139.84733,35.6761],[139.84778,35.67787],[139.84823,35.67913],[139.84564,35.68114],[139.84551,35.68129],[139.8466,35.68307],[139.84638,35.68338],[139.84647,35.68399],[139.84708,35.68637],[139.84759,35.68809],[139.84776,35.68925],[139.84789,35.69055],[139.84783,35.69256],[139.84771,35.69497],[139.84637,35.69698],[139.84566,35.69793],[139.84511,35.69856],[139.84453,35.69908],[139.84381,35.69954],[139.84265,35.70007],[139.84075,35.70087],[139.83804,35.70184],[139.83625,35.70258],[139.8354,35.70302],[139.83466,35.70289],[139.83193,35.70291],[139.83068,35.70301],[139.82886,35.70403],[139.82681,35.70478],[139.82525,35.70544],[139.8231,35.70629],[139.82035,35.70734],[139.81869,35.70801],[139.81878,35.70634],[139.8191,35.70175],[139.81928,35.69938],[139.81945,35.69647],[139.81969,35.69303],[139.81339,35.69267],[139.81345,35.69199],[139.81147,35.69191],[139.81188,35.68856],[139.80938,35.68844],[139.80947,35.68699],[139.805,35.68678],[139.80481,35.6885],[139.80049,35.6883],[139.79984,35.68936],[139.79917,35.68972],[139.79673,35.68854],[139.79639,35.68975],[139.79515,35.68963],[139.79505,35.69017],[139.79356,35.69001],[139.79348,35.69081],[139.7925,35.69076],[139.79242,35.6904],[139.7904,35.68929],[139.79167,35.68796],[139.79209,35.68747],[139.79237,35.68711],[139.79265,35.68647],[139.79275,35.686],[139.79274,35.68515],[139.79264,35.68437],[139.79239,35.68349],[139.79186,35.68257],[139.79114,35.68171],[139.78908,35.67916],[139.78869,35.67852],[139.78786,35.67698],[139.78753,35.67616],[139.78729,35.6751],[139.78718,35.67451],[139.78712,35.67391],[139.78717,35.67228],[139.7873,35.67147],[139.78754,35.67062],[139.78795,35.66969],[139.78876,35.66741],[139.78895,35.66654],[139.78907,35.66564],[139.78917,35.66362],[139.78909,35.66226],[139.78912,35.66075],[139.78923,35.65915],[139.78937,35.65823],[139.78951,35.65699],[139.78959,35.65626],[139.79069,35.65635],[139.79091,35.65491],[139.79163,35.65529],[139.79183,35.65508],[139.79092,35.65464],[139.79095,35.65438],[139.79242,35.65293],[139.78967,35.65108],[139.78935,35.65111],[139.7869,35.64945],[139.7866,35.6495],[139.77613,35.64241],[139.77609,35.64203],[139.7788,35.63937],[139.78016,35.63935],[139.78571,35.64237],[139.78896,35.64411],[139.7947,35.64722],[139.79509,35.64834],[139.79312,35.65029],[139.79399,35.65083],[139.79456,35.65026],[139.79483,35.65043],[139.79549,35.64968],[139.79676,35.64843],[139.79769,35.64786],[139.79767,35.64774],[139.79809,35.64474],[139.79747,35.64398],[139.79588,35.64312],[139.79444,35.6449],[139.78437,35.63944],[139.78414,35.6385],[139.78263,35.63769],[139.78197,35.63851],[139.78128,35.63878],[139.78108,35.63873],[139.77959,35.63793],[139.77909,35.63773],[139.77873,35.63745],[139.77872,35.63712],[139.78178,35.63336],[139.78185,35.6334],[139.78493,35.62961],[139.78539,35.62971],[139.78733,35.62733],[139.79202,35.62987],[139.79629,35.62463],[139.79857,35.62182],[139.79886,35.62176],[139.80219,35.62622],[139.80033,35.63106],[139.80149,35.63281],[139.80137,35.63636],[139.80699,35.6369],[139.80688,35.63798],[139.80638,35.6414],[139.80614,35.64267],[139.80633,35.64279],[139.80604,35.64488],[139.80637,35.64521],[139.80719,35.64529],[139.80737,35.6455],[139.80917,35.64568],[139.8091,35.64519],[139.80861,35.64488],[139.80879,35.64368],[139.80772,35.64334],[139.80812,35.64046],[139.82042,35.64163],[139.82167,35.64294],[139.82278,35.64295],[139.82491,35.64315],[139.83448,35.64407],[139.83368,35.63463],[139.82125,35.63344],[139.82154,35.63153],[139.82167,35.63198],[139.82458,35.63228],[139.82772,35.63253],[139.82894,35.63267],[139.83206,35.63296],[139.83373,35.63308],[139.83657,35.63336],[139.83677,35.63355],[139.84025,35.63389],[139.84098,35.64298],[139.84137,35.64792],[139.84162,35.64949],[139.84173,35.65075],[139.84194,35.65082],[139.84211,35.65131],[139.84227,35.65264],[139.84222,35.65329],[139.84255,35.6534],[139.84262,35.65436],[139.84273,35.65491],[139.84282,35.65608],[139.84296,35.65682],[139.84554,35.65672]]],[[[139.81769,35.61754],[139.82196,35.61924],[139.82192,35.61931],[139.81772,35.61763],[139.81769,35.61754]]],[[[139.8192,35.60894],[139.81937,35.60899],[139.82432,35.60994],[139.8243,35.61001],[139.81934,35.60905],[139.8192,35.60894]]]]},"properties":{"code":"13108","name":"江東区"}},{"type":"Feature","geometry":{"type":"MultiPolygon","coordinates":[[[[139.74947,35.58886],[139.75026,35.589],[139.75027,35.58935],[139.75107,35.58932],[139.75601,35.58925],[139.75596,35.58658],[139.75597,35.58493],[139.75722,35.58496],[139.76257,35.58501],[139.76257,35.58658],[139.76246,35.58968],[139.76287,35.58972],[139.76256,35.59461],[139.76416,35.59454],[139.76418,35.59466],[139.76542,35.59448],[139.7668,35.59257],[139.76902,35.59366],[139.77156,35.59498],[139.77315,35.59576],[139.76473,35.60703],[139.76348,35.60872],[139.76388,35.60892],[139.76195,35.61465],[139.76146,35.61456],[139.76096,35.61509],[139.76047,35.61505],[139.76014,35.61536],[139.76028,35.6158],[139.758,35.61767],[139.75744,35.61767],[139.75745,35.61699],[139.75637,35.61701],[139.75636,35.61766],[139.75302,35.61765],[139.75254,35.61285],[139.75244,35.61167],[139.75182,35.60542],[139.75167,35.60469],[139.749,35.60073],[139.74899,35.6001],[139.74883,35.59857],[139.74864,35.5959],[139.74868,35.59534],[139.74854,35.59428],[139.74869,35.59364],[139.74843,35.59193],[139.74911,35.59219],[139.74968,35.59195],[139.75018,35.59135],[139.74996,35.5909],[139.75017,35.59066],[139.75005,35.59013],[139.75011,35.58965],[139.74993,35.5894],[139.74935,35.58921],[139.74947,35.58886]]],[[[139.75,35.62473],[139.74915,35.62441],[139.74677,35.62324],[139.74622,35.62312],[139.74574,35.62313],[139.74443,35.62339],[139.74411,35.62386],[139.74411,35.62387],[139.74333,35.62513],[139.74258,35.62504],[139.74231,35.625],[139.74167,35.6249],[139.73925,35.62451],[139.7384,35.62456],[139.73779,35.62453],[139.73776,35.62414],[139.7373,35.62377],[139.73751,35.62345],[139.73666,35.62308],[139.7354,35.6232],[139.73482,35.62455],[139.7347,35.62469],[139.73454,35.625],[139.73412,35.62579],[139.73395,35.62611],[139.73338,35.62604],[139.73287,35.62598],[139.7321,35.62603],[139.73123,35.62633],[139.73115,35.62648],[139.73115,35.62669],[139.73133,35.62707],[139.73131,35.62762],[139.73152,35.62871],[139.73101,35.62881],[139.73094,35.63014],[139.73086,35.63041],[139.73065,35.6307],[139.72999,35.63121],[139.72987,35.6313],[139.7294,35.63127],[139.72931,35.6312],[139.72913,35.63137],[139.72883,35.63165],[139.7287,35.63207],[139.72886,35.63265],[139.72831,35.63284],[139.72779,35.63195],[139.72773,35.6319],[139.72767,35.6319],[139.72709,35.63206],[139.72674,35.63237],[139.72679,35.63262],[139.72633,35.63286],[139.72681,35.63415],[139.72656,35.63453],[139.726,35.63503],[139.725,35.6353],[139.7242,35.63543],[139.72416,35.63544],[139.72338,35.63559],[139.72246,35.63586],[139.72217,35.63587],[139.72206,35.63558],[139.72164,35.63537],[139.7212,35.63499],[139.72079,35.63496],[139.72066,35.63496],[139.71996,35.63458],[139.7191,35.63476],[139.71866,35.63516],[139.71818,35.63509],[139.71783,35.63505],[139.71767,35.63544],[139.71766,35.6358],[139.7179,35.63588],[139.71784,35.63604],[139.71821,35.63646],[139.71755,35.63725],[139.71755,35.63737],[139.71745,35.63759],[139.71733,35.63782],[139.71693,35.63809],[139.71668,35.63826],[139.71669,35.63907],[139.71669,35.63908],[139.71676,35.63963],[139.7169,35.63996],[139.71776,35.64029],[139.71806,35.64067],[139.71862,35.64095],[139.71897,35.64109],[139.71973,35.64143],[139.71967,35.64148],[139.71943,35.64167],[139.7192,35.64185],[139.71868,35.64165],[139.71764,35.64166],[139.71765,35.64127],[139.7163,35.64083],[139.71534,35.64038],[139.71461,35.63857],[139.7143,35.63827],[139.71366,35.63797],[139.71323,35.63755],[139.71377,35.63543],[139.7144,35.63428],[139.71446,35.63345],[139.71422,35.63261],[139.71447,35.63214],[139.71443,35.63117],[139.71482,35.62978],[139.71429,35.62946],[139.71463,35.62905],[139.7117,35.62796],[139.71181,35.62767],[139.71082,35.62736],[139.71025,35.627],[139.70907,35.62638],[139.7084,35.62616],[139.7075,35.6262],[139.70713,35.62547],[139.70604,35.62541],[139.70518,35.6252],[139.70402,35.62471],[139.70377,35.62505],[139.70251,35.62483],[139.70231,35.62549],[139.70191,35.62559],[139.70147,35.6259],[139.70061,35.62589],[139.69942,35.62562],[139.69848,35.62561],[139.69787,35.62528],[139.69744,35.62524],[139.69635,35.62497],[139.69614,35.62481],[139.69677,35.62459],[139.69771,35.62444],[139.69829,35.62415],[139.69973,35.62373],[139.70065,35.6235],[139.70164,35.62315],[139.70245,35.62249],[139.70399,35.62188],[139.70372,35.62148],[139.70317,35.6216],[139.70267,35.62144],[139.70238,35.62073],[139.70259,35.62051],[139.70238,35.62013],[139.70158,35.61928],[139.69994,35.61742],[139.69963,35.61694],[139.69898,35.61616],[139.69874,35.61604],[139.69816,35.61528],[139.69774,35.61498],[139.69638,35.61418],[139.69582,35.61343],[139.69558,35.61228],[139.69575,35.61053],[139.69559,35.60944],[139.69581,35.60895],[139.69543,35.60892],[139.69555,35.60831],[139.69539,35.60749],[139.69584,35.60666],[139.69611,35.6063],[139.69679,35.60513],[139.69821,35.60358],[139.6986,35.60324],[139.69953,35.6026],[139.70107,35.60141],[139.70429,35.6012],[139.70621,35.60111],[139.71003,35.60082],[139.71164,35.60067],[139.71288,35.60049],[139.71444,35.59999],[139.71473,35.59961],[139.7146,35.59914],[139.71421,35.59907],[139.71469,35.59751],[139.71517,35.59725],[139.71534,35.59692],[139.71642,35.59672],[139.71737,35.59638],[139.71758,35.59617],[139.71763,35.59576],[139.71787,35.5952],[139.71787,35.59457],[139.71805,35.59457],[139.71815,35.59401],[139.71895,35.59283],[139.71895,35.59217],[139.71918,35.59185],[139.72033,35.5924],[139.72054,35.59329],[139.72109,35.59429],[139.72184,35.59437],[139.72345,35.59429],[139.72437,35.5942],[139.72679,35.59435],[139.72681,35.59395],[139.72824,35.59438],[139.72899,35.59378],[139.7289,35.59271],[139.73055,35.59216],[139.72934,35.59015],[139.72893,35.58883],[139.7297,35.58857],[139.72966,35.5882],[139.73011,35.58737],[139.73294,35.58751],[139.73469,35.58745],[139.73587,35.58737],[139.73594,35.58805],[139.73714,35.58812],[139.73717,35.58781],[139.73879,35.58791],[139.74522,35.58975],[139.74654,35.59017],[139.74634,35.59063],[139.74663,35.59113],[139.74671,35.59219],[139.74696,35.59219],[139.74717,35.59471],[139.7472,35.59601],[139.74762,35.60134],[139.74779,35.60173],[139.74764,35.60196],[139.74772,35.60272],[139.74841,35.60275],[139.74908,35.60369],[139.75046,35.60577],[139.75073,35.60649],[139.75081,35.6073],[139.75049,35.60738],[139.75084,35.61109],[139.75109,35.61345],[139.75157,35.61834],[139.7515,35.61834],[139.75161,35.62129],[139.75217,35.62153],[139.75217,35.62215],[139.75168,35.62218],[139.75183,35.62475],[139.75023,35.62456],[139.75025,35.62482],[139.75,35.62473]]],[[[139.76873,35.62644],[139.76759,35.62579],[139.76766,35.62208],[139.76817,35.62149],[139.76848,35.62172],[139.76878,35.62146],[139.76844,35.62119],[139.77063,35.61874],[139.77344,35.62027],[139.7736,35.62031],[139.77231,35.62188],[139.77135,35.62314],[139.77001,35.62489],[139.76873,35.62644]]],[[[139.75351,35.62405],[139.75336,35.62212],[139.75292,35.62214],[139.75287,35.62142],[139.75331,35.6214],[139.7532,35.61988],[139.75321,35.619],[139.7594,35.61904],[139.75939,35.61935],[139.75975,35.61935],[139.75941,35.628],[139.75743,35.62793],[139.75755,35.62409],[139.75465,35.62402],[139.75351,35.62405]]]]},"properties":{"code":"13109","name":"品川区"}},{"type":"Feature","geometry":{"type":"Polygon","coordinates":[[[139.71764,35.64166],[139.71729,35.64165],[139.71653,35.642],[139.71613,35.64239],[139.71593,35.64224],[139.71547,35.6426],[139.71524,35.64262],[139.71304,35.64232],[139.71189,35.64209],[139.71063,35.64193],[139.71033,35.64146],[139.70862,35.64201],[139.70753,35.64269],[139.7073,35.64295],[139.70644,35.64358],[139.70547,35.64413],[139.70415,35.64497],[139.70244,35.64621],[139.70178,35.64664],[139.70108,35.64724],[139.6997,35.64809],[139.6987,35.64886],[139.69687,35.65046],[139.69589,35.65068],[139.696,35.65117],[139.69528,35.65158],[139.69496,35.65214],[139.69289,35.65396],[139.69114,35.65665],[139.69077,35.65705],[139.69021,35.65788],[139.68919,35.65895],[139.68879,35.65891],[139.68814,35.66007],[139.6883,35.66019],[139.68801,35.66083],[139.68733,35.66157],[139.68659,35.662],[139.68593,35.66219],[139.68527,35.66259],[139.68381,35.66294],[139.68299,35.66287],[139.68204,35.66304],[139.68045,35.66362],[139.67966,35.66382],[139.67788,35.66395],[139.67646,35.66384],[139.67544,35.66382],[139.675,35.66388],[139.67587,35.66302],[139.67602,35.66222],[139.67624,35.66149],[139.67705,35.66062],[139.6785,35.65868],[139.67898,35.65815],[139.6795,35.65733],[139.68047,35.65668],[139.68067,35.65663],[139.68078,35.656],[139.68099,35.65568],[139.68159,35.65521],[139.68316,35.65373],[139.68421,35.65227],[139.68425,35.65148],[139.68459,35.65135],[139.68457,35.6501],[139.68422,35.64981],[139.68391,35.6492],[139.68402,35.64833],[139.68402,35.64772],[139.68441,35.64724],[139.68465,35.64648],[139.68472,35.64578],[139.6843,35.64377],[139.68455,35.64324],[139.68491,35.6422],[139.6853,35.64157],[139.68608,35.64054],[139.68596,35.64034],[139.68614,35.6397],[139.68633,35.63968],[139.68637,35.63897],[139.68609,35.63804],[139.68539,35.63697],[139.68487,35.63607],[139.68452,35.63559],[139.68407,35.6346],[139.68424,35.63425],[139.68329,35.633],[139.68204,35.63113],[139.68134,35.62983],[139.68064,35.62808],[139.67983,35.62622],[139.6796,35.62507],[139.67797,35.62535],[139.67721,35.62644],[139.6764,35.62725],[139.67597,35.62753],[139.67421,35.62853],[139.67242,35.62936],[139.67199,35.62971],[139.66815,35.63092],[139.66601,35.63138],[139.66415,35.6319],[139.66385,35.63194],[139.66148,35.63171],[139.66226,35.63023],[139.66225,35.62967],[139.662,35.62888],[139.66213,35.62812],[139.66181,35.62748],[139.66291,35.62718],[139.66349,35.6267],[139.6636,35.62569],[139.66382,35.62432],[139.6641,35.62363],[139.66448,35.62307],[139.66531,35.62228],[139.66562,35.62176],[139.66576,35.62113],[139.66615,35.621],[139.66568,35.6207],[139.66589,35.62038],[139.66637,35.61915],[139.6665,35.61853],[139.66477,35.61827],[139.66474,35.61781],[139.66453,35.61743],[139.66487,35.61673],[139.66389,35.61609],[139.66384,35.61583],[139.66322,35.61566],[139.66285,35.61427],[139.66267,35.6134],[139.66264,35.6128],[139.66314,35.61254],[139.66277,35.61225],[139.66268,35.61197],[139.66314,35.61191],[139.66317,35.61119],[139.66359,35.61092],[139.66324,35.61051],[139.66334,35.61026],[139.66377,35.60984],[139.66352,35.60963],[139.66289,35.60942],[139.66334,35.60911],[139.66319,35.60874],[139.66341,35.60853],[139.66511,35.60749],[139.66573,35.6072],[139.66749,35.60659],[139.66851,35.60651],[139.66967,35.60691],[139.67257,35.60795],[139.67325,35.60815],[139.67521,35.60836],[139.6761,35.60834],[139.67672,35.6082],[139.67726,35.60794],[139.67761,35.60747],[139.6786,35.60671],[139.67882,35.60615],[139.6793,35.60558],[139.67954,35.60381],[139.6797,35.60381],[139.67983,35.60295],[139.68026,35.60289],[139.6804,35.60132],[139.68028,35.60067],[139.68069,35.60086],[139.68059,35.60161],[139.68073,35.60308],[139.68041,35.6044],[139.68145,35.6045],[139.68179,35.60529],[139.68191,35.60574],[139.68238,35.60584],[139.68279,35.60559],[139.68409,35.60539],[139.68476,35.60534],[139.68491,35.60634],[139.68503,35.60645],[139.68502,35.60732],[139.68454,35.60733],[139.6847,35.60935],[139.68444,35.61033],[139.684,35.61309],[139.68427,35.61321],[139.68469,35.61278],[139.68553,35.61209],[139.68613,35.61168],[139.68703,35.61162],[139.68782,35.61132],[139.68839,35.61118],[139.69057,35.61116],[139.6913,35.61093],[139.69271,35.60998],[139.69383,35.60927],[139.69469,35.60854],[139.69504,35.60816],[139.69539,35.60749],[139.69555,35.60831],[139.69543,35.60892],[139.69581,35.60895],[139.69559,35.60944],[139.69575,35.61053],[139.69558,35.61228],[139.69582,35.61343],[139.69638,35.61418],[139.69774,35.61498],[139.69816,35.61528],[139.69874,35.61604],[139.69898,35.61616],[139.69963,35.61694],[139.69994,35.61742],[139.70158,35.61928],[139.70238,35.62013],[139.70259,35.62051],[139.70238,35.62073],[139.70267,35.62144],[139.70317,35.6216],[139.70372,35.62148],[139.70399,35.62188],[139.70245,35.62249],[139.70164,35.62315],[139.70065,35.6235],[139.69973,35.62373],[139.69829,35.62415],[139.69771,35.62444],[139.69677,35.62459],[139.69614,35.62481],[139.69635,35.62497],[139.69744,35.62524],[139.69787,35.62528],[139.69848,35.62561],[139.69942,35.62562],[139.70061,35.62589],[139.70147,35.6259],[139.70191,35.62559],[139.70231,35.62549],[139.70251,35.62483],[139.70377,35.62505],[139.70402,35.62471],[139.70518,35.6252],[139.70604,35.62541],[139.70713,35.62547],[139.7075,35.6262],[139.7084,35.62616],[139.70907,35.62638],[139.71025,35.627],[139.71082,35.62736],[139.71181,35.62767],[139.7117,35.62796],[139.71463,35.62905],[139.71429,35.62946],[139.71482,35.62978],[139.71443,35.63117],[139.71447,35.63214],[139.71422,35.63261],[139.71446,35.63345],[139.7144,35.63428],[139.71377,35.63543],[139.71323,35.63755],[139.71366,35.63797],[139.7143,35.63827],[139.71461,35.63857],[139.71534,35.64038],[139.7163,35.64083],[139.71765,35.64127],[139.71764,35.64166]]]},"properties":{"code":"13110","name":"目黒区"}},{"type":"Feature","geometry":{"type":"MultiPolygon","coordinates":[[[[139.80732,35.53093],[139.81076,35.52832],[139.81096,35.5282],[139.82603,35.54157],[139.82309,35.54384],[139.8198,35.54238],[139.80709,35.53111],[139.80732,35.53093]]],[[[139.75833,35.56878],[139.75848,35.56844],[139.76561,35.5649],[139.77217,35.57279],[139.77246,35.57276],[139.77371,35.57432],[139.77379,35.57458],[139.77347,35.57488],[139.76643,35.5749],[139.76643,35.57509],[139.76456,35.57509],[139.76423,35.57491],[139.76414,35.5746],[139.76361,35.57444],[139.76361,35.57482],[139.76308,35.57445],[139.75761,35.57446],[139.75714,35.5715],[139.75833,35.56878]]],[[[139.69539,35.60749],[139.69504,35.60816],[139.69469,35.60854],[139.69383,35.60927],[139.69271,35.60998],[139.6913,35.61093],[139.69057,35.61116],[139.68839,35.61118],[139.68782,35.61132],[139.68703,35.61162],[139.68613,35.61168],[139.68553,35.61209],[139.68469,35.61278],[139.68427,35.61321],[139.684,35.61309],[139.68444,35.61033],[139.6847,35.60935],[139.68454,35.60733],[139.68502,35.60732],[139.68503,35.60645],[139.68491,35.60634],[139.68476,35.60534],[139.68409,35.60539],[139.68279,35.60559],[139.68238,35.60584],[139.68191,35.60574],[139.68179,35.60529],[139.68145,35.6045],[139.68041,35.6044],[139.68073,35.60308],[139.68059,35.60161],[139.68069,35.60086],[139.68028,35.60067],[139.68019,35.60012],[139.68033,35.59937],[139.68045,35.59813],[139.68079,35.59792],[139.68034,35.59746],[139.68068,35.59649],[139.68069,35.59496],[139.68062,35.59486],[139.67865,35.59355],[139.67682,35.59245],[139.67565,35.59179],[139.6743,35.59377],[139.67378,35.59441],[139.67071,35.59796],[139.66967,35.5991],[139.66879,35.59822],[139.66809,35.59853],[139.66815,35.59889],[139.66741,35.59896],[139.66684,35.59893],[139.66689,35.59955],[139.66628,35.5995],[139.66547,35.59924],[139.66507,35.59897],[139.66477,35.59915],[139.6644,35.59967],[139.66393,35.59938],[139.66341,35.59876],[139.663,35.59851],[139.66263,35.59843],[139.66124,35.59931],[139.66086,35.59973],[139.6599,35.59997],[139.65895,35.59967],[139.6588,35.59927],[139.65829,35.5992],[139.6579,35.59899],[139.65753,35.59898],[139.65709,35.59825],[139.65644,35.59785],[139.65674,35.59749],[139.65616,35.59709],[139.65578,35.59647],[139.65497,35.59685],[139.65414,35.59713],[139.65381,35.59733],[139.65297,35.59594],[139.65324,35.59564],[139.65433,35.59522],[139.65413,35.59482],[139.65462,35.59462],[139.65489,35.59497],[139.65558,35.59468],[139.65533,35.59421],[139.65569,35.59401],[139.65598,35.59451],[139.65819,35.59352],[139.65809,35.59331],[139.65705,35.59342],[139.65609,35.59176],[139.65556,35.59076],[139.65514,35.59015],[139.65629,35.58973],[139.65684,35.58969],[139.65864,35.58979],[139.6588,35.58943],[139.65987,35.58951],[139.6599,35.58967],[139.66222,35.58985],[139.66333,35.58987],[139.6638,35.58981],[139.66441,35.58957],[139.66609,35.58826],[139.66729,35.58718],[139.66775,35.58658],[139.66871,35.58559],[139.66931,35.58472],[139.67013,35.58261],[139.67082,35.58045],[139.67104,35.57925],[139.67126,35.57852],[139.6725,35.57552],[139.674,35.57206],[139.67555,35.56798],[139.67599,35.56688],[139.67641,35.56604],[139.6771,35.56504],[139.67823,35.56355],[139.67879,35.56299],[139.68082,35.56162],[139.68155,35.56119],[139.68284,35.56057],[139.68381,35.56016],[139.68609,35.55937],[139.68802,35.55833],[139.68896,35.55766],[139.68962,35.55729],[139.69045,35.55696],[139.69207,35.55665],[139.69383,35.5565],[139.69668,35.5563],[139.69778,35.55613],[139.69987,35.5554],[139.70088,35.55489],[139.70194,35.55421],[139.70308,35.55332],[139.70374,35.55261],[139.70418,35.55183],[139.70423,35.55117],[139.70407,35.55047],[139.70353,35.54941],[139.70302,35.54892],[139.70178,35.54823],[139.70078,35.54745],[139.69983,35.54655],[139.69845,35.5454],[139.69794,35.54466],[139.69776,35.54376],[139.69779,35.5424],[139.69794,35.54145],[139.69883,35.53975],[139.69943,35.5389],[139.69993,35.53836],[139.70074,35.53777],[139.70223,35.53703],[139.70379,35.53649],[139.70479,35.53629],[139.70574,35.53625],[139.70901,35.53638],[139.71075,35.53654],[139.71445,35.53736],[139.71595,35.53767],[139.7173,35.538],[139.7182,35.5383],[139.71866,35.53854],[139.71951,35.53912],[139.72111,35.54055],[139.72237,35.54151],[139.72432,35.54265],[139.72611,35.54347],[139.72656,35.54357],[139.72761,35.54357],[139.72871,35.54336],[139.73036,35.54291],[139.73074,35.54276],[139.73274,35.5412],[139.73303,35.54101],[139.73365,35.54087],[139.73464,35.54098],[139.73495,35.54122],[139.73607,35.54245],[139.73723,35.54397],[139.73767,35.54439],[139.73941,35.54512],[139.73991,35.54512],[139.7407,35.54498],[139.74213,35.54483],[139.7434,35.54435],[139.74475,35.544],[139.74534,35.54392],[139.74678,35.54383],[139.74787,35.54398],[139.74932,35.54449],[139.75008,35.54458],[139.75398,35.54445],[139.75649,35.54455],[139.75685,35.5445],[139.75769,35.54414],[139.76006,35.54297],[139.76191,35.54202],[139.76585,35.54025],[139.7665,35.54002],[139.76808,35.53934],[139.77107,35.53762],[139.7765,35.53447],[139.77879,35.537],[139.78147,35.53851],[139.78207,35.53869],[139.78442,35.53538],[139.78522,35.53516],[139.78654,35.5358],[139.7877,35.53444],[139.78762,35.53431],[139.78976,35.53368],[139.79491,35.53214],[139.79636,35.53285],[139.80034,35.53473],[139.80088,35.53488],[139.80323,35.53597],[139.80362,35.53628],[139.80624,35.53752],[139.807,35.5377],[139.80738,35.53767],[139.80898,35.53849],[139.80917,35.53907],[139.8085,35.54027],[139.80821,35.54057],[139.80783,35.54059],[139.80569,35.54358],[139.80396,35.54603],[139.80126,35.5483],[139.80108,35.54875],[139.80075,35.54894],[139.79944,35.5508],[139.79625,35.55527],[139.79615,35.55571],[139.79584,35.55585],[139.79498,35.55711],[139.79456,35.55796],[139.79428,35.55809],[139.79325,35.55955],[139.79285,35.56039],[139.79256,35.56052],[139.79183,35.56171],[139.79136,35.56284],[139.79084,35.56293],[139.78993,35.56422],[139.7898,35.56432],[139.78957,35.5651],[139.78921,35.56506],[139.788,35.56675],[139.78776,35.5675],[139.78741,35.56758],[139.78633,35.56911],[139.78622,35.56974],[139.78595,35.56982],[139.78544,35.57056],[139.77937,35.56989],[139.77796,35.56971],[139.77485,35.5694],[139.771,35.56897],[139.77074,35.56852],[139.76597,35.56296],[139.76592,35.56299],[139.76373,35.56046],[139.7631,35.5607],[139.76102,35.56316],[139.75859,35.56437],[139.75568,35.56273],[139.75527,35.5616],[139.75495,35.56155],[139.75473,35.56181],[139.7534,35.56225],[139.75267,35.56321],[139.75296,35.56338],[139.75143,35.5651],[139.75133,35.56504],[139.74978,35.56663],[139.75024,35.56738],[139.75601,35.56854],[139.75636,35.56907],[139.75455,35.57317],[139.75469,35.57332],[139.75438,35.57368],[139.75409,35.57448],[139.75261,35.5755],[139.75215,35.57559],[139.75106,35.57526],[139.75069,35.57521],[139.75028,35.57544],[139.74987,35.57619],[139.75009,35.5767],[139.75159,35.57713],[139.75172,35.57724],[139.75212,35.57878],[139.75194,35.57946],[139.75053,35.58269],[139.75035,35.58278],[139.7502,35.58331],[139.74784,35.58869],[139.74741,35.58952],[139.74671,35.58979],[139.74654,35.59017],[139.74522,35.58975],[139.73879,35.58791],[139.73717,35.58781],[139.73714,35.58812],[139.73594,35.58805],[139.73587,35.58737],[139.73469,35.58745],[139.73294,35.58751],[139.73011,35.58737],[139.72966,35.5882],[139.7297,35.58857],[139.72893,35.58883],[139.72934,35.59015],[139.73055,35.59216],[139.7289,35.59271],[139.72899,35.59378],[139.72824,35.59438],[139.72681,35.59395],[139.72679,35.59435],[139.72437,35.5942],[139.72345,35.59429],[139.72184,35.59437],[139.72109,35.59429],[139.72054,35.59329],[139.72033,35.5924],[139.71918,35.59185],[139.71895,35.59217],[139.71895,35.59283],[139.71815,35.59401],[139.71805,35.59457],[139.71787,35.59457],[139.71787,35.5952],[139.71763,35.59576],[139.71758,35.59617],[139.71737,35.59638],[139.71642,35.59672],[139.71534,35.59692],[139.71517,35.59725],[139.71469,35.59751],[139.71421,35.59907],[139.7146,35.59914],[139.71473,35.59961],[139.71444,35.59999],[139.71288,35.60049],[139.71164,35.60067],[139.71003,35.60082],[139.70621,35.60111],[139.70429,35.6012],[139.70107,35.60141],[139.69953,35.6026],[139.6986,35.60324],[139.69821,35.60358],[139.69679,35.60513],[139.69611,35.6063],[139.69584,35.60666],[139.69539,35.60749]]],[[[139.74947,35.58886],[139.75012,35.58751],[139.75065,35.58608],[139.751,35.58534],[139.75162,35.58383],[139.7518,35.5837],[139.75234,35.58252],[139.75234,35.58239],[139.75299,35.58091],[139.75407,35.57834],[139.75433,35.57802],[139.75542,35.5773],[139.75592,35.57707],[139.75678,35.57717],[139.76248,35.57716],[139.76344,35.57794],[139.76403,35.57802],[139.76441,35.57856],[139.76481,35.57881],[139.76532,35.57943],[139.76586,35.57988],[139.76756,35.58147],[139.76807,35.581],[139.76862,35.58065],[139.76909,35.58021],[139.76936,35.58015],[139.76787,35.57872],[139.76776,35.57881],[139.76689,35.57881],[139.76653,35.57854],[139.76665,35.57816],[139.76669,35.57714],[139.77409,35.57712],[139.77409,35.57702],[139.77586,35.57701],[139.77614,35.57709],[139.77915,35.57705],[139.77915,35.57711],[139.78301,35.5771],[139.78342,35.57706],[139.78363,35.57726],[139.78411,35.57716],[139.78509,35.57723],[139.78497,35.57763],[139.78564,35.57862],[139.78629,35.57945],[139.78701,35.57976],[139.78733,35.57969],[139.78741,35.58006],[139.78704,35.58046],[139.78431,35.58244],[139.78303,35.58344],[139.78334,35.58372],[139.7829,35.58403],[139.78254,35.5838],[139.78183,35.58443],[139.78408,35.58599],[139.78402,35.58605],[139.78177,35.58448],[139.78142,35.58454],[139.7778,35.58716],[139.77771,35.58708],[139.77853,35.58648],[139.77716,35.58523],[139.77634,35.58583],[139.77589,35.58565],[139.77549,35.58518],[139.77456,35.58579],[139.77356,35.58652],[139.77318,35.58687],[139.77324,35.58722],[139.77289,35.58747],[139.76909,35.58399],[139.76906,35.58401],[139.77289,35.58752],[139.77321,35.58728],[139.77361,35.58764],[139.77377,35.58752],[139.77678,35.59029],[139.77288,35.59551],[139.77315,35.59576],[139.77156,35.59498],[139.76902,35.59366],[139.7668,35.59257],[139.76542,35.59448],[139.76418,35.59466],[139.76416,35.59454],[139.76256,35.59461],[139.76287,35.58972],[139.76246,35.58968],[139.76257,35.58658],[139.76257,35.58501],[139.75722,35.58496],[139.75597,35.58493],[139.75596,35.58658],[139.75601,35.58925],[139.75107,35.58932],[139.75027,35.58935],[139.75026,35.589],[139.74947,35.58886]]],[[[139.80561,35.59616],[139.80443,35.59764],[139.79994,35.59523],[139.79448,35.59218],[139.80583,35.58545],[139.81171,35.58864],[139.80561,35.59616]]]]},"properties":{"code":"13111","name":"大田区"}},{"type":"Feature","geometry":{"type":"Polygon","coordinates":[[[139.675,35.66388],[139.6743,35.66442],[139.67316,35.66657],[139.67283,35.6674],[139.67264,35.66834],[139.67258,35.66907],[139.67235,35.66998],[139.67246,35.67117],[139.6727,35.6723],[139.6706,35.67194],[139.66992,35.67178],[139.66846,35.67188],[139.66733,35.6717],[139.66628,35.6717],[139.66316,35.67149],[139.66206,35.67144],[139.66186,35.67164],[139.66176,35.67252],[139.66134,35.67238],[139.6584,35.67164],[139.65716,35.67127],[139.65512,35.67055],[139.65343,35.67038],[139.65033,35.6699],[139.64773,35.66843],[139.64697,35.66811],[139.64521,35.66768],[139.64128,35.6672],[139.64131,35.66692],[139.64021,35.66628],[139.63911,35.66584],[139.63819,35.66581],[139.63669,35.66601],[139.63694,35.66668],[139.6364,35.66678],[139.63578,35.66709],[139.63434,35.66761],[139.63314,35.66787],[139.6326,35.66808],[139.63033,35.66843],[139.62692,35.669],[139.62505,35.66913],[139.62503,35.67013],[139.62352,35.67037],[139.62354,35.67079],[139.62326,35.67083],[139.62328,35.67122],[139.62225,35.67205],[139.62163,35.67265],[139.62102,35.67299],[139.61902,35.67382],[139.61711,35.6744],[139.61532,35.67492],[139.61336,35.67564],[139.61248,35.67617],[139.61214,35.6755],[139.61184,35.67554],[139.6118,35.67637],[139.61031,35.67664],[139.61072,35.67624],[139.61142,35.6753],[139.6121,35.67463],[139.61283,35.67436],[139.61337,35.67398],[139.61329,35.6729],[139.61526,35.6728],[139.61656,35.67264],[139.61654,35.67213],[139.6163,35.67135],[139.61619,35.67061],[139.61619,35.6699],[139.61574,35.66962],[139.6153,35.66969],[139.61484,35.66952],[139.61432,35.6699],[139.61365,35.67011],[139.61221,35.67024],[139.61099,35.67009],[139.61095,35.67077],[139.61052,35.67085],[139.60938,35.67079],[139.60955,35.6704],[139.60892,35.67035],[139.60878,35.6715],[139.60885,35.67305],[139.60876,35.67396],[139.6092,35.674],[139.60919,35.67489],[139.60878,35.67592],[139.60834,35.67589],[139.60823,35.67644],[139.60762,35.67633],[139.60723,35.67654],[139.60685,35.67773],[139.6061,35.67829],[139.60563,35.67879],[139.6039,35.68004],[139.60326,35.68065],[139.6025,35.68066],[139.60131,35.68105],[139.59939,35.68155],[139.59794,35.68182],[139.59532,35.6821],[139.59418,35.68214],[139.5933,35.68174],[139.59225,35.68206],[139.59112,35.68219],[139.58638,35.68282],[139.58625,35.68247],[139.58699,35.68246],[139.58752,35.68235],[139.58953,35.68225],[139.59158,35.68205],[139.5918,35.68168],[139.59124,35.68162],[139.58931,35.68167],[139.58773,35.68175],[139.58532,35.68205],[139.58569,35.68152],[139.58615,35.68132],[139.58715,35.68103],[139.58709,35.68055],[139.58813,35.68005],[139.58828,35.67964],[139.58834,35.67893],[139.58756,35.67817],[139.58678,35.67781],[139.58664,35.6776],[139.5865,35.67694],[139.58654,35.67641],[139.58677,35.67593],[139.58668,35.67536],[139.58675,35.67456],[139.58717,35.67457],[139.5874,35.67402],[139.5873,35.67376],[139.58664,35.67398],[139.58534,35.67397],[139.58444,35.67387],[139.58393,35.67405],[139.58315,35.67399],[139.58267,35.67378],[139.58249,35.67339],[139.58288,35.67331],[139.58426,35.67271],[139.58454,35.67216],[139.58488,35.672],[139.5885,35.67051],[139.58889,35.66941],[139.58917,35.66888],[139.58913,35.66831],[139.58952,35.66761],[139.58996,35.66663],[139.59012,35.66579],[139.58947,35.66577],[139.58815,35.665],[139.58771,35.66437],[139.58697,35.66423],[139.58656,35.66396],[139.58691,35.66348],[139.58743,35.66256],[139.58798,35.66265],[139.58897,35.66245],[139.58895,35.66182],[139.59002,35.66115],[139.58975,35.66093],[139.58981,35.66002],[139.58966,35.65866],[139.58989,35.65725],[139.59049,35.65605],[139.59098,35.65532],[139.59233,35.65543],[139.59286,35.65418],[139.59284,35.65362],[139.59309,35.65178],[139.59308,35.65152],[139.59196,35.65136],[139.59208,35.65081],[139.592,35.64918],[139.59207,35.64811],[139.59206,35.64591],[139.59064,35.64539],[139.58957,35.64514],[139.58859,35.64578],[139.58764,35.64617],[139.58787,35.6457],[139.5873,35.64541],[139.58704,35.64516],[139.58739,35.64463],[139.58706,35.64417],[139.58712,35.64342],[139.58679,35.64316],[139.58659,35.64265],[139.58587,35.64265],[139.58584,35.64216],[139.58465,35.64174],[139.58474,35.64136],[139.58451,35.64094],[139.58503,35.63995],[139.5856,35.63816],[139.58618,35.6371],[139.58759,35.63538],[139.58779,35.63497],[139.58878,35.63464],[139.58976,35.63442],[139.59036,35.63395],[139.59093,35.63334],[139.59101,35.63299],[139.59141,35.63306],[139.59138,35.63212],[139.59156,35.63202],[139.59126,35.63126],[139.59127,35.63105],[139.59234,35.63045],[139.59265,35.62964],[139.59295,35.62943],[139.59235,35.6287],[139.59257,35.62824],[139.5924,35.62762],[139.59269,35.62734],[139.59302,35.62743],[139.59356,35.62738],[139.59391,35.62717],[139.59412,35.62683],[139.59394,35.6266],[139.59355,35.62655],[139.5928,35.62515],[139.59257,35.62485],[139.59202,35.62363],[139.5914,35.62373],[139.59047,35.62431],[139.58994,35.62446],[139.58958,35.62381],[139.58951,35.62329],[139.58974,35.62218],[139.58955,35.62149],[139.58934,35.62127],[139.58943,35.62087],[139.58981,35.62006],[139.59024,35.61843],[139.59189,35.61771],[139.5931,35.61757],[139.59422,35.61786],[139.5956,35.61836],[139.59662,35.6185],[139.59717,35.61847],[139.59955,35.61849],[139.60007,35.6184],[139.60217,35.61715],[139.60474,35.61582],[139.60588,35.61545],[139.60648,35.61546],[139.6072,35.61564],[139.60842,35.6163],[139.60899,35.61648],[139.60967,35.61641],[139.61219,35.61585],[139.61243,35.61571],[139.61312,35.61469],[139.61347,35.61446],[139.61396,35.61434],[139.61558,35.61333],[139.61579,35.61333],[139.61743,35.61379],[139.61794,35.61388],[139.6186,35.61375],[139.62049,35.6126],[139.62206,35.61181],[139.6234,35.61136],[139.62397,35.61095],[139.62487,35.60976],[139.62544,35.60941],[139.62597,35.6092],[139.62723,35.60895],[139.62769,35.60869],[139.62853,35.608],[139.62861,35.60822],[139.6294,35.60797],[139.63117,35.60724],[139.63185,35.60683],[139.63212,35.60656],[139.63175,35.60612],[139.6318,35.60579],[139.63423,35.60406],[139.63488,35.60363],[139.63549,35.60337],[139.63688,35.6031],[139.63729,35.60282],[139.63794,35.60213],[139.63913,35.60096],[139.6396,35.60036],[139.63989,35.60013],[139.64324,35.59816],[139.64626,35.5964],[139.64692,35.59597],[139.64835,35.59528],[139.64892,35.59488],[139.6498,35.59338],[139.65043,35.59258],[139.6517,35.5919],[139.65324,35.59117],[139.65514,35.59015],[139.65556,35.59076],[139.65609,35.59176],[139.65705,35.59342],[139.65809,35.59331],[139.65819,35.59352],[139.65598,35.59451],[139.65569,35.59401],[139.65533,35.59421],[139.65558,35.59468],[139.65489,35.59497],[139.65462,35.59462],[139.65413,35.59482],[139.65433,35.59522],[139.65324,35.59564],[139.65297,35.59594],[139.65381,35.59733],[139.65414,35.59713],[139.65497,35.59685],[139.65578,35.59647],[139.65616,35.59709],[139.65674,35.59749],[139.65644,35.59785],[139.65709,35.59825],[139.65753,35.59898],[139.6579,35.59899],[139.65829,35.5992],[139.6588,35.59927],[139.65895,35.59967],[139.6599,35.59997],[139.66086,35.59973],[139.66124,35.59931],[139.66263,35.59843],[139.663,35.59851],[139.66341,35.59876],[139.66393,35.59938],[139.6644,35.59967],[139.66477,35.59915],[139.66507,35.59897],[139.66547,35.59924],[139.66628,35.5995],[139.66689,35.59955],[139.66684,35.59893],[139.66741,35.59896],[139.66815,35.59889],[139.66809,35.59853],[139.66879,35.59822],[139.66967,35.5991],[139.67071,35.59796],[139.67378,35.59441],[139.6743,35.59377],[139.67565,35.59179],[139.67682,35.59245],[139.67865,35.59355],[139.68062,35.59486],[139.68069,35.59496],[139.68068,35.59649],[139.68034,35.59746],[139.68079,35.59792],[139.68045,35.59813],[139.68033,35.59937],[139.68019,35.60012],[139.68028,35.60067],[139.6804,35.60132],[139.68026,35.60289],[139.67983,35.60295],[139.6797,35.60381],[139.67954,35.60381],[139.6793,35.60558],[139.67882,35.60615],[139.6786,35.60671],[139.67761,35.60747],[139.67726,35.60794],[139.67672,35.6082],[139.6761,35.60834],[139.67521,35.60836],[139.67325,35.60815],[139.67257,35.60795],[139.66967,35.60691],[139.66851,35.60651],[139.66749,35.60659],[139.66573,35.6072],[139.66511,35.60749],[139.66341,35.60853],[139.66319,35.60874],[139.66334,35.60911],[139.66289,35.60942],[139.66352,35.60963],[139.66377,35.60984],[139.66334,35.61026],[139.66324,35.61051],[139.66359,35.61092],[139.66317,35.61119],[139.66314,35.61191],[139.66268,35.61197],[139.66277,35.61225],[139.66314,35.61254],[139.66264,35.6128],[139.66267,35.6134],[139.66285,35.61427],[139.66322,35.61566],[139.66384,35.61583],[139.66389,35.61609],[139.66487,35.61673],[139.66453,35.61743],[139.66474,35.61781],[139.66477,35.61827],[139.6665,35.61853],[139.66637,35.61915],[139.66589,35.62038],[139.66568,35.6207],[139.66615,35.621],[139.66576,35.62113],[139.66562,35.62176],[139.66531,35.62228],[139.66448,35.62307],[139.6641,35.62363],[139.66382,35.62432],[139.6636,35.62569],[139.66349,35.6267],[139.66291,35.62718],[139.66181,35.62748],[139.66213,35.62812],[139.662,35.62888],[139.66225,35.62967],[139.66226,35.63023],[139.66148,35.63171],[139.66385,35.63194],[139.66415,35.6319],[139.66601,35.63138],[139.66815,35.63092],[139.67199,35.62971],[139.67242,35.62936],[139.67421,35.62853],[139.67597,35.62753],[139.6764,35.62725],[139.67721,35.62644],[139.67797,35.62535],[139.6796,35.62507],[139.67983,35.62622],[139.68064,35.62808],[139.68134,35.62983],[139.68204,35.63113],[139.68329,35.633],[139.68424,35.63425],[139.68407,35.6346],[139.68452,35.63559],[139.68487,35.63607],[139.68539,35.63697],[139.68609,35.63804],[139.68637,35.63897],[139.68633,35.63968],[139.68614,35.6397],[139.68596,35.64034],[139.68608,35.64054],[139.6853,35.64157],[139.68491,35.6422],[139.68455,35.64324],[139.6843,35.64377],[139.68472,35.64578],[139.68465,35.64648],[139.68441,35.64724],[139.68402,35.64772],[139.68402,35.64833],[139.68391,35.6492],[139.68422,35.64981],[139.68457,35.6501],[139.68459,35.65135],[139.68425,35.65148],[139.68421,35.65227],[139.68316,35.65373],[139.68159,35.65521],[139.68099,35.65568],[139.68078,35.656],[139.68067,35.65663],[139.68047,35.65668],[139.6795,35.65733],[139.67898,35.65815],[139.6785,35.65868],[139.67705,35.66062],[139.67624,35.66149],[139.67602,35.66222],[139.67587,35.66302],[139.675,35.66388]]]},"properties":{"code":"13112","name":"世田谷区"}},{"type":"Feature","geometry":{"type":"Polygon","coordinates":[[[139.71956,35.64211],[139.71969,35.64225],[139.71995,35.64261],[139.72018,35.64291],[139.72132,35.64441],[139.72146,35.64441],[139.72236,35.6444],[139.7224,35.6444],[139.72287,35.64494],[139.72279,35.64531],[139.72275,35.64549],[139.72293,35.64571],[139.72332,35.64634],[139.72356,35.6467],[139.72302,35.6472],[139.72305,35.64727],[139.72328,35.64779],[139.72303,35.64847],[139.72278,35.64943],[139.72271,35.64969],[139.72265,35.64991],[139.72254,35.65046],[139.72252,35.65067],[139.72251,35.65084],[139.72242,35.65221],[139.72241,35.65233],[139.72219,35.65235],[139.72181,35.65249],[139.72167,35.65304],[139.72155,35.65374],[139.72206,35.65486],[139.72276,35.65593],[139.72279,35.65608],[139.72252,35.65586],[139.72228,35.6557],[139.72172,35.65568],[139.71805,35.65698],[139.71785,35.65656],[139.71673,35.6569],[139.71521,35.6571],[139.71459,35.65728],[139.71446,35.65735],[139.71394,35.65782],[139.7132,35.65828],[139.71297,35.6584],[139.71337,35.65902],[139.71379,35.65976],[139.71283,35.66032],[139.7124,35.66059],[139.71183,35.66103],[139.71054,35.66252],[139.71023,35.6629],[139.70996,35.66314],[139.70856,35.66407],[139.70863,35.6642],[139.70871,35.66438],[139.71016,35.66596],[139.71055,35.66613],[139.71095,35.66629],[139.71128,35.66667],[139.71151,35.66681],[139.71267,35.66811],[139.71381,35.66935],[139.71439,35.66919],[139.71471,35.66959],[139.71462,35.66971],[139.71374,35.67031],[139.71424,35.67113],[139.7143,35.67155],[139.71453,35.67189],[139.71433,35.67219],[139.71456,35.67255],[139.71466,35.67262],[139.71493,35.67299],[139.71607,35.67254],[139.7162,35.67248],[139.71667,35.67242],[139.71701,35.67257],[139.71694,35.67269],[139.71685,35.67287],[139.71667,35.67322],[139.71662,35.67331],[139.71656,35.67343],[139.71616,35.67404],[139.71546,35.67389],[139.71486,35.67508],[139.71369,35.67462],[139.71289,35.67462],[139.71296,35.67622],[139.71291,35.67729],[139.71456,35.68023],[139.71479,35.68086],[139.71357,35.68177],[139.71322,35.68211],[139.7123,35.68271],[139.71141,35.68337],[139.71058,35.68339],[139.70901,35.6842],[139.70832,35.68418],[139.70741,35.68446],[139.70733,35.68461],[139.70727,35.68573],[139.70711,35.68615],[139.70619,35.68703],[139.70609,35.68755],[139.70578,35.68805],[139.70549,35.68813],[139.7046,35.68806],[139.70271,35.68777],[139.70234,35.68799],[139.7021,35.68917],[139.7002,35.68879],[139.70016,35.68863],[139.69891,35.6882],[139.6969,35.68741],[139.69648,35.68728],[139.69503,35.68665],[139.69284,35.68515],[139.69139,35.68408],[139.69026,35.68342],[139.68833,35.68199],[139.68767,35.68159],[139.68719,35.68199],[139.68594,35.68341],[139.68565,35.68379],[139.68518,35.68547],[139.68499,35.68588],[139.6858,35.68619],[139.68592,35.68647],[139.68592,35.68721],[139.68613,35.68729],[139.68598,35.68789],[139.68419,35.68756],[139.68381,35.68778],[139.68322,35.68872],[139.68335,35.68938],[139.68368,35.68972],[139.68406,35.69039],[139.68442,35.69037],[139.68474,35.69102],[139.68482,35.69142],[139.68419,35.69168],[139.68399,35.69199],[139.68363,35.69197],[139.68294,35.69138],[139.68034,35.6898],[139.67964,35.68887],[139.67901,35.68825],[139.67807,35.68751],[139.67679,35.68667],[139.67583,35.68586],[139.67506,35.68451],[139.67449,35.68413],[139.67399,35.68366],[139.67355,35.68351],[139.67336,35.68323],[139.67281,35.68281],[139.6713,35.68149],[139.67008,35.68108],[139.66902,35.68061],[139.66847,35.68023],[139.66797,35.68002],[139.66717,35.67932],[139.6663,35.67833],[139.66539,35.67698],[139.66412,35.67635],[139.66218,35.6757],[139.66184,35.67504],[139.6616,35.67475],[139.66197,35.67422],[139.66214,35.67367],[139.66185,35.67313],[139.66176,35.67252],[139.66186,35.67164],[139.66206,35.67144],[139.66316,35.67149],[139.66628,35.6717],[139.66733,35.6717],[139.66846,35.67188],[139.66992,35.67178],[139.6706,35.67194],[139.6727,35.6723],[139.67246,35.67117],[139.67235,35.66998],[139.67258,35.66907],[139.67264,35.66834],[139.67283,35.6674],[139.67316,35.66657],[139.6743,35.66442],[139.675,35.66388],[139.67544,35.66382],[139.67646,35.66384],[139.67788,35.66395],[139.67966,35.66382],[139.68045,35.66362],[139.68204,35.66304],[139.68299,35.66287],[139.68381,35.66294],[139.68527,35.66259],[139.68593,35.66219],[139.68659,35.662],[139.68733,35.66157],[139.68801,35.66083],[139.6883,35.66019],[139.68814,35.66007],[139.68879,35.65891],[139.68919,35.65895],[139.69021,35.65788],[139.69077,35.65705],[139.69114,35.65665],[139.69289,35.65396],[139.69496,35.65214],[139.69528,35.65158],[139.696,35.65117],[139.69589,35.65068],[139.69687,35.65046],[139.6987,35.64886],[139.6997,35.64809],[139.70108,35.64724],[139.70178,35.64664],[139.70244,35.64621],[139.70415,35.64497],[139.70547,35.64413],[139.70644,35.64358],[139.7073,35.64295],[139.70753,35.64269],[139.70862,35.64201],[139.71033,35.64146],[139.71063,35.64193],[139.71189,35.64209],[139.71304,35.64232],[139.71524,35.64262],[139.71547,35.6426],[139.71593,35.64224],[139.71613,35.64239],[139.71653,35.642],[139.71729,35.64165],[139.71764,35.64166],[139.71868,35.64165],[139.7192,35.64185],[139.71956,35.64211]]]},"properties":{"code":"13113","name":"渋谷区"}},{"type":"Feature","geometry":{"type":"Polygon","coordinates":[[[139.67734,35.72937],[139.67797,35.73068],[139.67749,35.73075],[139.67506,35.73279],[139.67468,35.73306],[139.67333,35.73336],[139.67301,35.73355],[139.67146,35.73354],[139.67111,35.73295],[139.67039,35.73233],[139.66968,35.73257],[139.66936,35.73218],[139.66836,35.73207],[139.66818,35.73139],[139.66715,35.73153],[139.66696,35.73114],[139.66621,35.73135],[139.66513,35.73132],[139.6647,35.73097],[139.66398,35.72919],[139.66366,35.72875],[139.66343,35.72812],[139.66257,35.72731],[139.66225,35.72692],[139.66169,35.72669],[139.66088,35.72659],[139.65963,35.72664],[139.65962,35.72583],[139.65863,35.72582],[139.65805,35.72587],[139.65645,35.72636],[139.65554,35.72644],[139.65372,35.72649],[139.65358,35.72628],[139.65244,35.72635],[139.65178,35.72633],[139.65079,35.72665],[139.65047,35.72689],[139.65009,35.72673],[139.64744,35.72675],[139.6474,35.72549],[139.64409,35.72548],[139.64357,35.72531],[139.64168,35.72594],[139.63993,35.72631],[139.6398,35.72682],[139.63986,35.72722],[139.63965,35.7273],[139.63924,35.72786],[139.63827,35.72803],[139.63804,35.72828],[139.63801,35.72866],[139.63766,35.72949],[139.63741,35.72962],[139.63674,35.7311],[139.63643,35.73228],[139.63534,35.7321],[139.63507,35.7323],[139.63441,35.73435],[139.63402,35.73429],[139.63354,35.73528],[139.63326,35.73536],[139.63198,35.73538],[139.63037,35.73531],[139.62834,35.73529],[139.62717,35.73511],[139.6273,35.73396],[139.62657,35.73364],[139.62648,35.73321],[139.62601,35.73238],[139.62572,35.73211],[139.62532,35.73132],[139.62455,35.73015],[139.62434,35.72984],[139.62433,35.72941],[139.62481,35.72866],[139.62531,35.72761],[139.62568,35.72721],[139.62657,35.72547],[139.62729,35.72427],[139.62757,35.7239],[139.62812,35.72279],[139.62833,35.72214],[139.629,35.72101],[139.62993,35.72041],[139.63054,35.72058],[139.63108,35.72047],[139.63187,35.71972],[139.63185,35.71929],[139.63146,35.71889],[139.63135,35.71851],[139.63158,35.71797],[139.63203,35.71742],[139.63219,35.71695],[139.63429,35.71671],[139.63697,35.7165],[139.63823,35.71581],[139.63879,35.71569],[139.64097,35.71508],[139.64179,35.71476],[139.6418,35.71389],[139.64166,35.71281],[139.64253,35.71213],[139.64284,35.7115],[139.64659,35.71046],[139.65094,35.7092],[139.65104,35.70899],[139.65157,35.70899],[139.65253,35.70917],[139.65403,35.70933],[139.6547,35.70929],[139.65566,35.70932],[139.65822,35.70922],[139.65836,35.70592],[139.65816,35.70568],[139.6582,35.70504],[139.66031,35.70478],[139.66091,35.70468],[139.66097,35.7041],[139.66109,35.70143],[139.66154,35.70136],[139.66167,35.7004],[139.66197,35.70012],[139.66194,35.69966],[139.66254,35.69924],[139.66201,35.69811],[139.66171,35.69727],[139.66107,35.6972],[139.66091,35.69658],[139.6607,35.6962],[139.66103,35.69568],[139.66117,35.6952],[139.66233,35.69528],[139.66437,35.69549],[139.66465,35.69564],[139.6651,35.69544],[139.66543,35.69477],[139.66599,35.69496],[139.66667,35.69374],[139.66759,35.69406],[139.66722,35.6933],[139.66755,35.69175],[139.66675,35.69152],[139.66687,35.69088],[139.66641,35.69043],[139.66412,35.6892],[139.66387,35.68892],[139.66353,35.68813],[139.66308,35.68782],[139.66148,35.68696],[139.66094,35.68677],[139.65922,35.68669],[139.65939,35.68605],[139.65935,35.68538],[139.65966,35.68538],[139.65966,35.68473],[139.66018,35.68506],[139.66049,35.68484],[139.66055,35.68429],[139.66008,35.6837],[139.65964,35.68372],[139.65927,35.6819],[139.6598,35.68182],[139.65997,35.68126],[139.66042,35.68087],[139.65969,35.68043],[139.65965,35.67993],[139.65992,35.67986],[139.66083,35.68024],[139.66146,35.6804],[139.66211,35.67995],[139.66258,35.67943],[139.66385,35.67946],[139.66415,35.67937],[139.66416,35.67901],[139.665,35.67902],[139.66491,35.67771],[139.66482,35.67761],[139.66397,35.6777],[139.66324,35.6779],[139.66329,35.6773],[139.66384,35.67731],[139.66412,35.67635],[139.66539,35.67698],[139.6663,35.67833],[139.66717,35.67932],[139.66797,35.68002],[139.66847,35.68023],[139.66902,35.68061],[139.67008,35.68108],[139.6713,35.68149],[139.67281,35.68281],[139.67336,35.68323],[139.67355,35.68351],[139.67399,35.68366],[139.67449,35.68413],[139.67506,35.68451],[139.67583,35.68586],[139.67679,35.68667],[139.67807,35.68751],[139.67901,35.68825],[139.67964,35.68887],[139.68034,35.6898],[139.68294,35.69138],[139.68363,35.69197],[139.68399,35.69199],[139.68399,35.69235],[139.68374,35.69261],[139.68482,35.69337],[139.68561,35.69421],[139.68707,35.69717],[139.68797,35.69826],[139.68829,35.69882],[139.68841,35.69933],[139.6884,35.69991],[139.68827,35.70031],[139.68745,35.70178],[139.6874,35.70222],[139.6875,35.70401],[139.68759,35.7045],[139.68816,35.70642],[139.68837,35.70691],[139.68869,35.70734],[139.6891,35.70762],[139.69042,35.70827],[139.69115,35.70867],[139.69204,35.70932],[139.69308,35.70963],[139.69399,35.71043],[139.69433,35.71104],[139.69273,35.71116],[139.69262,35.71086],[139.69153,35.71133],[139.69129,35.71053],[139.69105,35.71052],[139.69004,35.71083],[139.69008,35.71148],[139.68896,35.71144],[139.68786,35.71129],[139.68449,35.71049],[139.68278,35.71012],[139.68213,35.71068],[139.68147,35.71097],[139.6805,35.71116],[139.68034,35.71126],[139.68121,35.71176],[139.68162,35.71221],[139.68185,35.71316],[139.68117,35.71329],[139.68117,35.71359],[139.6815,35.71363],[139.68145,35.71401],[139.6807,35.71406],[139.6807,35.71449],[139.6803,35.71449],[139.67988,35.71419],[139.67927,35.7147],[139.67909,35.71524],[139.67929,35.71571],[139.67955,35.71565],[139.67969,35.71637],[139.67924,35.7172],[139.6791,35.71828],[139.6783,35.71824],[139.67721,35.71929],[139.67641,35.71966],[139.67627,35.71934],[139.67574,35.71948],[139.67523,35.71915],[139.67358,35.71862],[139.67344,35.71895],[139.67372,35.71928],[139.67349,35.71955],[139.67368,35.72026],[139.67434,35.7202],[139.67463,35.7215],[139.67556,35.72144],[139.67576,35.72195],[139.67554,35.72291],[139.67519,35.72371],[139.67536,35.72488],[139.67569,35.72584],[139.67656,35.72746],[139.67691,35.72845],[139.67702,35.72952],[139.67734,35.72937]]]},"properties":{"code":"13114","name":"中野区"}},{"type":"Feature","geometry":{"type":"Polygon","coordinates":[[[139.66176,35.67252],[139.66185,35.67313],[139.66214,35.67367],[139.66197,35.67422],[139.6616,35.67475],[139.66184,35.67504],[139.66218,35.6757],[139.66412,35.67635],[139.66384,35.67731],[139.66329,35.6773],[139.66324,35.6779],[139.66397,35.6777],[139.66482,35.67761],[139.66491,35.67771],[139.665,35.67902],[139.66416,35.67901],[139.66415,35.67937],[139.66385,35.67946],[139.66258,35.67943],[139.66211,35.67995],[139.66146,35.6804],[139.66083,35.68024],[139.65992,35.67986],[139.65965,35.67993],[139.65969,35.68043],[139.66042,35.68087],[139.65997,35.68126],[139.6598,35.68182],[139.65927,35.6819],[139.65964,35.68372],[139.66008,35.6837],[139.66055,35.68429],[139.66049,35.68484],[139.66018,35.68506],[139.65966,35.68473],[139.65966,35.68538],[139.65935,35.68538],[139.65939,35.68605],[139.65922,35.68669],[139.66094,35.68677],[139.66148,35.68696],[139.66308,35.68782],[139.66353,35.68813],[139.66387,35.68892],[139.66412,35.6892],[139.66641,35.69043],[139.66687,35.69088],[139.66675,35.69152],[139.66755,35.69175],[139.66722,35.6933],[139.66759,35.69406],[139.66667,35.69374],[139.66599,35.69496],[139.66543,35.69477],[139.6651,35.69544],[139.66465,35.69564],[139.66437,35.69549],[139.66233,35.69528],[139.66117,35.6952],[139.66103,35.69568],[139.6607,35.6962],[139.66091,35.69658],[139.66107,35.6972],[139.66171,35.69727],[139.66201,35.69811],[139.66254,35.69924],[139.66194,35.69966],[139.66197,35.70012],[139.66167,35.7004],[139.66154,35.70136],[139.66109,35.70143],[139.66097,35.7041],[139.66091,35.70468],[139.66031,35.70478],[139.6582,35.70504],[139.65816,35.70568],[139.65836,35.70592],[139.65822,35.70922],[139.65566,35.70932],[139.6547,35.70929],[139.65403,35.70933],[139.65253,35.70917],[139.65157,35.70899],[139.65104,35.70899],[139.65094,35.7092],[139.64659,35.71046],[139.64284,35.7115],[139.64253,35.71213],[139.64166,35.71281],[139.6418,35.71389],[139.64179,35.71476],[139.64097,35.71508],[139.63879,35.71569],[139.63823,35.71581],[139.63697,35.7165],[139.63429,35.71671],[139.63219,35.71695],[139.63203,35.71742],[139.63158,35.71797],[139.63135,35.71851],[139.63146,35.71889],[139.63185,35.71929],[139.63187,35.71972],[139.63108,35.72047],[139.63054,35.72058],[139.62993,35.72041],[139.629,35.72101],[139.62833,35.72214],[139.62812,35.72279],[139.62757,35.7239],[139.62729,35.72427],[139.62657,35.72547],[139.62568,35.72721],[139.62531,35.72761],[139.62481,35.72866],[139.62433,35.72941],[139.62434,35.72984],[139.62455,35.73015],[139.62178,35.73045],[139.61979,35.73009],[139.61682,35.72991],[139.61599,35.72983],[139.61539,35.73029],[139.61479,35.73008],[139.61193,35.7293],[139.60955,35.72871],[139.60771,35.72791],[139.60428,35.72698],[139.60304,35.72638],[139.60195,35.72601],[139.60182,35.72544],[139.60116,35.72508],[139.5998,35.72391],[139.59879,35.72354],[139.59769,35.72307],[139.59645,35.72226],[139.59566,35.72217],[139.59565,35.72154],[139.59436,35.71913],[139.59385,35.71829],[139.59336,35.71807],[139.59216,35.71908],[139.59142,35.71964],[139.59049,35.72009],[139.58945,35.72028],[139.58814,35.72018],[139.58681,35.71976],[139.58579,35.71892],[139.58509,35.71802],[139.58492,35.71718],[139.58497,35.71645],[139.58509,35.7161],[139.58608,35.71471],[139.58644,35.71409],[139.58681,35.71326],[139.58688,35.71293],[139.58681,35.71223],[139.58665,35.71191],[139.58771,35.7114],[139.58853,35.71078],[139.59018,35.70968],[139.59046,35.70955],[139.59145,35.70877],[139.5932,35.70718],[139.59355,35.70693],[139.59512,35.70605],[139.59547,35.70544],[139.59457,35.70386],[139.59406,35.70331],[139.59285,35.7011],[139.59282,35.7006],[139.59252,35.69999],[139.59138,35.69735],[139.59038,35.69519],[139.59025,35.69482],[139.58829,35.69562],[139.58818,35.69537],[139.58672,35.69396],[139.5876,35.69337],[139.58775,35.6932],[139.58839,35.69292],[139.59117,35.69136],[139.59189,35.69088],[139.59342,35.6896],[139.59405,35.689],[139.59388,35.6889],[139.5931,35.68886],[139.59292,35.68856],[139.59316,35.68799],[139.59242,35.68799],[139.59184,35.6877],[139.59163,35.68778],[139.59079,35.68725],[139.59056,35.687],[139.59167,35.68542],[139.59257,35.68504],[139.5925,35.68468],[139.59317,35.68444],[139.59361,35.68413],[139.59333,35.68371],[139.59309,35.6829],[139.59388,35.68245],[139.59418,35.68214],[139.59532,35.6821],[139.59794,35.68182],[139.59939,35.68155],[139.60131,35.68105],[139.6025,35.68066],[139.60326,35.68065],[139.6039,35.68004],[139.60563,35.67879],[139.6061,35.67829],[139.60685,35.67773],[139.60723,35.67654],[139.60762,35.67633],[139.60823,35.67644],[139.60834,35.67589],[139.60878,35.67592],[139.60919,35.67489],[139.6092,35.674],[139.60876,35.67396],[139.60885,35.67305],[139.60878,35.6715],[139.60892,35.67035],[139.60955,35.6704],[139.60938,35.67079],[139.61052,35.67085],[139.61095,35.67077],[139.61099,35.67009],[139.61221,35.67024],[139.61365,35.67011],[139.61432,35.6699],[139.61484,35.66952],[139.6153,35.66969],[139.61574,35.66962],[139.61619,35.6699],[139.61619,35.67061],[139.6163,35.67135],[139.61654,35.67213],[139.61656,35.67264],[139.61526,35.6728],[139.61329,35.6729],[139.61337,35.67398],[139.61283,35.67436],[139.6121,35.67463],[139.61142,35.6753],[139.61072,35.67624],[139.61031,35.67664],[139.6118,35.67637],[139.61184,35.67554],[139.61214,35.6755],[139.61248,35.67617],[139.61336,35.67564],[139.61532,35.67492],[139.61711,35.6744],[139.61902,35.67382],[139.62102,35.67299],[139.62163,35.67265],[139.62225,35.67205],[139.62328,35.67122],[139.62326,35.67083],[139.62354,35.67079],[139.62352,35.67037],[139.62503,35.67013],[139.62505,35.66913],[139.62692,35.669],[139.63033,35.66843],[139.6326,35.66808],[139.63314,35.66787],[139.63434,35.66761],[139.63578,35.66709],[139.6364,35.66678],[139.63694,35.66668],[139.63669,35.66601],[139.63819,35.66581],[139.63911,35.66584],[139.64021,35.66628],[139.64131,35.66692],[139.64128,35.6672],[139.64521,35.66768],[139.64697,35.66811],[139.64773,35.66843],[139.65033,35.6699],[139.65343,35.67038],[139.65512,35.67055],[139.65716,35.67127],[139.6584,35.67164],[139.66134,35.67238],[139.66176,35.67252]]]},"properties":{"code":"13115","name":"杉並区"}},{"type":"Feature","geometry":{"type":"Polygon","coordinates":[[[139.72251,35.71227],[139.72239,35.71265],[139.72077,35.71357],[139.71981,35.71399],[139.71761,35.7145],[139.71747,35.71479],[139.7178,35.71589],[139.71783,35.71647],[139.71819,35.71686],[139.71802,35.71738],[139.71832,35.71776],[139.719,35.71745],[139.71953,35.71837],[139.72032,35.71841],[139.72128,35.71855],[139.72186,35.71896],[139.72221,35.71874],[139.72272,35.71897],[139.72321,35.71959],[139.72472,35.72001],[139.72435,35.72055],[139.72389,35.72143],[139.72404,35.72195],[139.72345,35.7224],[139.7232,35.72369],[139.72312,35.72442],[139.72275,35.72515],[139.72437,35.72552],[139.72429,35.72582],[139.72517,35.72602],[139.72481,35.72664],[139.72551,35.72665],[139.72584,35.72678],[139.7262,35.72658],[139.72649,35.72705],[139.7271,35.72684],[139.72916,35.72572],[139.72988,35.72628],[139.73058,35.72547],[139.73077,35.72486],[139.731,35.7248],[139.73115,35.72437],[139.73197,35.7241],[139.73242,35.72425],[139.7324,35.72468],[139.73292,35.7248],[139.73381,35.72543],[139.73415,35.72558],[139.73449,35.72507],[139.73522,35.72535],[139.73542,35.72524],[139.73604,35.7253],[139.73548,35.72618],[139.73633,35.72654],[139.73739,35.7269],[139.73725,35.72737],[139.73689,35.72791],[139.73687,35.72839],[139.73597,35.72935],[139.73887,35.73162],[139.73909,35.73185],[139.73952,35.73157],[139.74086,35.73036],[139.74149,35.73073],[139.7418,35.73103],[139.74147,35.73137],[139.74341,35.73283],[139.74332,35.73325],[139.74245,35.73379],[139.74312,35.73456],[139.74381,35.73452],[139.7441,35.73483],[139.74456,35.73576],[139.74504,35.73586],[139.74662,35.73506],[139.74677,35.73534],[139.74811,35.7335],[139.74864,35.73354],[139.74919,35.73287],[139.75031,35.73357],[139.75057,35.73392],[139.75019,35.7341],[139.75065,35.73445],[139.75105,35.73443],[139.75276,35.73506],[139.75156,35.73573],[139.75096,35.73575],[139.75008,35.73614],[139.74956,35.73654],[139.74835,35.73869],[139.74657,35.73985],[139.74617,35.73884],[139.74596,35.73917],[139.74441,35.73934],[139.74433,35.73892],[139.74404,35.73896],[139.74411,35.73942],[139.74388,35.7396],[139.74414,35.74041],[139.74441,35.74063],[139.74421,35.74099],[139.74389,35.741],[139.74366,35.74134],[139.74274,35.74157],[139.7419,35.74211],[139.74106,35.74235],[139.7397,35.74177],[139.73788,35.74126],[139.73722,35.74103],[139.73556,35.74055],[139.73457,35.74069],[139.73394,35.74159],[139.73294,35.7425],[139.73178,35.74331],[139.73269,35.74453],[139.73264,35.74509],[139.73115,35.74517],[139.73067,35.74504],[139.72971,35.74505],[139.72843,35.74477],[139.72791,35.74471],[139.72758,35.74404],[139.72713,35.74367],[139.72651,35.74296],[139.72598,35.74206],[139.72489,35.7411],[139.72449,35.74083],[139.72506,35.74016],[139.72452,35.73975],[139.72363,35.73993],[139.72354,35.74018],[139.7231,35.74057],[139.72212,35.74113],[139.7216,35.74132],[139.72023,35.74166],[139.72001,35.74179],[139.7199,35.74232],[139.71983,35.74338],[139.71948,35.74448],[139.71951,35.74504],[139.71859,35.74522],[139.71623,35.74545],[139.7148,35.74574],[139.71474,35.74544],[139.71434,35.74529],[139.71378,35.74528],[139.71086,35.74575],[139.71043,35.74579],[139.70983,35.74507],[139.70919,35.74404],[139.7091,35.74344],[139.70869,35.74226],[139.7083,35.74164],[139.70528,35.73848],[139.70445,35.7377],[139.70405,35.73715],[139.70381,35.73587],[139.70358,35.73587],[139.70233,35.73615],[139.70213,35.73638],[139.70197,35.73691],[139.70235,35.73713],[139.70221,35.73734],[139.70099,35.73991],[139.69922,35.73973],[139.69907,35.74042],[139.69905,35.74115],[139.69887,35.74239],[139.69614,35.74226],[139.69453,35.74223],[139.69447,35.74281],[139.6943,35.743],[139.69358,35.74298],[139.69258,35.74363],[139.69134,35.74253],[139.69028,35.74185],[139.68961,35.74132],[139.6886,35.74094],[139.68724,35.74056],[139.68548,35.74],[139.68426,35.73965],[139.68259,35.7391],[139.68076,35.73876],[139.68083,35.7383],[139.68131,35.7378],[139.68075,35.73787],[139.68038,35.73737],[139.67991,35.73614],[139.67929,35.73574],[139.67902,35.7349],[139.67874,35.73442],[139.67928,35.73359],[139.67921,35.73323],[139.67883,35.73258],[139.67848,35.7324],[139.67797,35.7317],[139.67842,35.73123],[139.67797,35.73068],[139.67734,35.72937],[139.67908,35.72842],[139.6802,35.72778],[139.68135,35.72704],[139.68159,35.7266],[139.6821,35.72527],[139.6823,35.72458],[139.68272,35.72364],[139.68415,35.72379],[139.68441,35.72251],[139.68545,35.72268],[139.68665,35.72272],[139.68804,35.72261],[139.6894,35.7226],[139.69282,35.72233],[139.69394,35.72219],[139.69493,35.72183],[139.69573,35.72174],[139.69581,35.72208],[139.69714,35.72205],[139.69812,35.72219],[139.69897,35.72243],[139.69951,35.72298],[139.69982,35.72355],[139.70211,35.72346],[139.70344,35.72327],[139.7046,35.72301],[139.70416,35.72222],[139.70479,35.72188],[139.70537,35.72148],[139.70487,35.72044],[139.70501,35.71976],[139.7054,35.71905],[139.70594,35.71885],[139.70562,35.71739],[139.70538,35.71649],[139.70525,35.71631],[139.70456,35.71588],[139.70484,35.71456],[139.70539,35.71443],[139.70548,35.71414],[139.70536,35.7137],[139.70588,35.71344],[139.70627,35.71343],[139.70702,35.71364],[139.70735,35.71385],[139.70868,35.71382],[139.70912,35.71359],[139.71042,35.71346],[139.71092,35.71414],[139.71108,35.71465],[139.71166,35.71482],[139.71211,35.71476],[139.71329,35.71393],[139.71364,35.71358],[139.71441,35.71318],[139.71484,35.71328],[139.71588,35.71381],[139.71611,35.71374],[139.71689,35.71297],[139.71792,35.7127],[139.71912,35.71247],[139.71959,35.71277],[139.72001,35.71272],[139.72016,35.7123],[139.72056,35.71263],[139.72092,35.71243],[139.722,35.71253],[139.72251,35.71227]]]},"properties":{"code":"13116","name":"豊島区"}},{"type":"Feature","geometry":{"type":"Polygon","coordinates":[[[139.76094,35.73221],[139.76161,35.73283],[139.76132,35.73381],[139.76197,35.73393],[139.76233,35.73363],[139.76281,35.73382],[139.76342,35.73369],[139.76425,35.73444],[139.76376,35.73493],[139.76624,35.73616],[139.77112,35.7379],[139.77005,35.73873],[139.77009,35.73896],[139.76952,35.73898],[139.76901,35.73926],[139.76908,35.73984],[139.76846,35.74014],[139.76846,35.7404],[139.76818,35.74146],[139.76589,35.74162],[139.76549,35.74179],[139.76393,35.74285],[139.76384,35.74414],[139.76325,35.7441],[139.76288,35.74366],[139.76174,35.74377],[139.7615,35.74318],[139.76053,35.74371],[139.76032,35.74345],[139.7572,35.74546],[139.75782,35.74609],[139.7578,35.74761],[139.75538,35.74758],[139.75504,35.74783],[139.75517,35.74893],[139.7547,35.74919],[139.75219,35.7493],[139.75122,35.74988],[139.75089,35.74955],[139.74978,35.75012],[139.75012,35.75114],[139.74964,35.75119],[139.75,35.75173],[139.75062,35.75238],[139.75079,35.75267],[139.75089,35.75371],[139.75188,35.75364],[139.75185,35.75329],[139.75228,35.75328],[139.75231,35.7536],[139.75324,35.7535],[139.75759,35.75317],[139.75796,35.75486],[139.7537,35.75559],[139.75297,35.75569],[139.75122,35.75607],[139.75007,35.75646],[139.74906,35.75704],[139.74859,35.75757],[139.74834,35.75809],[139.74827,35.75862],[139.74835,35.75912],[139.74889,35.75981],[139.75132,35.76104],[139.75414,35.7626],[139.75503,35.76322],[139.75603,35.76372],[139.75712,35.76408],[139.75817,35.76459],[139.75889,35.7652],[139.75984,35.76628],[139.7601,35.76676],[139.76015,35.76755],[139.75997,35.76822],[139.7597,35.76879],[139.75899,35.76956],[139.75794,35.77018],[139.75498,35.76838],[139.75432,35.76817],[139.75312,35.76793],[139.75128,35.76743],[139.75015,35.76725],[139.74809,35.76718],[139.74708,35.76703],[139.74641,35.76701],[139.74573,35.76713],[139.74302,35.76805],[139.74043,35.76919],[139.73848,35.76976],[139.73744,35.76995],[139.73673,35.77022],[139.73619,35.77062],[139.73589,35.77105],[139.73575,35.77163],[139.73572,35.77259],[139.73592,35.77343],[139.73617,35.77416],[139.73788,35.77743],[139.73819,35.77825],[139.73828,35.77875],[139.73829,35.7797],[139.73805,35.78022],[139.73783,35.78053],[139.73825,35.78395],[139.73846,35.78588],[139.73854,35.7874],[139.73819,35.78778],[139.73638,35.78901],[139.73533,35.78957],[139.73445,35.78993],[139.73387,35.79005],[139.73247,35.78973],[139.73187,35.78953],[139.73005,35.78868],[139.72776,35.78784],[139.72659,35.78749],[139.72492,35.78729],[139.72446,35.78727],[139.72372,35.7876],[139.72315,35.78839],[139.7225,35.79024],[139.72224,35.79073],[139.72194,35.79091],[139.72074,35.79143],[139.71926,35.79179],[139.71743,35.79192],[139.71392,35.79193],[139.71249,35.7919],[139.70975,35.79195],[139.7092,35.79202],[139.7073,35.79253],[139.70526,35.79341],[139.70321,35.79471],[139.69968,35.79723],[139.69829,35.7981],[139.69686,35.7989],[139.69644,35.79771],[139.6957,35.79667],[139.69469,35.79567],[139.69398,35.79476],[139.69255,35.7928],[139.6919,35.79185],[139.69087,35.79074],[139.69064,35.79057],[139.69028,35.78921],[139.68947,35.78764],[139.68947,35.7868],[139.69073,35.78491],[139.69128,35.78441],[139.69245,35.7837],[139.69357,35.78314],[139.69498,35.78262],[139.69638,35.78232],[139.69775,35.78214],[139.69844,35.78213],[139.69908,35.78227],[139.69983,35.78261],[139.70215,35.78408],[139.70275,35.78392],[139.70303,35.78357],[139.70308,35.78261],[139.70294,35.78224],[139.70242,35.78169],[139.70239,35.78108],[139.703,35.77953],[139.70331,35.77818],[139.70388,35.77672],[139.70415,35.77562],[139.70414,35.77523],[139.70446,35.77496],[139.70452,35.77424],[139.70508,35.77263],[139.70566,35.77071],[139.70625,35.76844],[139.70633,35.76696],[139.7064,35.76667],[139.70672,35.76657],[139.70832,35.76541],[139.70901,35.76557],[139.70917,35.76515],[139.70949,35.76484],[139.71028,35.76502],[139.7109,35.76362],[139.71188,35.7634],[139.71317,35.76327],[139.71326,35.76308],[139.71521,35.76163],[139.7163,35.76072],[139.7167,35.76023],[139.7173,35.75916],[139.71762,35.75875],[139.7192,35.75717],[139.71942,35.75666],[139.71977,35.75644],[139.7205,35.7553],[139.72042,35.75506],[139.7212,35.75449],[139.72172,35.75386],[139.72249,35.75352],[139.7227,35.75323],[139.72272,35.75215],[139.72256,35.75172],[139.72268,35.7511],[139.72261,35.75076],[139.72226,35.75065],[139.72194,35.74896],[139.72234,35.74874],[139.72189,35.74828],[139.72179,35.74778],[139.72224,35.74775],[139.7222,35.74732],[139.72152,35.74738],[139.72141,35.74631],[139.72061,35.7467],[139.72032,35.74618],[139.72011,35.74608],[139.71951,35.74504],[139.71948,35.74448],[139.71983,35.74338],[139.7199,35.74232],[139.72001,35.74179],[139.72023,35.74166],[139.7216,35.74132],[139.72212,35.74113],[139.7231,35.74057],[139.72354,35.74018],[139.72363,35.73993],[139.72452,35.73975],[139.72506,35.74016],[139.72449,35.74083],[139.72489,35.7411],[139.72598,35.74206],[139.72651,35.74296],[139.72713,35.74367],[139.72758,35.74404],[139.72791,35.74471],[139.72843,35.74477],[139.72971,35.74505],[139.73067,35.74504],[139.73115,35.74517],[139.73264,35.74509],[139.73269,35.74453],[139.73178,35.74331],[139.73294,35.7425],[139.73394,35.74159],[139.73457,35.74069],[139.73556,35.74055],[139.73722,35.74103],[139.73788,35.74126],[139.7397,35.74177],[139.74106,35.74235],[139.7419,35.74211],[139.74274,35.74157],[139.74366,35.74134],[139.74389,35.741],[139.74421,35.74099],[139.74441,35.74063],[139.74414,35.74041],[139.74388,35.7396],[139.74411,35.73942],[139.74404,35.73896],[139.74433,35.73892],[139.74441,35.73934],[139.74596,35.73917],[139.74617,35.73884],[139.74657,35.73985],[139.74835,35.73869],[139.74956,35.73654],[139.75008,35.73614],[139.75096,35.73575],[139.75156,35.73573],[139.75276,35.73506],[139.75362,35.73516],[139.75447,35.73461],[139.75639,35.73363],[139.75788,35.73282],[139.75855,35.73271],[139.75994,35.73158],[139.76094,35.73221]]]},"properties":{"code":"13117","name":"北区"}},{"type":"Feature","geometry":{"type":"Polygon","coordinates":[[[139.76279,35.73075],[139.76321,35.73119],[139.76399,35.73088],[139.76475,35.73014],[139.76547,35.72877],[139.76597,35.72796],[139.76605,35.72753],[139.76724,35.72739],[139.76817,35.72748],[139.76838,35.72778],[139.76977,35.72813],[139.77355,35.72669],[139.77517,35.72612],[139.77582,35.72557],[139.77674,35.72494],[139.77751,35.72493],[139.77912,35.72469],[139.78017,35.72461],[139.78146,35.72462],[139.78148,35.72508],[139.7817,35.72529],[139.78222,35.7254],[139.78223,35.72613],[139.78268,35.72652],[139.78326,35.72676],[139.78385,35.72741],[139.78446,35.72786],[139.78599,35.72769],[139.78679,35.72793],[139.78776,35.72797],[139.78853,35.72826],[139.78946,35.72874],[139.79057,35.73012],[139.79121,35.73122],[139.79235,35.73092],[139.7922,35.73056],[139.79269,35.73012],[139.79307,35.73027],[139.79444,35.73023],[139.79446,35.72989],[139.79495,35.72988],[139.79507,35.72897],[139.79787,35.72911],[139.80143,35.72925],[139.80213,35.7292],[139.80651,35.72861],[139.80972,35.72813],[139.80983,35.72894],[139.81003,35.72986],[139.81058,35.7314],[139.81093,35.73216],[139.81139,35.73298],[139.8122,35.73396],[139.81368,35.73563],[139.81415,35.73621],[139.81459,35.73722],[139.81466,35.73786],[139.8145,35.7388],[139.81425,35.73964],[139.8137,35.74032],[139.81304,35.74074],[139.81158,35.74107],[139.8106,35.74112],[139.80911,35.74086],[139.80749,35.74028],[139.80421,35.73916],[139.80244,35.73863],[139.80144,35.7386],[139.7948,35.73983],[139.79328,35.74037],[139.79242,35.74078],[139.79111,35.74169],[139.79048,35.74228],[139.78998,35.74285],[139.78894,35.7444],[139.78854,35.7454],[139.78844,35.7463],[139.78869,35.74702],[139.7896,35.74774],[139.79055,35.7482],[139.79091,35.74849],[139.79123,35.74965],[139.79112,35.7503],[139.7906,35.75113],[139.79013,35.75161],[139.78946,35.75212],[139.7888,35.75251],[139.78466,35.75386],[139.78398,35.75404],[139.78247,35.75415],[139.78071,35.75409],[139.7761,35.75368],[139.77515,35.75365],[139.77165,35.75361],[139.77036,35.75365],[139.76675,35.75384],[139.76441,35.75399],[139.76067,35.75444],[139.75796,35.75486],[139.75759,35.75317],[139.75324,35.7535],[139.75231,35.7536],[139.75228,35.75328],[139.75185,35.75329],[139.75188,35.75364],[139.75089,35.75371],[139.75079,35.75267],[139.75062,35.75238],[139.75,35.75173],[139.74964,35.75119],[139.75012,35.75114],[139.74978,35.75012],[139.75089,35.74955],[139.75122,35.74988],[139.75219,35.7493],[139.7547,35.74919],[139.75517,35.74893],[139.75504,35.74783],[139.75538,35.74758],[139.7578,35.74761],[139.75782,35.74609],[139.7572,35.74546],[139.76032,35.74345],[139.76053,35.74371],[139.7615,35.74318],[139.76174,35.74377],[139.76288,35.74366],[139.76325,35.7441],[139.76384,35.74414],[139.76393,35.74285],[139.76549,35.74179],[139.76589,35.74162],[139.76818,35.74146],[139.76846,35.7404],[139.76846,35.74014],[139.76908,35.73984],[139.76901,35.73926],[139.76952,35.73898],[139.77009,35.73896],[139.77005,35.73873],[139.77112,35.7379],[139.76624,35.73616],[139.76376,35.73493],[139.76425,35.73444],[139.76342,35.73369],[139.76281,35.73382],[139.76233,35.73363],[139.76197,35.73393],[139.76132,35.73381],[139.76161,35.73283],[139.76094,35.73221],[139.76185,35.7315],[139.76224,35.73146],[139.76279,35.73075]]]},"properties":{"code":"13118","name":"荒川区"}},{"type":"Feature","geometry":{"type":"Polygon","coordinates":[[[139.71951,35.74504],[139.72011,35.74608],[139.72032,35.74618],[139.72061,35.7467],[139.72141,35.74631],[139.72152,35.74738],[139.7222,35.74732],[139.72224,35.74775],[139.72179,35.74778],[139.72189,35.74828],[139.72234,35.74874],[139.72194,35.74896],[139.72226,35.75065],[139.72261,35.75076],[139.72268,35.7511],[139.72256,35.75172],[139.72272,35.75215],[139.7227,35.75323],[139.72249,35.75352],[139.72172,35.75386],[139.7212,35.75449],[139.72042,35.75506],[139.7205,35.7553],[139.71977,35.75644],[139.71942,35.75666],[139.7192,35.75717],[139.71762,35.75875],[139.7173,35.75916],[139.7167,35.76023],[139.7163,35.76072],[139.71521,35.76163],[139.71326,35.76308],[139.71317,35.76327],[139.71188,35.7634],[139.7109,35.76362],[139.71028,35.76502],[139.70949,35.76484],[139.70917,35.76515],[139.70901,35.76557],[139.70832,35.76541],[139.70672,35.76657],[139.7064,35.76667],[139.70633,35.76696],[139.70625,35.76844],[139.70566,35.77071],[139.70508,35.77263],[139.70452,35.77424],[139.70446,35.77496],[139.70414,35.77523],[139.70415,35.77562],[139.70388,35.77672],[139.70331,35.77818],[139.703,35.77953],[139.70239,35.78108],[139.70242,35.78169],[139.70294,35.78224],[139.70308,35.78261],[139.70303,35.78357],[139.70275,35.78392],[139.70215,35.78408],[139.69983,35.78261],[139.69908,35.78227],[139.69844,35.78213],[139.69775,35.78214],[139.69638,35.78232],[139.69498,35.78262],[139.69357,35.78314],[139.69245,35.7837],[139.69128,35.78441],[139.69073,35.78491],[139.68947,35.7868],[139.68947,35.78764],[139.69028,35.78921],[139.69064,35.79057],[139.69087,35.79074],[139.6919,35.79185],[139.69255,35.7928],[139.69398,35.79476],[139.69469,35.79567],[139.6957,35.79667],[139.69644,35.79771],[139.69686,35.7989],[139.69534,35.79968],[139.6944,35.80005],[139.69316,35.8004],[139.69171,35.80067],[139.6906,35.8008],[139.6892,35.80088],[139.68783,35.80084],[139.68662,35.80063],[139.68287,35.79955],[139.68189,35.7993],[139.67954,35.79891],[139.67838,35.79882],[139.67708,35.79882],[139.67593,35.79889],[139.67383,35.79917],[139.6718,35.79975],[139.67106,35.8],[139.66977,35.80024],[139.66737,35.80045],[139.666,35.8005],[139.66344,35.80044],[139.66212,35.80049],[139.65948,35.80052],[139.65778,35.8005],[139.65488,35.80034],[139.65336,35.80023],[139.65226,35.79971],[139.65011,35.79863],[139.64824,35.79763],[139.64761,35.79748],[139.64569,35.79801],[139.64369,35.79822],[139.6414,35.79807],[139.64086,35.79794],[139.64057,35.79769],[139.64041,35.79717],[139.64023,35.79621],[139.63961,35.7935],[139.63941,35.79285],[139.63765,35.79155],[139.63792,35.7912],[139.63754,35.79085],[139.63683,35.79081],[139.63611,35.79045],[139.63486,35.79057],[139.63423,35.79034],[139.63414,35.78996],[139.63362,35.78943],[139.63273,35.78929],[139.63199,35.78868],[139.63157,35.7882],[139.63203,35.78771],[139.63204,35.78714],[139.63174,35.78699],[139.63186,35.78656],[139.63169,35.78634],[139.63035,35.78536],[139.62907,35.78574],[139.62787,35.78466],[139.62793,35.78374],[139.62774,35.78313],[139.62717,35.78257],[139.62636,35.78235],[139.62582,35.78204],[139.62567,35.78175],[139.62453,35.78081],[139.62449,35.7805],[139.62471,35.77983],[139.62535,35.77929],[139.62544,35.77885],[139.62519,35.77793],[139.62752,35.77768],[139.6287,35.7775],[139.6294,35.77688],[139.6293,35.77514],[139.62907,35.77483],[139.62903,35.77447],[139.62941,35.77398],[139.62939,35.77205],[139.62957,35.77179],[139.63021,35.77234],[139.63072,35.772],[139.63294,35.77072],[139.63349,35.77049],[139.63348,35.76986],[139.63473,35.76987],[139.63483,35.7688],[139.63657,35.76884],[139.63783,35.76892],[139.63854,35.76905],[139.64052,35.76911],[139.64152,35.76942],[139.64207,35.76977],[139.64296,35.77093],[139.64538,35.76945],[139.64594,35.76918],[139.64704,35.76883],[139.64791,35.76862],[139.64844,35.76886],[139.65112,35.76917],[139.65176,35.7691],[139.65223,35.76892],[139.65297,35.76894],[139.65408,35.76911],[139.65582,35.76902],[139.65706,35.7689],[139.65919,35.76876],[139.66113,35.76867],[139.66136,35.76849],[139.66286,35.76817],[139.66458,35.76801],[139.66614,35.76755],[139.66724,35.76729],[139.66773,35.76757],[139.66822,35.76757],[139.66901,35.76654],[139.66935,35.76542],[139.66974,35.76486],[139.67044,35.76266],[139.6707,35.76204],[139.67158,35.76069],[139.67247,35.75987],[139.67336,35.75924],[139.6737,35.75841],[139.6736,35.75722],[139.67319,35.75539],[139.67335,35.75451],[139.67367,35.75405],[139.67407,35.75312],[139.67477,35.75236],[139.67502,35.75189],[139.67444,35.75052],[139.67439,35.75018],[139.674,35.74915],[139.67317,35.74768],[139.67307,35.74729],[139.67223,35.74562],[139.67207,35.74522],[139.67223,35.74451],[139.67332,35.74516],[139.67373,35.74493],[139.6744,35.74546],[139.67501,35.74506],[139.67538,35.74492],[139.67588,35.74539],[139.67758,35.74487],[139.68084,35.74382],[139.68091,35.74333],[139.68059,35.74289],[139.6804,35.74215],[139.67973,35.74162],[139.67929,35.74073],[139.6791,35.74063],[139.6792,35.74019],[139.6798,35.73945],[139.68007,35.73901],[139.68048,35.73871],[139.68076,35.73876],[139.68259,35.7391],[139.68426,35.73965],[139.68548,35.74],[139.68724,35.74056],[139.6886,35.74094],[139.68961,35.74132],[139.69028,35.74185],[139.69134,35.74253],[139.69258,35.74363],[139.69358,35.74298],[139.6943,35.743],[139.69447,35.74281],[139.69453,35.74223],[139.69614,35.74226],[139.69887,35.74239],[139.69905,35.74115],[139.69907,35.74042],[139.69922,35.73973],[139.70099,35.73991],[139.70221,35.73734],[139.70235,35.73713],[139.70197,35.73691],[139.70213,35.73638],[139.70233,35.73615],[139.70358,35.73587],[139.70381,35.73587],[139.70405,35.73715],[139.70445,35.7377],[139.70528,35.73848],[139.7083,35.74164],[139.70869,35.74226],[139.7091,35.74344],[139.70919,35.74404],[139.70983,35.74507],[139.71043,35.74579],[139.71086,35.74575],[139.71378,35.74528],[139.71434,35.74529],[139.71474,35.74544],[139.7148,35.74574],[139.71623,35.74545],[139.71859,35.74522],[139.71951,35.74504]]]},"properties":{"code":"13119","name":"板橋区"}},{"type":"Feature","geometry":{"type":"Polygon","coordinates":[[[139.67797,35.73068],[139.67842,35.73123],[139.67797,35.7317],[139.67848,35.7324],[139.67883,35.73258],[139.67921,35.73323],[139.67928,35.73359],[139.67874,35.73442],[139.67902,35.7349],[139.67929,35.73574],[139.67991,35.73614],[139.68038,35.73737],[139.68075,35.73787],[139.68131,35.7378],[139.68083,35.7383],[139.68076,35.73876],[139.68048,35.73871],[139.68007,35.73901],[139.6798,35.73945],[139.6792,35.74019],[139.6791,35.74063],[139.67929,35.74073],[139.67973,35.74162],[139.6804,35.74215],[139.68059,35.74289],[139.68091,35.74333],[139.68084,35.74382],[139.67758,35.74487],[139.67588,35.74539],[139.67538,35.74492],[139.67501,35.74506],[139.6744,35.74546],[139.67373,35.74493],[139.67332,35.74516],[139.67223,35.74451],[139.67207,35.74522],[139.67223,35.74562],[139.67307,35.74729],[139.67317,35.74768],[139.674,35.74915],[139.67439,35.75018],[139.67444,35.75052],[139.67502,35.75189],[139.67477,35.75236],[139.67407,35.75312],[139.67367,35.75405],[139.67335,35.75451],[139.67319,35.75539],[139.6736,35.75722],[139.6737,35.75841],[139.67336,35.75924],[139.67247,35.75987],[139.67158,35.76069],[139.6707,35.76204],[139.67044,35.76266],[139.66974,35.76486],[139.66935,35.76542],[139.66901,35.76654],[139.66822,35.76757],[139.66773,35.76757],[139.66724,35.76729],[139.66614,35.76755],[139.66458,35.76801],[139.66286,35.76817],[139.66136,35.76849],[139.66113,35.76867],[139.65919,35.76876],[139.65706,35.7689],[139.65582,35.76902],[139.65408,35.76911],[139.65297,35.76894],[139.65223,35.76892],[139.65176,35.7691],[139.65112,35.76917],[139.64844,35.76886],[139.64791,35.76862],[139.64704,35.76883],[139.64594,35.76918],[139.64538,35.76945],[139.64296,35.77093],[139.64207,35.76977],[139.64152,35.76942],[139.64052,35.76911],[139.63854,35.76905],[139.63783,35.76892],[139.63657,35.76884],[139.63483,35.7688],[139.63473,35.76987],[139.63348,35.76986],[139.63349,35.77049],[139.63294,35.77072],[139.63072,35.772],[139.63021,35.77234],[139.62957,35.77179],[139.62939,35.77205],[139.62941,35.77398],[139.62903,35.77447],[139.62907,35.77483],[139.6293,35.77514],[139.6294,35.77688],[139.6287,35.7775],[139.62752,35.77768],[139.62519,35.77793],[139.62544,35.77885],[139.62535,35.77929],[139.62471,35.77983],[139.62473,35.77872],[139.62444,35.77818],[139.62458,35.77752],[139.62445,35.77648],[139.62445,35.7751],[139.62418,35.77461],[139.62428,35.77413],[139.62526,35.77369],[139.6254,35.77318],[139.6256,35.77302],[139.62526,35.77228],[139.62502,35.77251],[139.62408,35.77125],[139.62394,35.77058],[139.62362,35.76969],[139.62323,35.7684],[139.62299,35.76687],[139.62242,35.7668],[139.62062,35.76676],[139.61947,35.76682],[139.61773,35.76665],[139.61758,35.76773],[139.61734,35.76812],[139.61682,35.76844],[139.61679,35.76862],[139.61703,35.76975],[139.61723,35.77035],[139.61674,35.77061],[139.61542,35.77087],[139.61486,35.77087],[139.6141,35.77054],[139.6127,35.77051],[139.61248,35.77043],[139.61171,35.76938],[139.61132,35.76971],[139.61174,35.77019],[139.61143,35.77034],[139.61143,35.77077],[139.61127,35.77107],[139.61021,35.77057],[139.60946,35.76993],[139.60914,35.76955],[139.60875,35.76884],[139.60817,35.769],[139.60777,35.76898],[139.6077,35.76933],[139.60714,35.76938],[139.60647,35.77045],[139.60636,35.77095],[139.60461,35.77022],[139.60429,35.76997],[139.60384,35.77012],[139.60317,35.77086],[139.60286,35.77096],[139.60228,35.77063],[139.60165,35.77042],[139.60031,35.76988],[139.59864,35.7691],[139.59821,35.76914],[139.59789,35.76937],[139.59768,35.76993],[139.59835,35.77017],[139.59743,35.77077],[139.59739,35.77098],[139.59778,35.77134],[139.59844,35.77214],[139.59986,35.77302],[139.60082,35.77353],[139.60268,35.77436],[139.60307,35.7742],[139.60398,35.77422],[139.60447,35.77465],[139.60438,35.77502],[139.60235,35.77547],[139.60031,35.77577],[139.59784,35.77619],[139.59694,35.77641],[139.59714,35.77717],[139.59691,35.77748],[139.5972,35.77837],[139.59477,35.7786],[139.59414,35.7787],[139.5939,35.77816],[139.59382,35.77742],[139.59341,35.77719],[139.5915,35.7777],[139.58876,35.77853],[139.58819,35.77743],[139.58794,35.77681],[139.58721,35.7759],[139.58654,35.77518],[139.58533,35.77521],[139.58423,35.77501],[139.58398,35.77483],[139.584,35.7739],[139.58361,35.77364],[139.58377,35.77285],[139.58369,35.77278],[139.58201,35.77256],[139.58189,35.77218],[139.58208,35.77196],[139.58224,35.77121],[139.581,35.77112],[139.5809,35.77179],[139.58065,35.77179],[139.58068,35.77109],[139.57817,35.77085],[139.57816,35.76982],[139.57807,35.76947],[139.57739,35.76914],[139.57689,35.76807],[139.57434,35.76819],[139.57424,35.76748],[139.57437,35.76682],[139.57459,35.76623],[139.5742,35.76614],[139.57364,35.7665],[139.57239,35.76645],[139.57243,35.76582],[139.57167,35.76567],[139.57071,35.7654],[139.57035,35.76573],[139.57,35.76537],[139.57022,35.76468],[139.57055,35.76423],[139.57093,35.76403],[139.57108,35.76334],[139.57017,35.76307],[139.56973,35.76301],[139.56946,35.76317],[139.56931,35.76363],[139.56824,35.76351],[139.56837,35.76282],[139.56793,35.76279],[139.56783,35.76301],[139.56729,35.76298],[139.56672,35.76274],[139.56687,35.76233],[139.56678,35.76196],[139.56516,35.76186],[139.56481,35.7624],[139.56474,35.76282],[139.56358,35.76284],[139.563,35.76204],[139.56279,35.7616],[139.56378,35.7614],[139.56387,35.76061],[139.56414,35.75966],[139.56445,35.75947],[139.565,35.75856],[139.56553,35.75833],[139.56611,35.75742],[139.56582,35.75709],[139.56583,35.75682],[139.5663,35.75668],[139.56638,35.75603],[139.56685,35.7559],[139.5671,35.75519],[139.56777,35.75507],[139.5677,35.75322],[139.56811,35.75313],[139.56871,35.75243],[139.56901,35.75192],[139.56921,35.75099],[139.56916,35.75049],[139.56928,35.74999],[139.5678,35.75006],[139.5683,35.74878],[139.5688,35.7481],[139.56883,35.74759],[139.56677,35.74743],[139.56696,35.74707],[139.56689,35.74627],[139.56719,35.74599],[139.56747,35.74528],[139.56782,35.74419],[139.56816,35.74276],[139.5682,35.74184],[139.56816,35.74005],[139.56825,35.73808],[139.56796,35.73787],[139.56757,35.73709],[139.56733,35.73636],[139.56942,35.73416],[139.56861,35.73245],[139.56764,35.73058],[139.56739,35.72993],[139.56654,35.7282],[139.56635,35.72792],[139.566,35.72705],[139.56592,35.72605],[139.56526,35.72427],[139.56569,35.72264],[139.56564,35.72166],[139.56771,35.7212],[139.56839,35.72109],[139.57395,35.71943],[139.57513,35.71899],[139.57632,35.71823],[139.57758,35.71718],[139.57944,35.71556],[139.58057,35.71479],[139.58203,35.71394],[139.58375,35.71324],[139.58534,35.71249],[139.58665,35.71191],[139.58681,35.71223],[139.58688,35.71293],[139.58681,35.71326],[139.58644,35.71409],[139.58608,35.71471],[139.58509,35.7161],[139.58497,35.71645],[139.58492,35.71718],[139.58509,35.71802],[139.58579,35.71892],[139.58681,35.71976],[139.58814,35.72018],[139.58945,35.72028],[139.59049,35.72009],[139.59142,35.71964],[139.59216,35.71908],[139.59336,35.71807],[139.59385,35.71829],[139.59436,35.71913],[139.59565,35.72154],[139.59566,35.72217],[139.59645,35.72226],[139.59769,35.72307],[139.59879,35.72354],[139.5998,35.72391],[139.60116,35.72508],[139.60182,35.72544],[139.60195,35.72601],[139.60304,35.72638],[139.60428,35.72698],[139.60771,35.72791],[139.60955,35.72871],[139.61193,35.7293],[139.61479,35.73008],[139.61539,35.73029],[139.61599,35.72983],[139.61682,35.72991],[139.61979,35.73009],[139.62178,35.73045],[139.62455,35.73015],[139.62532,35.73132],[139.62572,35.73211],[139.62601,35.73238],[139.62648,35.73321],[139.62657,35.73364],[139.6273,35.73396],[139.62717,35.73511],[139.62834,35.73529],[139.63037,35.73531],[139.63198,35.73538],[139.63326,35.73536],[139.63354,35.73528],[139.63402,35.73429],[139.63441,35.73435],[139.63507,35.7323],[139.63534,35.7321],[139.63643,35.73228],[139.63674,35.7311],[139.63741,35.72962],[139.63766,35.72949],[139.63801,35.72866],[139.63804,35.72828],[139.63827,35.72803],[139.63924,35.72786],[139.63965,35.7273],[139.63986,35.72722],[139.6398,35.72682],[139.63993,35.72631],[139.64168,35.72594],[139.64357,35.72531],[139.64409,35.72548],[139.6474,35.72549],[139.64744,35.72675],[139.65009,35.72673],[139.65047,35.72689],[139.65079,35.72665],[139.65178,35.72633],[139.65244,35.72635],[139.65358,35.72628],[139.65372,35.72649],[139.65554,35.72644],[139.65645,35.72636],[139.65805,35.72587],[139.65863,35.72582],[139.65962,35.72583],[139.65963,35.72664],[139.66088,35.72659],[139.66169,35.72669],[139.66225,35.72692],[139.66257,35.72731],[139.66343,35.72812],[139.66366,35.72875],[139.66398,35.72919],[139.6647,35.73097],[139.66513,35.73132],[139.66621,35.73135],[139.66696,35.73114],[139.66715,35.73153],[139.66818,35.73139],[139.66836,35.73207],[139.66936,35.73218],[139.66968,35.73257],[139.67039,35.73233],[139.67111,35.73295],[139.67146,35.73354],[139.67301,35.73355],[139.67333,35.73336],[139.67468,35.73306],[139.67506,35.73279],[139.67749,35.73075],[139.67797,35.73068]]]},"properties":{"code":"13120","name":"練馬区"}},{"type":"Feature","geometry":{"type":"Polygon","coordinates":[[[139.82036,35.74343],[139.8196,35.74496],[139.81826,35.74744],[139.81716,35.74914],[139.81609,35.75055],[139.81454,35.75234],[139.81489,35.75346],[139.81397,35.75396],[139.81347,35.75447],[139.81327,35.7552],[139.81344,35.75618],[139.81345,35.75691],[139.81322,35.75741],[139.81327,35.75834],[139.81321,35.75902],[139.81338,35.75957],[139.81354,35.75967],[139.81716,35.76073],[139.81725,35.76021],[139.81835,35.7604],[139.81974,35.76045],[139.82025,35.75598],[139.82034,35.75593],[139.8226,35.75558],[139.82354,35.75587],[139.82393,35.75848],[139.8244,35.76136],[139.82437,35.76179],[139.82697,35.76209],[139.82694,35.76186],[139.82625,35.76168],[139.82614,35.76104],[139.82557,35.75969],[139.82542,35.75913],[139.82563,35.75825],[139.82595,35.7579],[139.82755,35.75735],[139.82864,35.75732],[139.82987,35.75766],[139.83064,35.75834],[139.831,35.75908],[139.83101,35.7612],[139.83091,35.76227],[139.83101,35.76274],[139.83154,35.76353],[139.83192,35.76379],[139.83234,35.76384],[139.8339,35.76339],[139.83446,35.76331],[139.83546,35.76337],[139.83587,35.76301],[139.83748,35.76319],[139.83763,35.7637],[139.83767,35.76426],[139.83746,35.76459],[139.83767,35.76576],[139.83831,35.76623],[139.83923,35.76633],[139.84169,35.76644],[139.84205,35.7666],[139.84244,35.76729],[139.84273,35.76762],[139.8436,35.76839],[139.84406,35.76871],[139.84501,35.76922],[139.8458,35.76952],[139.84712,35.76944],[139.84837,35.76959],[139.8495,35.76962],[139.8513,35.76988],[139.85154,35.76813],[139.85165,35.76699],[139.85218,35.76575],[139.85293,35.76563],[139.85485,35.76514],[139.85641,35.76444],[139.85657,35.76443],[139.85753,35.76531],[139.85807,35.76587],[139.85845,35.76649],[139.8588,35.76791],[139.85853,35.76926],[139.85823,35.77002],[139.85776,35.77083],[139.85554,35.77345],[139.85432,35.77482],[139.85211,35.77716],[139.85059,35.77868],[139.84967,35.77968],[139.84853,35.78115],[139.84805,35.78187],[139.84723,35.78349],[139.8464,35.78521],[139.84527,35.78771],[139.84481,35.78926],[139.84432,35.79119],[139.84419,35.79274],[139.84427,35.79385],[139.84465,35.79474],[139.84514,35.79527],[139.84675,35.79651],[139.84586,35.79754],[139.84434,35.79906],[139.84387,35.79949],[139.84339,35.7998],[139.84232,35.80012],[139.84111,35.80031],[139.83952,35.8007],[139.83801,35.80081],[139.83722,35.80064],[139.83661,35.80016],[139.83581,35.799],[139.83546,35.79865],[139.83457,35.79792],[139.83415,35.79744],[139.83361,35.79664],[139.83277,35.79568],[139.83176,35.79509],[139.83085,35.79463],[139.82924,35.79417],[139.8284,35.79405],[139.82756,35.79379],[139.82698,35.79351],[139.82605,35.79336],[139.82507,35.79394],[139.82464,35.79474],[139.82444,35.79495],[139.82353,35.79518],[139.82248,35.79565],[139.82121,35.79675],[139.82049,35.79754],[139.82011,35.79811],[139.81968,35.79898],[139.81965,35.79959],[139.81989,35.8002],[139.82032,35.80102],[139.82018,35.80216],[139.82031,35.80319],[139.82075,35.80554],[139.82115,35.80632],[139.82152,35.80684],[139.82249,35.80842],[139.82292,35.80941],[139.82465,35.81065],[139.82486,35.811],[139.82493,35.8119],[139.82369,35.81388],[139.82339,35.81415],[139.82169,35.81489],[139.82106,35.81508],[139.82061,35.81397],[139.82011,35.813],[139.82011,35.8128],[139.8211,35.81144],[139.82053,35.81123],[139.81965,35.81178],[139.81861,35.81106],[139.81873,35.81176],[139.81813,35.81142],[139.81793,35.81042],[139.81651,35.80956],[139.8147,35.80871],[139.8133,35.80832],[139.81133,35.80825],[139.80961,35.80831],[139.80553,35.80875],[139.80471,35.80879],[139.80293,35.80866],[139.8023,35.80855],[139.8008,35.80771],[139.80037,35.80706],[139.79969,35.80659],[139.79884,35.80619],[139.7967,35.8058],[139.79535,35.80534],[139.794,35.8052],[139.79243,35.80529],[139.79178,35.80542],[139.79022,35.8059],[139.78792,35.80669],[139.78723,35.80688],[139.7865,35.80692],[139.78396,35.8069],[139.78313,35.80719],[139.78149,35.80715],[139.78061,35.80751],[139.77964,35.80835],[139.77923,35.80825],[139.77851,35.80894],[139.77825,35.8094],[139.77748,35.81024],[139.77745,35.81066],[139.77715,35.81102],[139.77285,35.81556],[139.77176,35.81687],[139.77131,35.8172],[139.7703,35.81749],[139.7681,35.81771],[139.76716,35.81765],[139.76622,35.81747],[139.76588,35.81726],[139.7656,35.81682],[139.76515,35.81644],[139.76578,35.81574],[139.76492,35.81519],[139.76428,35.81491],[139.76333,35.81431],[139.76201,35.81335],[139.76127,35.81289],[139.75977,35.81232],[139.7584,35.81205],[139.75759,35.81197],[139.75715,35.81206],[139.75561,35.81271],[139.75524,35.81118],[139.7552,35.81073],[139.75478,35.81057],[139.75446,35.81087],[139.75384,35.81047],[139.75301,35.81094],[139.75248,35.81057],[139.75191,35.81094],[139.75142,35.81073],[139.75077,35.81017],[139.7508,35.80959],[139.75045,35.80929],[139.75083,35.80891],[139.7503,35.80862],[139.75093,35.80789],[139.7505,35.80752],[139.75047,35.80727],[139.75066,35.80667],[139.75097,35.80637],[139.7522,35.80559],[139.75338,35.80468],[139.75457,35.80368],[139.7553,35.80318],[139.75578,35.80231],[139.75628,35.80175],[139.75821,35.80003],[139.75907,35.79938],[139.75981,35.79893],[139.7606,35.79788],[139.76077,35.79741],[139.76059,35.79663],[139.76022,35.79542],[139.75997,35.79434],[139.75913,35.79346],[139.75899,35.79317],[139.75805,35.79225],[139.75642,35.79074],[139.7556,35.79003],[139.75589,35.78968],[139.75595,35.78896],[139.75626,35.78864],[139.75532,35.78759],[139.7554,35.78719],[139.755,35.7869],[139.75378,35.78695],[139.75349,35.78649],[139.75228,35.78623],[139.75171,35.78624],[139.75142,35.78612],[139.75122,35.78643],[139.75003,35.78594],[139.74928,35.78605],[139.74886,35.786],[139.74804,35.7865],[139.7473,35.7868],[139.7467,35.78682],[139.74659,35.78493],[139.74629,35.78389],[139.74582,35.78328],[139.74507,35.78282],[139.74372,35.78216],[139.74262,35.7817],[139.74106,35.78125],[139.73915,35.78063],[139.73805,35.78022],[139.73829,35.7797],[139.73828,35.77875],[139.73819,35.77825],[139.73788,35.77743],[139.73617,35.77416],[139.73592,35.77343],[139.73572,35.77259],[139.73575,35.77163],[139.73589,35.77105],[139.73619,35.77062],[139.73673,35.77022],[139.73744,35.76995],[139.73848,35.76976],[139.74043,35.76919],[139.74302,35.76805],[139.74573,35.76713],[139.74641,35.76701],[139.74708,35.76703],[139.74809,35.76718],[139.75015,35.76725],[139.75128,35.76743],[139.75312,35.76793],[139.75432,35.76817],[139.75498,35.76838],[139.75794,35.77018],[139.75899,35.76956],[139.7597,35.76879],[139.75997,35.76822],[139.76015,35.76755],[139.7601,35.76676],[139.75984,35.76628],[139.75889,35.7652],[139.75817,35.76459],[139.75712,35.76408],[139.75603,35.76372],[139.75503,35.76322],[139.75414,35.7626],[139.75132,35.76104],[139.74889,35.75981],[139.74835,35.75912],[139.74827,35.75862],[139.74834,35.75809],[139.74859,35.75757],[139.74906,35.75704],[139.75007,35.75646],[139.75122,35.75607],[139.75297,35.75569],[139.7537,35.75559],[139.75796,35.75486],[139.76067,35.75444],[139.76441,35.75399],[139.76675,35.75384],[139.77036,35.75365],[139.77165,35.75361],[139.77515,35.75365],[139.7761,35.75368],[139.78071,35.75409],[139.78247,35.75415],[139.78398,35.75404],[139.78466,35.75386],[139.7888,35.75251],[139.78946,35.75212],[139.79013,35.75161],[139.7906,35.75113],[139.79112,35.7503],[139.79123,35.74965],[139.79091,35.74849],[139.79055,35.7482],[139.7896,35.74774],[139.78869,35.74702],[139.78844,35.7463],[139.78854,35.7454],[139.78894,35.7444],[139.78998,35.74285],[139.79048,35.74228],[139.79111,35.74169],[139.79242,35.74078],[139.79328,35.74037],[139.7948,35.73983],[139.80144,35.7386],[139.80244,35.73863],[139.80421,35.73916],[139.80749,35.74028],[139.80911,35.74086],[139.8106,35.74112],[139.81158,35.74107],[139.81304,35.74074],[139.8137,35.74032],[139.81425,35.73964],[139.8145,35.7388],[139.81525,35.7396],[139.81602,35.74076],[139.81658,35.74146],[139.81725,35.74209],[139.81811,35.74262],[139.82036,35.74343]]]},"properties":{"code":"13121","name":"足立区"}},{"type":"Feature","geometry":{"type":"Polygon","coordinates":[[[139.84215,35.71931],[139.84908,35.71296],[139.85136,35.71085],[139.85404,35.71247],[139.85454,35.71283],[139.85495,35.71347],[139.85531,35.7138],[139.85579,35.71374],[139.85627,35.71446],[139.85794,35.714],[139.85808,35.71414],[139.85855,35.71382],[139.85907,35.71417],[139.85962,35.71366],[139.86056,35.71434],[139.86224,35.71283],[139.86264,35.71314],[139.86296,35.71291],[139.86356,35.71322],[139.86483,35.71304],[139.86485,35.7132],[139.86661,35.71291],[139.86657,35.7123],[139.8674,35.71212],[139.86783,35.71275],[139.86802,35.71319],[139.86846,35.71358],[139.86861,35.71421],[139.86857,35.71458],[139.86822,35.7152],[139.86789,35.71551],[139.86759,35.71624],[139.86682,35.71765],[139.86655,35.71785],[139.86627,35.71853],[139.86644,35.71907],[139.867,35.71954],[139.86727,35.72006],[139.86736,35.72126],[139.86801,35.7225],[139.86832,35.723],[139.86898,35.72331],[139.86874,35.7238],[139.86971,35.72444],[139.86979,35.72428],[139.87055,35.72471],[139.87046,35.72626],[139.87,35.72761],[139.87027,35.72875],[139.87014,35.72902],[139.87083,35.72911],[139.87176,35.72982],[139.87218,35.73004],[139.87218,35.73088],[139.87232,35.73171],[139.87193,35.73243],[139.87249,35.73391],[139.87217,35.73444],[139.87264,35.73461],[139.87351,35.73517],[139.8737,35.73596],[139.87395,35.73602],[139.87355,35.73666],[139.87326,35.73688],[139.87293,35.73737],[139.87318,35.7377],[139.87379,35.73686],[139.87466,35.73675],[139.87476,35.73706],[139.87524,35.73728],[139.87654,35.73704],[139.87693,35.73765],[139.87681,35.73857],[139.87715,35.73879],[139.87743,35.74013],[139.87724,35.74025],[139.87758,35.74092],[139.87795,35.74099],[139.87991,35.74013],[139.88051,35.74028],[139.87979,35.74153],[139.88069,35.74164],[139.88102,35.74197],[139.88107,35.74271],[139.88155,35.74286],[139.88151,35.74331],[139.88214,35.7435],[139.88185,35.74438],[139.88293,35.74485],[139.88395,35.74486],[139.88392,35.74513],[139.88464,35.7452],[139.88458,35.74557],[139.88502,35.7456],[139.8849,35.74654],[139.88427,35.74649],[139.88396,35.74686],[139.88283,35.74748],[139.88311,35.74813],[139.88299,35.74834],[139.88231,35.74862],[139.88137,35.74866],[139.88044,35.74848],[139.88075,35.74973],[139.88216,35.74967],[139.88271,35.74954],[139.88302,35.74985],[139.88458,35.74996],[139.88455,35.75044],[139.88577,35.75041],[139.88592,35.75067],[139.88924,35.75069],[139.88998,35.75077],[139.88791,35.75323],[139.88655,35.75458],[139.88405,35.75741],[139.88321,35.75862],[139.88267,35.76201],[139.88224,35.76303],[139.88079,35.76477],[139.88009,35.76595],[139.87971,35.76678],[139.87946,35.76752],[139.87939,35.76801],[139.87946,35.76849],[139.87985,35.76973],[139.88029,35.7708],[139.88076,35.77167],[139.88175,35.77286],[139.88285,35.77353],[139.88507,35.77446],[139.88848,35.77579],[139.89025,35.77658],[139.892,35.77743],[139.89342,35.77832],[139.8938,35.77871],[139.89424,35.77939],[139.89446,35.77992],[139.89454,35.78091],[139.89433,35.78164],[139.89378,35.78275],[139.89121,35.78325],[139.88876,35.78384],[139.88775,35.78402],[139.88724,35.78402],[139.88647,35.78381],[139.88312,35.78257],[139.88136,35.78207],[139.87725,35.78117],[139.8763,35.78124],[139.87454,35.78178],[139.87336,35.78292],[139.87204,35.78504],[139.87176,35.78475],[139.87134,35.78558],[139.87119,35.78663],[139.87131,35.78739],[139.87155,35.78798],[139.87326,35.79039],[139.87596,35.79219],[139.87636,35.79261],[139.87658,35.7932],[139.87661,35.79383],[139.87626,35.79479],[139.87569,35.79553],[139.87475,35.79654],[139.87431,35.79686],[139.87339,35.79717],[139.87176,35.79734],[139.87077,35.79732],[139.86872,35.79701],[139.86772,35.79668],[139.86549,35.79565],[139.86385,35.79483],[139.86283,35.79484],[139.86136,35.79505],[139.86079,35.79524],[139.8599,35.79533],[139.85927,35.7951],[139.85899,35.79485],[139.85848,35.79359],[139.85805,35.79269],[139.85737,35.79177],[139.85649,35.79096],[139.85592,35.79082],[139.85529,35.79085],[139.85457,35.79105],[139.85356,35.79156],[139.85265,35.79216],[139.8501,35.79406],[139.84852,35.79528],[139.84721,35.79583],[139.84675,35.79651],[139.84514,35.79527],[139.84465,35.79474],[139.84427,35.79385],[139.84419,35.79274],[139.84432,35.79119],[139.84481,35.78926],[139.84527,35.78771],[139.8464,35.78521],[139.84723,35.78349],[139.84805,35.78187],[139.84853,35.78115],[139.84967,35.77968],[139.85059,35.77868],[139.85211,35.77716],[139.85432,35.77482],[139.85554,35.77345],[139.85776,35.77083],[139.85823,35.77002],[139.85853,35.76926],[139.8588,35.76791],[139.85845,35.76649],[139.85807,35.76587],[139.85753,35.76531],[139.85657,35.76443],[139.85641,35.76444],[139.85485,35.76514],[139.85293,35.76563],[139.85218,35.76575],[139.85165,35.76699],[139.85154,35.76813],[139.8513,35.76988],[139.8495,35.76962],[139.84837,35.76959],[139.84712,35.76944],[139.8458,35.76952],[139.84501,35.76922],[139.84406,35.76871],[139.8436,35.76839],[139.84273,35.76762],[139.84244,35.76729],[139.84205,35.7666],[139.84169,35.76644],[139.83923,35.76633],[139.83831,35.76623],[139.83767,35.76576],[139.83746,35.76459],[139.83767,35.76426],[139.83763,35.7637],[139.83748,35.76319],[139.83587,35.76301],[139.83546,35.76337],[139.83446,35.76331],[139.8339,35.76339],[139.83234,35.76384],[139.83192,35.76379],[139.83154,35.76353],[139.83101,35.76274],[139.83091,35.76227],[139.83101,35.7612],[139.831,35.75908],[139.83064,35.75834],[139.82987,35.75766],[139.82864,35.75732],[139.82755,35.75735],[139.82595,35.7579],[139.82563,35.75825],[139.82542,35.75913],[139.82557,35.75969],[139.82614,35.76104],[139.82625,35.76168],[139.82694,35.76186],[139.82697,35.76209],[139.82437,35.76179],[139.8244,35.76136],[139.82393,35.75848],[139.82354,35.75587],[139.8226,35.75558],[139.82034,35.75593],[139.82025,35.75598],[139.81974,35.76045],[139.81835,35.7604],[139.81725,35.76021],[139.81716,35.76073],[139.81354,35.75967],[139.81338,35.75957],[139.81321,35.75902],[139.81327,35.75834],[139.81322,35.75741],[139.81345,35.75691],[139.81344,35.75618],[139.81327,35.7552],[139.81347,35.75447],[139.81397,35.75396],[139.81489,35.75346],[139.81454,35.75234],[139.81609,35.75055],[139.81716,35.74914],[139.81826,35.74744],[139.8196,35.74496],[139.82036,35.74343],[139.82106,35.7422],[139.82382,35.73771],[139.82481,35.73648],[139.82842,35.7326],[139.82977,35.73118],[139.83113,35.72986],[139.83464,35.72633],[139.83711,35.72396],[139.84215,35.71931]]]},"properties":{"code":"13122","name":"葛飾区"}},{"type":"Feature","geometry":{"type":"MultiPolygon","coordinates":[[[[139.86252,35.63546],[139.86243,35.63511],[139.86322,35.63491],[139.86354,35.635],[139.86348,35.63535],[139.86303,35.63535],[139.86293,35.63561],[139.86252,35.63546]]],[[[139.85,35.65654],[139.85038,35.65653],[139.85036,35.65624],[139.85034,35.65598],[139.8502,35.65395],[139.85018,35.65364],[139.85009,35.65234],[139.85004,35.65171],[139.85,35.65116],[139.84992,35.65],[139.84991,35.64981],[139.84989,35.64947],[139.84982,35.64854],[139.84973,35.64729],[139.84966,35.64633],[139.84966,35.6462],[139.84959,35.64534],[139.84947,35.64366],[139.84942,35.6429],[139.84943,35.64281],[139.84944,35.64276],[139.84996,35.64238],[139.85199,35.64212],[139.85309,35.6414],[139.85445,35.64065],[139.8554,35.64021],[139.85656,35.63975],[139.85837,35.63919],[139.85993,35.63884],[139.86095,35.63869],[139.86242,35.63856],[139.86431,35.63854],[139.86645,35.6387],[139.86753,35.63888],[139.86904,35.6392],[139.87073,35.6389],[139.87146,35.63864],[139.87531,35.64062],[139.8796,35.64275],[139.88263,35.64438],[139.88349,35.64512],[139.88378,35.64563],[139.884,35.64648],[139.88533,35.65001],[139.88603,35.65156],[139.8869,35.65373],[139.88732,35.65555],[139.88739,35.65617],[139.88733,35.65713],[139.88714,35.66187],[139.88711,35.66451],[139.88732,35.66632],[139.88737,35.66792],[139.88723,35.66879],[139.88607,35.67114],[139.88565,35.67207],[139.88553,35.67277],[139.88562,35.67486],[139.88621,35.67774],[139.88643,35.67857],[139.88694,35.67926],[139.88795,35.67999],[139.88908,35.68055],[139.89087,35.68131],[139.89205,35.68164],[139.89356,35.682],[139.89598,35.68236],[139.89947,35.68275],[139.90379,35.68312],[139.90506,35.68335],[139.90594,35.68367],[139.90715,35.68438],[139.90865,35.68551],[139.91061,35.68758],[139.91385,35.69093],[139.91491,35.69229],[139.91662,35.69473],[139.91874,35.69771],[139.9189,35.69861],[139.91865,35.69984],[139.91783,35.70173],[139.91699,35.70352],[139.91655,35.70529],[139.91621,35.708],[139.91477,35.70951],[139.91344,35.71051],[139.91157,35.71156],[139.90926,35.71292],[139.90812,35.71386],[139.9075,35.71465],[139.90677,35.71577],[139.9057,35.71784],[139.90478,35.71888],[139.90398,35.71959],[139.90183,35.72117],[139.89994,35.72247],[139.89865,35.72345],[139.89798,35.72429],[139.89765,35.725],[139.89721,35.72675],[139.89714,35.72784],[139.89726,35.72928],[139.89757,35.73058],[139.89794,35.73187],[139.90036,35.73617],[139.90089,35.73746],[139.90102,35.7385],[139.90097,35.74006],[139.90068,35.74135],[139.89945,35.74439],[139.89856,35.74541],[139.89767,35.74613],[139.89666,35.74671],[139.89288,35.74808],[139.89139,35.74927],[139.88998,35.75077],[139.88924,35.75069],[139.88592,35.75067],[139.88577,35.75041],[139.88455,35.75044],[139.88458,35.74996],[139.88302,35.74985],[139.88271,35.74954],[139.88216,35.74967],[139.88075,35.74973],[139.88044,35.74848],[139.88137,35.74866],[139.88231,35.74862],[139.88299,35.74834],[139.88311,35.74813],[139.88283,35.74748],[139.88396,35.74686],[139.88427,35.74649],[139.8849,35.74654],[139.88502,35.7456],[139.88458,35.74557],[139.88464,35.7452],[139.88392,35.74513],[139.88395,35.74486],[139.88293,35.74485],[139.88185,35.74438],[139.88214,35.7435],[139.88151,35.74331],[139.88155,35.74286],[139.88107,35.74271],[139.88102,35.74197],[139.88069,35.74164],[139.87979,35.74153],[139.88051,35.74028],[139.87991,35.74013],[139.87795,35.74099],[139.87758,35.74092],[139.87724,35.74025],[139.87743,35.74013],[139.87715,35.73879],[139.87681,35.73857],[139.87693,35.73765],[139.87654,35.73704],[139.87524,35.73728],[139.87476,35.73706],[139.87466,35.73675],[139.87379,35.73686],[139.87318,35.7377],[139.87293,35.73737],[139.87326,35.73688],[139.87355,35.73666],[139.87395,35.73602],[139.8737,35.73596],[139.87351,35.73517],[139.87264,35.73461],[139.87217,35.73444],[139.87249,35.73391],[139.87193,35.73243],[139.87232,35.73171],[139.87218,35.73088],[139.87218,35.73004],[139.87176,35.72982],[139.87083,35.72911],[139.87014,35.72902],[139.87027,35.72875],[139.87,35.72761],[139.87046,35.72626],[139.87055,35.72471],[139.86979,35.72428],[139.86971,35.72444],[139.86874,35.7238],[139.86898,35.72331],[139.86832,35.723],[139.86801,35.7225],[139.86736,35.72126],[139.86727,35.72006],[139.867,35.71954],[139.86644,35.71907],[139.86627,35.71853],[139.86655,35.71785],[139.86682,35.71765],[139.86759,35.71624],[139.86789,35.71551],[139.86822,35.7152],[139.86857,35.71458],[139.86861,35.71421],[139.86846,35.71358],[139.86802,35.71319],[139.86783,35.71275],[139.8674,35.71212],[139.86657,35.7123],[139.86661,35.71291],[139.86485,35.7132],[139.86483,35.71304],[139.86356,35.71322],[139.86296,35.71291],[139.86264,35.71314],[139.86224,35.71283],[139.86056,35.71434],[139.85962,35.71366],[139.85907,35.71417],[139.85855,35.71382],[139.85808,35.71414],[139.85794,35.714],[139.85627,35.71446],[139.85579,35.71374],[139.85531,35.7138],[139.85495,35.71347],[139.85454,35.71283],[139.85404,35.71247],[139.85136,35.71085],[139.84908,35.71296],[139.84215,35.71931],[139.84025,35.71783],[139.83905,35.71711],[139.83859,35.71744],[139.83793,35.71768],[139.83677,35.71796],[139.8361,35.71797],[139.8355,35.71787],[139.83477,35.71757],[139.83416,35.71716],[139.83375,35.71677],[139.83316,35.71576],[139.83316,35.7151],[139.83363,35.71402],[139.83417,35.71344],[139.83536,35.71254],[139.83597,35.7122],[139.8382,35.71148],[139.83882,35.7112],[139.83931,35.71087],[139.83961,35.71035],[139.8395,35.70981],[139.83888,35.70915],[139.83742,35.7082],[139.83564,35.70669],[139.8349,35.70583],[139.83455,35.70529],[139.83439,35.70473],[139.8348,35.70368],[139.8354,35.70302],[139.83625,35.70258],[139.83804,35.70184],[139.84075,35.70087],[139.84265,35.70007],[139.84381,35.69954],[139.84453,35.69908],[139.84511,35.69856],[139.84566,35.69793],[139.84637,35.69698],[139.84771,35.69497],[139.84783,35.69256],[139.84789,35.69055],[139.84776,35.68925],[139.84759,35.68809],[139.84708,35.68637],[139.84647,35.68399],[139.84638,35.68338],[139.8466,35.68307],[139.84551,35.68129],[139.84564,35.68114],[139.84823,35.67913],[139.84778,35.67787],[139.84733,35.6761],[139.84689,35.67385],[139.8465,35.66991],[139.84639,35.66791],[139.8463,35.66667],[139.84608,35.66361],[139.846,35.6626],[139.84588,35.66091],[139.84569,35.65833],[139.84554,35.65672],[139.85,35.65654]]],[[[139.84992,35.63839],[139.85071,35.6386],[139.85237,35.63862],[139.85359,35.63851],[139.85579,35.6381],[139.85711,35.63768],[139.85766,35.63742],[139.85841,35.63689],[139.85868,35.63645],[139.85764,35.63532],[139.85784,35.63523],[139.85892,35.63646],[139.85907,35.63702],[139.85898,35.63742],[139.85863,35.63784],[139.85812,35.63811],[139.85647,35.63855],[139.85575,35.63853],[139.85551,35.63863],[139.85495,35.63923],[139.85254,35.64021],[139.85154,35.64041],[139.85083,35.64028],[139.85035,35.64001],[139.84993,35.63956],[139.84973,35.639],[139.84954,35.63627],[139.84979,35.63625],[139.84992,35.63839]]],[[[139.85833,35.63449],[139.85995,35.63626],[139.86063,35.63672],[139.86107,35.63692],[139.86172,35.63669],[139.86173,35.63617],[139.8624,35.63608],[139.86269,35.63588],[139.86327,35.6357],[139.86366,35.63588],[139.86396,35.63628],[139.86437,35.63647],[139.8653,35.63594],[139.86694,35.63469],[139.86736,35.63468],[139.8675,35.63513],[139.867,35.63576],[139.86607,35.63632],[139.86491,35.63686],[139.86403,35.63716],[139.86321,35.63733],[139.86201,35.63731],[139.86119,35.63713],[139.86065,35.63692],[139.85998,35.63652],[139.8595,35.63609],[139.85816,35.63459],[139.85833,35.63449]]]]},"properties":{"code":"13123","name":"江戸川区"}},{"type":"Feature","geometry":{"type":"Polygon","coordinates":[[[139.1616,35.66791],[139.16174,35.6674],[139.1621,35.66698],[139.16265,35.66674],[139.16325,35.66662],[139.16384,35.66627],[139.16422,35.66554],[139.16498,35.66528],[139.16514,35.66496],[139.16493,35.66416],[139.16513,35.66334],[139.16542,35.66303],[139.166,35.6629],[139.16636,35.6622],[139.16717,35.66183],[139.16693,35.66064],[139.16693,35.65962],[139.16725,35.65909],[139.16836,35.65856],[139.16836,35.65767],[139.16862,35.65711],[139.16858,35.6567],[139.16795,35.65568],[139.16792,35.65432],[139.16778,35.65372],[139.16675,35.65274],[139.16659,35.65234],[139.16666,35.65185],[139.16702,35.65101],[139.16743,35.651],[139.16804,35.65116],[139.16873,35.65118],[139.16934,35.65148],[139.16993,35.65131],[139.1706,35.65085],[139.17179,35.65034],[139.17292,35.65044],[139.17374,35.65035],[139.17438,35.65004],[139.17525,35.64973],[139.17585,35.64916],[139.17612,35.64819],[139.17719,35.64737],[139.17758,35.64681],[139.17802,35.64654],[139.17886,35.64574],[139.17916,35.64557],[139.18109,35.64574],[139.18186,35.64566],[139.18267,35.64543],[139.18318,35.64538],[139.18406,35.64509],[139.18449,35.64524],[139.18577,35.64587],[139.18654,35.64615],[139.1872,35.64623],[139.18808,35.64657],[139.18919,35.64642],[139.19003,35.64663],[139.19092,35.64729],[139.19153,35.6474],[139.19199,35.64782],[139.19217,35.64829],[139.19243,35.65014],[139.19256,35.65037],[139.19326,35.65099],[139.19412,35.65182],[139.1946,35.65142],[139.19507,35.65126],[139.19573,35.65129],[139.19678,35.65199],[139.19707,35.65245],[139.19803,35.65295],[139.19849,35.65302],[139.19903,35.65287],[139.19974,35.65294],[139.20019,35.65262],[139.20131,35.65254],[139.20162,35.65261],[139.20204,35.653],[139.20258,35.65246],[139.20316,35.65232],[139.20356,35.65169],[139.20394,35.6516],[139.20527,35.65158],[139.20564,35.65136],[139.20639,35.65062],[139.20662,35.65015],[139.20694,35.64988],[139.20773,35.64958],[139.20912,35.64951],[139.20994,35.6492],[139.21104,35.6492],[139.21146,35.64912],[139.21207,35.64856],[139.21288,35.64804],[139.21367,35.64778],[139.21424,35.64719],[139.21479,35.64694],[139.21496,35.6465],[139.21546,35.64612],[139.21573,35.64556],[139.21564,35.64516],[139.21515,35.64456],[139.21481,35.64396],[139.21482,35.64288],[139.21469,35.64224],[139.21443,35.64168],[139.21446,35.6414],[139.21488,35.64091],[139.21516,35.64026],[139.21553,35.63914],[139.21525,35.63792],[139.21532,35.63729],[139.21546,35.63694],[139.21604,35.63651],[139.21652,35.63579],[139.21664,35.63536],[139.21665,35.63474],[139.21679,35.63448],[139.21728,35.63428],[139.21782,35.63383],[139.21854,35.63365],[139.21867,35.63345],[139.2188,35.63268],[139.21916,35.63197],[139.2199,35.63114],[139.22074,35.63061],[139.22078,35.63032],[139.2211,35.63004],[139.22143,35.62947],[139.22147,35.62916],[139.22097,35.62834],[139.22016,35.6276],[139.21948,35.62668],[139.21942,35.62623],[139.21975,35.6258],[139.22023,35.62557],[139.2225,35.625],[139.2237,35.62454],[139.22411,35.6243],[139.22545,35.62375],[139.22606,35.6233],[139.22601,35.62261],[139.2265,35.6221],[139.22721,35.6211],[139.22758,35.62082],[139.22817,35.62075],[139.22887,35.62023],[139.22932,35.6194],[139.22966,35.61899],[139.22991,35.61829],[139.23011,35.61743],[139.23038,35.61713],[139.23045,35.61661],[139.2303,35.61624],[139.22988,35.61457],[139.23087,35.61394],[139.23155,35.61334],[139.23234,35.61296],[139.23292,35.61237],[139.23328,35.61216],[139.23389,35.61199],[139.23455,35.61169],[139.23556,35.61067],[139.2365,35.60984],[139.23668,35.60975],[139.23766,35.60986],[139.23798,35.60935],[139.23809,35.60788],[139.23827,35.60746],[139.23864,35.60698],[139.23906,35.60672],[139.23974,35.60658],[139.24059,35.60625],[139.24174,35.60634],[139.24264,35.60629],[139.24424,35.60576],[139.24539,35.60516],[139.24577,35.60509],[139.24687,35.60522],[139.24763,35.60492],[139.24835,35.60455],[139.24925,35.60366],[139.25054,35.60331],[139.25075,35.6032],[139.2512,35.60252],[139.25222,35.60167],[139.25298,35.60199],[139.25355,35.60246],[139.25492,35.60283],[139.25564,35.60314],[139.25684,35.60398],[139.25771,35.60423],[139.25798,35.60416],[139.25877,35.60365],[139.25972,35.60354],[139.26051,35.60315],[139.2613,35.60285],[139.26183,35.60301],[139.26214,35.60296],[139.26337,35.60237],[139.26401,35.60248],[139.26478,35.60246],[139.26507,35.6031],[139.26515,35.60373],[139.26544,35.60404],[139.26565,35.60467],[139.266,35.60517],[139.26614,35.60563],[139.26587,35.60648],[139.26584,35.60735],[139.26616,35.60811],[139.26644,35.60824],[139.26738,35.6083],[139.26827,35.60924],[139.2688,35.60935],[139.26902,35.6099],[139.26913,35.61054],[139.26896,35.61096],[139.26912,35.61153],[139.2688,35.61212],[139.26916,35.61262],[139.26996,35.61286],[139.27086,35.61342],[139.27153,35.61398],[139.272,35.614],[139.2725,35.61387],[139.27336,35.6138],[139.27388,35.61388],[139.27443,35.61426],[139.27441,35.61485],[139.27559,35.61548],[139.2758,35.61584],[139.27637,35.61639],[139.27667,35.61701],[139.27673,35.61765],[139.27695,35.61859],[139.27765,35.61939],[139.27791,35.61946],[139.27847,35.6192],[139.27908,35.61879],[139.27937,35.61897],[139.27931,35.61949],[139.27963,35.61965],[139.27992,35.62007],[139.28047,35.62],[139.281,35.62024],[139.28159,35.6198],[139.28185,35.61979],[139.28278,35.62079],[139.28312,35.62078],[139.28345,35.62034],[139.28387,35.62039],[139.2842,35.62088],[139.28455,35.62109],[139.28568,35.6208],[139.28592,35.6209],[139.28653,35.62142],[139.28703,35.62203],[139.28742,35.62184],[139.28839,35.62158],[139.28862,35.62106],[139.28899,35.62073],[139.28923,35.62023],[139.28976,35.62037],[139.29002,35.62059],[139.2906,35.6208],[139.29133,35.62061],[139.29205,35.62103],[139.29314,35.6209],[139.29353,35.62053],[139.29337,35.61988],[139.29366,35.61937],[139.29364,35.61857],[139.29374,35.61833],[139.29454,35.61742],[139.29476,35.61692],[139.29441,35.61638],[139.29359,35.61571],[139.29354,35.61547],[139.29451,35.61533],[139.29502,35.61547],[139.29554,35.61578],[139.29625,35.61548],[139.29679,35.6155],[139.29804,35.61611],[139.30001,35.61599],[139.30102,35.61561],[139.30349,35.61518],[139.3056,35.61591],[139.30623,35.61588],[139.30762,35.61624],[139.30846,35.61587],[139.30907,35.61603],[139.31013,35.61578],[139.31126,35.61512],[139.31248,35.61481],[139.31363,35.61446],[139.31421,35.61414],[139.31478,35.61366],[139.3153,35.61291],[139.31576,35.61292],[139.31647,35.61346],[139.31665,35.61397],[139.31712,35.61445],[139.3175,35.61524],[139.31806,35.61536],[139.31911,35.61517],[139.3201,35.61522],[139.32077,35.6155],[139.3215,35.61554],[139.32225,35.61517],[139.32279,35.61482],[139.32365,35.615],[139.32394,35.61537],[139.32418,35.61517],[139.3247,35.61517],[139.32556,35.61498],[139.32613,35.61517],[139.32608,35.61537],[139.32639,35.61576],[139.32713,35.61573],[139.32772,35.6154],[139.32791,35.61512],[139.32844,35.615],[139.32929,35.61568],[139.32983,35.61627],[139.33013,35.61641],[139.33066,35.61614],[139.33106,35.61541],[139.3313,35.61532],[139.33285,35.61515],[139.33323,35.6153],[139.33359,35.61515],[139.33377,35.61459],[139.33405,35.61437],[139.33448,35.6143],[139.33527,35.61484],[139.33576,35.61489],[139.33704,35.6143],[139.33738,35.61421],[139.33774,35.61525],[139.33787,35.61583],[139.33783,35.61642],[139.33893,35.61681],[139.33875,35.61741],[139.33827,35.61766],[139.33845,35.61851],[139.33845,35.61891],[139.33806,35.61889],[139.33786,35.61909],[139.33853,35.61944],[139.33857,35.61958],[139.33818,35.62072],[139.33762,35.62081],[139.33739,35.62104],[139.33757,35.62137],[139.33799,35.62168],[139.33746,35.62202],[139.33726,35.62256],[139.33768,35.62267],[139.33805,35.62337],[139.33842,35.62341],[139.33848,35.62297],[139.33874,35.62256],[139.33939,35.62222],[139.33944,35.62161],[139.33977,35.6213],[139.34005,35.62079],[139.3407,35.62032],[139.3413,35.62007],[139.34157,35.61975],[139.34155,35.61943],[139.34133,35.61908],[139.34108,35.61832],[139.34048,35.61817],[139.33998,35.61822],[139.34017,35.61786],[139.33952,35.61708],[139.33957,35.61682],[139.33992,35.61678],[139.33997,35.61624],[139.34016,35.61577],[139.3404,35.61554],[139.34008,35.61509],[139.34046,35.61483],[139.33977,35.61451],[139.33991,35.6142],[139.34113,35.6134],[139.34166,35.6137],[139.34231,35.61326],[139.34169,35.61284],[139.342,35.61272],[139.34303,35.61275],[139.34338,35.612],[139.34258,35.61163],[139.34256,35.61143],[139.34334,35.61158],[139.3428,35.61095],[139.34266,35.6103],[139.3431,35.61061],[139.34383,35.61188],[139.34417,35.61161],[139.34524,35.61096],[139.34536,35.61064],[139.34595,35.61031],[139.34641,35.6104],[139.34672,35.60945],[139.34717,35.60901],[139.34753,35.60891],[139.34928,35.60906],[139.34949,35.60859],[139.34951,35.60823],[139.35023,35.60864],[139.35161,35.60868],[139.35235,35.60827],[139.35253,35.60774],[139.35365,35.60732],[139.35399,35.60727],[139.35521,35.60729],[139.35613,35.60695],[139.35672,35.60714],[139.35743,35.60698],[139.35801,35.60665],[139.35892,35.60647],[139.35957,35.60647],[139.35986,35.60598],[139.35959,35.60576],[139.35969,35.60552],[139.3606,35.60531],[139.36158,35.60542],[139.36204,35.60564],[139.36236,35.606],[139.36309,35.60643],[139.36583,35.60872],[139.36631,35.60856],[139.36691,35.6078],[139.36713,35.60779],[139.3679,35.60731],[139.36825,35.60723],[139.36893,35.60639],[139.36927,35.60643],[139.3699,35.60606],[139.37005,35.60568],[139.37076,35.60626],[139.37134,35.60583],[139.3711,35.60557],[139.37115,35.60503],[139.3718,35.60494],[139.37208,35.60517],[139.37252,35.60504],[139.37339,35.60422],[139.37484,35.60432],[139.3759,35.60431],[139.377,35.60418],[139.37761,35.604],[139.37823,35.60367],[139.37981,35.60248],[139.38021,35.60236],[139.38128,35.60225],[139.38168,35.60212],[139.3821,35.60179],[139.38258,35.60123],[139.38428,35.60042],[139.38487,35.59999],[139.38495,35.59964],[139.38529,35.59916],[139.38612,35.59888],[139.38639,35.59868],[139.38688,35.59794],[139.3869,35.59891],[139.38677,35.59962],[139.38721,35.60044],[139.38755,35.60121],[139.38783,35.60168],[139.388,35.60225],[139.38835,35.60241],[139.38807,35.60395],[139.38763,35.60413],[139.38751,35.60483],[139.38764,35.60501],[139.38853,35.60568],[139.38897,35.60535],[139.38923,35.60561],[139.38897,35.60597],[139.38983,35.60669],[139.3906,35.60699],[139.39147,35.60679],[139.39218,35.60688],[139.39233,35.60716],[139.39301,35.6074],[139.39296,35.60761],[139.3939,35.60819],[139.39367,35.60863],[139.39614,35.61047],[139.39763,35.61143],[139.39853,35.61195],[139.39855,35.61224],[139.39894,35.61242],[139.39867,35.61286],[139.39956,35.61336],[139.4004,35.61409],[139.40082,35.61456],[139.40128,35.61542],[139.40115,35.61602],[139.40125,35.61632],[139.40187,35.61662],[139.40286,35.61773],[139.40335,35.61853],[139.40411,35.61962],[139.40441,35.62059],[139.40471,35.62077],[139.40616,35.62104],[139.40739,35.62134],[139.40775,35.62184],[139.40787,35.6226],[139.40866,35.62282],[139.41001,35.62361],[139.4108,35.62389],[139.41179,35.62435],[139.41254,35.6252],[139.41277,35.62507],[139.41319,35.62562],[139.41401,35.62544],[139.4151,35.62546],[139.41567,35.62562],[139.41664,35.62629],[139.4165,35.62639],[139.41742,35.627],[139.41897,35.62696],[139.41873,35.62732],[139.41872,35.62777],[139.41984,35.6286],[139.42144,35.62866],[139.42193,35.6286],[139.422,35.62882],[139.42157,35.62914],[139.42272,35.62968],[139.42353,35.6299],[139.42502,35.62986],[139.42522,35.63023],[139.42668,35.63091],[139.42636,35.63145],[139.42684,35.6319],[139.42718,35.63198],[139.42796,35.63179],[139.42864,35.63203],[139.4291,35.63207],[139.42941,35.63187],[139.42979,35.63197],[139.43005,35.63245],[139.42977,35.63289],[139.42984,35.63321],[139.42958,35.63397],[139.42917,35.63389],[139.42892,35.63489],[139.42852,35.63519],[139.42856,35.6354],[139.42776,35.63609],[139.4275,35.63646],[139.42699,35.63669],[139.42678,35.63725],[139.42693,35.63766],[139.4268,35.63798],[139.42494,35.63883],[139.42384,35.63957],[139.42331,35.64023],[139.42317,35.6407],[139.42274,35.64114],[139.42143,35.64153],[139.42107,35.64178],[139.42041,35.64192],[139.42016,35.64208],[139.42012,35.64246],[139.42036,35.64273],[139.42025,35.64308],[139.41959,35.6433],[139.41883,35.64301],[139.41818,35.64301],[139.41772,35.64312],[139.41732,35.64377],[139.41697,35.64413],[139.41556,35.64521],[139.41567,35.64553],[139.41551,35.64603],[139.41523,35.64623],[139.41495,35.64675],[139.415,35.64703],[139.41395,35.64707],[139.41284,35.6466],[139.41177,35.64603],[139.41137,35.64537],[139.41061,35.64492],[139.40985,35.645],[139.40945,35.64471],[139.40907,35.64468],[139.40826,35.64496],[139.4076,35.64538],[139.40677,35.64535],[139.4064,35.64526],[139.40596,35.64478],[139.40502,35.64421],[139.40493,35.64393],[139.40451,35.64358],[139.40357,35.64342],[139.40252,35.64292],[139.40203,35.64255],[139.40107,35.6422],[139.40025,35.64152],[139.39936,35.64119],[139.39883,35.64062],[139.3985,35.63989],[139.39823,35.63977],[139.3968,35.63989],[139.39628,35.64045],[139.39586,35.64048],[139.39546,35.64029],[139.395,35.63972],[139.39477,35.63977],[139.39457,35.64016],[139.39409,35.64032],[139.39374,35.64027],[139.3932,35.63968],[139.39266,35.63946],[139.39201,35.63959],[139.39146,35.64007],[139.39131,35.6406],[139.39087,35.64092],[139.39016,35.64116],[139.38985,35.64116],[139.38878,35.64073],[139.38788,35.64084],[139.38737,35.64072],[139.38589,35.64101],[139.38523,35.64132],[139.38406,35.64135],[139.38312,35.64105],[139.3827,35.64102],[139.38202,35.64132],[139.3816,35.64116],[139.3808,35.64058],[139.37998,35.64028],[139.37985,35.6398],[139.37953,35.63967],[139.3791,35.63975],[139.37836,35.63935],[139.37808,35.63932],[139.37765,35.6398],[139.37737,35.64032],[139.37718,35.64101],[139.37801,35.64108],[139.3781,35.64143],[139.37769,35.64194],[139.37803,35.6423],[139.37837,35.64189],[139.3787,35.64196],[139.37883,35.64227],[139.37873,35.64271],[139.37888,35.64363],[139.37856,35.6441],[139.37756,35.64461],[139.37655,35.6454],[139.3758,35.64511],[139.37397,35.6441],[139.37301,35.64381],[139.37102,35.64375],[139.3705,35.64376],[139.36961,35.64401],[139.3688,35.64432],[139.36681,35.64537],[139.36544,35.64641],[139.36424,35.64776],[139.36384,35.64811],[139.36355,35.64853],[139.36257,35.64948],[139.36129,35.65054],[139.36083,35.65144],[139.36065,35.6515],[139.35993,35.65224],[139.35923,35.65282],[139.35815,35.65411],[139.35813,35.65465],[139.35741,35.65538],[139.35735,35.65581],[139.3578,35.65602],[139.35831,35.65576],[139.35844,35.65623],[139.35895,35.65635],[139.3594,35.65682],[139.35942,35.65748],[139.35918,35.65812],[139.35833,35.659],[139.35774,35.65951],[139.35735,35.66],[139.35802,35.65994],[139.35889,35.65936],[139.3595,35.6597],[139.35983,35.66005],[139.36046,35.65993],[139.36085,35.66002],[139.36217,35.66055],[139.36313,35.66107],[139.36512,35.66203],[139.36722,35.663],[139.37031,35.66453],[139.37003,35.66508],[139.37089,35.66546],[139.3718,35.66555],[139.37242,35.66575],[139.37165,35.6669],[139.37047,35.66856],[139.37099,35.6699],[139.37242,35.67239],[139.37316,35.67345],[139.37359,35.6737],[139.37499,35.67495],[139.3765,35.67645],[139.37629,35.67694],[139.37632,35.67742],[139.37661,35.67794],[139.37671,35.67838],[139.37635,35.67887],[139.37599,35.67954],[139.37581,35.68022],[139.37588,35.68103],[139.37514,35.68158],[139.37512,35.68219],[139.37567,35.68226],[139.37546,35.68291],[139.37594,35.68327],[139.37601,35.68359],[139.37573,35.684],[139.37534,35.68427],[139.37543,35.68526],[139.37518,35.6855],[139.3752,35.68578],[139.37581,35.68629],[139.37768,35.68737],[139.37805,35.68768],[139.37886,35.68731],[139.37964,35.68677],[139.38018,35.6869],[139.38034,35.68742],[139.37973,35.68769],[139.37952,35.68815],[139.37878,35.68848],[139.37829,35.68917],[139.37764,35.68991],[139.37627,35.69163],[139.37426,35.69163],[139.37163,35.69181],[139.37116,35.69168],[139.37064,35.69179],[139.36961,35.69189],[139.36763,35.69214],[139.36626,35.69269],[139.36333,35.69374],[139.36099,35.69358],[139.35523,35.69323],[139.35468,35.69329],[139.35385,35.69313],[139.3522,35.69249],[139.35089,35.69236],[139.34918,35.69244],[139.34864,35.69237],[139.34714,35.69205],[139.34645,35.69198],[139.3457,35.69228],[139.34496,35.69231],[139.34378,35.69263],[139.3432,35.69284],[139.34271,35.69343],[139.34231,35.69367],[139.34124,35.69378],[139.34039,35.69365],[139.33936,35.69429],[139.33862,35.69498],[139.33764,35.69506],[139.33645,35.69576],[139.33603,35.6961],[139.33628,35.69735],[139.33603,35.69822],[139.3356,35.69891],[139.33567,35.69922],[139.33682,35.70151],[139.3367,35.70173],[139.33585,35.70254],[139.335,35.70313],[139.33444,35.70373],[139.33368,35.7043],[139.33308,35.70453],[139.333,35.70512],[139.33266,35.70612],[139.33203,35.70824],[139.33161,35.70905],[139.33132,35.70977],[139.33144,35.71188],[139.33249,35.71261],[139.33226,35.71401],[139.33123,35.71346],[139.32909,35.71231],[139.32906,35.71003],[139.32764,35.7104],[139.3252,35.71292],[139.32294,35.71628],[139.32215,35.71709],[139.32091,35.71813],[139.31982,35.71886],[139.31969,35.71907],[139.31924,35.71906],[139.3189,35.71866],[139.31734,35.71634],[139.317,35.71521],[139.31646,35.71454],[139.3159,35.71425],[139.315,35.71408],[139.31359,35.71395],[139.31284,35.71416],[139.31173,35.71462],[139.3085,35.71589],[139.30841,35.71499],[139.30786,35.71437],[139.30702,35.71375],[139.30656,35.71352],[139.30639,35.71321],[139.30656,35.71273],[139.30557,35.71197],[139.30523,35.71187],[139.30494,35.71155],[139.30454,35.71147],[139.30388,35.71171],[139.3035,35.71255],[139.30375,35.71296],[139.30374,35.71328],[139.30423,35.71364],[139.3038,35.71385],[139.30351,35.71359],[139.30257,35.71227],[139.30208,35.71225],[139.30168,35.71208],[139.30135,35.71177],[139.30088,35.71177],[139.30033,35.71206],[139.29885,35.71192],[139.29876,35.7117],[139.29834,35.71145],[139.29786,35.71176],[139.29638,35.71146],[139.29585,35.71146],[139.29511,35.71209],[139.29488,35.71286],[139.29426,35.71338],[139.29397,35.71342],[139.29354,35.71312],[139.29273,35.71327],[139.29229,35.7132],[139.29178,35.71337],[139.29142,35.71365],[139.29056,35.71336],[139.28955,35.71342],[139.28877,35.71314],[139.28799,35.71309],[139.28722,35.71317],[139.28672,35.7134],[139.28538,35.71335],[139.28524,35.71322],[139.2841,35.71311],[139.28378,35.71276],[139.28318,35.71278],[139.28237,35.71315],[139.28185,35.71364],[139.28091,35.71354],[139.2802,35.7136],[139.27967,35.71376],[139.27853,35.71396],[139.2769,35.71397],[139.27618,35.71425],[139.2756,35.71469],[139.27432,35.71498],[139.27391,35.71501],[139.27379,35.71479],[139.27299,35.71464],[139.27232,35.71465],[139.27198,35.71452],[139.27175,35.71399],[139.27175,35.71364],[139.27212,35.71326],[139.27222,35.71265],[139.2718,35.71195],[139.27179,35.7117],[139.27115,35.71094],[139.27075,35.71069],[139.26978,35.71071],[139.26933,35.7105],[139.26897,35.71003],[139.26853,35.70994],[139.26796,35.71008],[139.26776,35.71032],[139.26691,35.7103],[139.26652,35.70993],[139.26616,35.7098],[139.26515,35.70983],[139.26447,35.71026],[139.26286,35.71018],[139.26206,35.71038],[139.26086,35.71044],[139.26047,35.71088],[139.25963,35.71128],[139.25892,35.71182],[139.25811,35.71224],[139.25736,35.71216],[139.25703,35.71237],[139.25619,35.71266],[139.2551,35.71269],[139.25429,35.71221],[139.25368,35.71224],[139.2527,35.71209],[139.25195,35.71226],[139.2516,35.71205],[139.25098,35.71185],[139.25065,35.71146],[139.25017,35.71118],[139.25006,35.7108],[139.24963,35.71049],[139.24907,35.71078],[139.24833,35.71104],[139.24745,35.7109],[139.24636,35.71094],[139.2458,35.71141],[139.24553,35.71221],[139.24526,35.71262],[139.24523,35.71306],[139.24506,35.71335],[139.24443,35.71269],[139.24332,35.71248],[139.24297,35.71262],[139.24261,35.71329],[139.24109,35.71405],[139.24039,35.71421],[139.24007,35.71406],[139.23941,35.71408],[139.23916,35.71385],[139.23865,35.71368],[139.23809,35.71334],[139.23766,35.71321],[139.23734,35.71331],[139.23655,35.71386],[139.23624,35.71424],[139.23583,35.71447],[139.23562,35.71484],[139.23491,35.71442],[139.23473,35.71444],[139.2341,35.71486],[139.23313,35.71532],[139.23265,35.71535],[139.23199,35.71505],[139.23144,35.71537],[139.23058,35.71544],[139.23005,35.71537],[139.22948,35.71594],[139.22886,35.71628],[139.22809,35.71637],[139.22728,35.7163],[139.22629,35.71592],[139.22455,35.71621],[139.22395,35.71661],[139.22306,35.71659],[139.22277,35.71636],[139.222,35.7162],[139.22167,35.71643],[139.22125,35.71642],[139.22095,35.71659],[139.22042,35.71664],[139.21991,35.71684],[139.21904,35.71683],[139.21848,35.71723],[139.21812,35.71767],[139.21757,35.71807],[139.21725,35.71887],[139.21673,35.71821],[139.21635,35.71786],[139.21548,35.71724],[139.21482,35.7165],[139.21415,35.71653],[139.21373,35.71629],[139.21325,35.71547],[139.21272,35.71511],[139.21197,35.71506],[139.21136,35.71462],[139.21094,35.71404],[139.21013,35.71362],[139.20951,35.71359],[139.20922,35.71343],[139.20844,35.71328],[139.20781,35.71288],[139.20691,35.71276],[139.20656,35.71256],[139.20629,35.71207],[139.20619,35.71113],[139.20571,35.71056],[139.20565,35.70988],[139.20534,35.70939],[139.20552,35.70878],[139.20538,35.70835],[139.20493,35.70776],[139.2045,35.70739],[139.20445,35.70698],[139.2048,35.7061],[139.20441,35.70555],[139.20434,35.70496],[139.20448,35.70452],[139.20494,35.70366],[139.20535,35.7032],[139.20501,35.70252],[139.20513,35.70194],[139.20506,35.70078],[139.20482,35.70041],[139.20493,35.69992],[139.20481,35.69973],[139.20403,35.69953],[139.20365,35.69925],[139.2033,35.69918],[139.20215,35.69935],[139.20155,35.69913],[139.20054,35.69913],[139.20014,35.69829],[139.20037,35.69766],[139.20045,35.697],[139.20075,35.69659],[139.20043,35.69605],[139.20031,35.69505],[139.20011,35.69416],[139.20034,35.6933],[139.20035,35.69296],[139.20009,35.69173],[139.20016,35.69013],[139.1998,35.68903],[139.19957,35.68876],[139.19939,35.68825],[139.19853,35.68785],[139.19832,35.68792],[139.19793,35.68851],[139.19699,35.68866],[139.19627,35.6886],[139.19563,35.68843],[139.1949,35.68885],[139.19391,35.68888],[139.19327,35.68906],[139.19258,35.68861],[139.19209,35.68814],[139.19137,35.68783],[139.19076,35.6878],[139.18962,35.6876],[139.1888,35.68806],[139.1881,35.6881],[139.18689,35.68803],[139.18616,35.68828],[139.18566,35.68872],[139.18523,35.68877],[139.18459,35.68901],[139.18407,35.68905],[139.18349,35.68883],[139.18287,35.68847],[139.18257,35.68811],[139.18199,35.68806],[139.18071,35.6883],[139.17895,35.68922],[139.17857,35.68925],[139.17801,35.68899],[139.1776,35.68898],[139.17652,35.68917],[139.17589,35.68898],[139.1747,35.6891],[139.17399,35.68923],[139.17337,35.68896],[139.17193,35.68876],[139.17141,35.68874],[139.1717,35.68808],[139.17169,35.68723],[139.17114,35.68589],[139.17173,35.68462],[139.17175,35.68401],[139.1708,35.68347],[139.17053,35.68288],[139.17041,35.68203],[139.16999,35.6814],[139.16988,35.68088],[139.17,35.68011],[139.16958,35.67938],[139.1686,35.6784],[139.16842,35.67813],[139.16825,35.67745],[139.16805,35.67699],[139.16761,35.6765],[139.16677,35.67601],[139.16616,35.67542],[139.16598,35.67499],[139.16606,35.67423],[139.16582,35.67286],[139.16551,35.67211],[139.16501,35.67165],[139.16475,35.67124],[139.16477,35.67045],[139.16456,35.6701],[139.16382,35.66966],[139.16359,35.66922],[139.16294,35.66889],[139.16206,35.66814],[139.1616,35.66791]]]},"properties":{"code":"13201","name":"八王子市"}},{"type":"Feature","geometry":{"type":"Polygon","coordinates":[[[139.35505,35.72508],[139.35688,35.72528],[139.35717,35.7258],[139.3594,35.72498],[139.36162,35.72433],[139.36247,35.72417],[139.36287,35.72457],[139.36195,35.7251],[139.36172,35.72579],[139.36187,35.72629],[139.36423,35.7259],[139.36527,35.72576],[139.36541,35.72503],[139.36681,35.72512],[139.36709,35.72526],[139.36818,35.72537],[139.36984,35.72578],[139.3703,35.72566],[139.37005,35.72451],[139.37095,35.72466],[139.37328,35.72529],[139.37404,35.72496],[139.37636,35.72545],[139.37717,35.72431],[139.37771,35.72421],[139.37883,35.72496],[139.37971,35.72546],[139.38009,35.72559],[139.38071,35.72459],[139.3813,35.72385],[139.38179,35.72312],[139.3806,35.72253],[139.38028,35.72231],[139.37985,35.72228],[139.37929,35.72198],[139.37931,35.72172],[139.38069,35.72092],[139.38207,35.72023],[139.3825,35.72076],[139.3833,35.72049],[139.38428,35.72037],[139.3855,35.72046],[139.38742,35.71894],[139.38885,35.7179],[139.3871,35.71667],[139.38784,35.7157],[139.38899,35.71439],[139.38995,35.71489],[139.39104,35.71533],[139.39198,35.71435],[139.39281,35.71369],[139.39376,35.71249],[139.39458,35.71163],[139.3957,35.71289],[139.39701,35.71236],[139.39844,35.71165],[139.3984,35.71108],[139.39728,35.70923],[139.39615,35.70757],[139.39561,35.70668],[139.39525,35.70632],[139.39451,35.70615],[139.39401,35.70501],[139.39478,35.70462],[139.39481,35.70432],[139.39459,35.70395],[139.39383,35.70415],[139.3934,35.70321],[139.39374,35.70312],[139.39347,35.70256],[139.39396,35.70242],[139.39349,35.70077],[139.39327,35.70049],[139.39286,35.69963],[139.39295,35.69908],[139.39212,35.69901],[139.39171,35.69915],[139.39151,35.69894],[139.39039,35.69887],[139.39024,35.69879],[139.39028,35.69808],[139.38946,35.69771],[139.38933,35.6972],[139.38882,35.69618],[139.38905,35.69598],[139.38891,35.69554],[139.38853,35.69515],[139.38895,35.69448],[139.38904,35.69399],[139.38882,35.69338],[139.38859,35.69307],[139.38803,35.69266],[139.38767,35.6926],[139.38656,35.69209],[139.38509,35.69128],[139.38674,35.69089],[139.3872,35.69072],[139.38769,35.69038],[139.38847,35.69034],[139.38976,35.6901],[139.39135,35.68991],[139.39203,35.68971],[139.39418,35.68931],[139.39514,35.68918],[139.39721,35.68852],[139.39983,35.68756],[139.40281,35.68658],[139.40564,35.6856],[139.41049,35.68415],[139.41248,35.68359],[139.41315,35.68345],[139.41503,35.68319],[139.41757,35.68276],[139.41765,35.68314],[139.41826,35.684],[139.41931,35.68486],[139.41952,35.68527],[139.42028,35.68636],[139.42074,35.68731],[139.4215,35.68858],[139.42191,35.6886],[139.42221,35.68782],[139.4225,35.6877],[139.42323,35.68767],[139.4247,35.68671],[139.4249,35.68687],[139.42539,35.68678],[139.42553,35.68719],[139.42505,35.68745],[139.42521,35.68778],[139.42555,35.68796],[139.42596,35.68776],[139.42661,35.688],[139.42632,35.68857],[139.42705,35.68883],[139.42841,35.69112],[139.43122,35.69028],[139.43113,35.69246],[139.43105,35.69357],[139.43043,35.69359],[139.4299,35.69393],[139.43023,35.69455],[139.43165,35.69694],[139.42886,35.69791],[139.42815,35.69821],[139.42752,35.69836],[139.42739,35.69865],[139.4275,35.69903],[139.4272,35.69944],[139.42906,35.70047],[139.42878,35.70112],[139.42696,35.69998],[139.42654,35.69982],[139.42627,35.70027],[139.42559,35.70188],[139.4262,35.70237],[139.42719,35.70306],[139.42727,35.70363],[139.42795,35.70376],[139.42878,35.70412],[139.42961,35.7044],[139.43032,35.70354],[139.43563,35.70373],[139.43542,35.70435],[139.43486,35.70546],[139.43422,35.70657],[139.4345,35.70671],[139.43731,35.70698],[139.43713,35.70743],[139.43546,35.70735],[139.43381,35.7072],[139.43204,35.71055],[139.43176,35.71124],[139.43219,35.71143],[139.43305,35.71164],[139.43288,35.71188],[139.43171,35.71165],[139.43085,35.71307],[139.4306,35.7134],[139.4319,35.71361],[139.43156,35.71424],[139.42991,35.71415],[139.42934,35.71528],[139.42941,35.71543],[139.43049,35.71563],[139.43276,35.71586],[139.43245,35.71637],[139.43099,35.71614],[139.42935,35.71595],[139.4291,35.71599],[139.42877,35.71663],[139.42826,35.71736],[139.43136,35.71785],[139.43127,35.71832],[139.43099,35.71897],[139.4331,35.7193],[139.43334,35.7184],[139.43459,35.71711],[139.43588,35.71549],[139.43655,35.71477],[139.43782,35.71501],[139.44161,35.71583],[139.44186,35.71553],[139.44337,35.71291],[139.44388,35.71174],[139.44403,35.71191],[139.44416,35.71286],[139.44488,35.71602],[139.44497,35.71678],[139.44531,35.71817],[139.44545,35.71949],[139.44612,35.72288],[139.44421,35.7233],[139.44246,35.72361],[139.43994,35.72401],[139.43865,35.72429],[139.43714,35.72455],[139.43563,35.72476],[139.43385,35.72695],[139.43358,35.72708],[139.42901,35.72841],[139.42445,35.72968],[139.42291,35.73019],[139.42301,35.73073],[139.42548,35.73029],[139.42644,35.73017],[139.42668,35.73135],[139.42643,35.73143],[139.4258,35.73104],[139.42467,35.73117],[139.42347,35.7312],[139.4232,35.73107],[139.42262,35.73124],[139.42176,35.7313],[139.41955,35.7319],[139.41871,35.73199],[139.41622,35.73208],[139.4149,35.73272],[139.41452,35.73279],[139.41442,35.73303],[139.41224,35.73289],[139.41056,35.73275],[139.40946,35.73259],[139.40882,35.73362],[139.40938,35.73386],[139.40926,35.73409],[139.40854,35.73373],[139.40819,35.7337],[139.40699,35.73381],[139.40694,35.73361],[139.40548,35.73374],[139.40333,35.73396],[139.40237,35.734],[139.402,35.73339],[139.40077,35.73348],[139.40028,35.73376],[139.40016,35.7346],[139.39995,35.7349],[139.39911,35.73501],[139.39827,35.73494],[139.39787,35.7346],[139.39738,35.73452],[139.39699,35.73426],[139.39654,35.73417],[139.39633,35.73382],[139.39587,35.73372],[139.39568,35.73346],[139.39531,35.7335],[139.39352,35.73481],[139.39231,35.73585],[139.3907,35.73729],[139.38807,35.73938],[139.3877,35.73912],[139.38731,35.73909],[139.38718,35.73938],[139.38715,35.74069],[139.38707,35.74121],[139.38674,35.74154],[139.3856,35.74246],[139.38412,35.74341],[139.38363,35.74382],[139.38351,35.74413],[139.38385,35.74476],[139.38388,35.74507],[139.3833,35.74502],[139.38327,35.74462],[139.38334,35.74266],[139.38404,35.74206],[139.3849,35.74152],[139.38492,35.74099],[139.38463,35.74052],[139.38467,35.73999],[139.38498,35.73992],[139.38507,35.7392],[139.38483,35.73816],[139.38482,35.73788],[139.38509,35.73764],[139.38729,35.73705],[139.38768,35.73648],[139.38841,35.7358],[139.38997,35.73471],[139.39113,35.73366],[139.39115,35.73339],[139.39005,35.73338],[139.3893,35.7339],[139.38903,35.7339],[139.38853,35.73367],[139.38726,35.73423],[139.38624,35.73479],[139.38548,35.73474],[139.38499,35.73515],[139.38434,35.73544],[139.38386,35.73552],[139.3836,35.73517],[139.38443,35.73422],[139.38437,35.73362],[139.3835,35.73303],[139.38161,35.73454],[139.38116,35.73486],[139.38015,35.73442],[139.37906,35.73376],[139.37848,35.73352],[139.37796,35.73509],[139.37405,35.73667],[139.37313,35.73688],[139.37215,35.73698],[139.37084,35.7372],[139.37027,35.73736],[139.36947,35.73588],[139.36762,35.73729],[139.36546,35.73906],[139.36087,35.73944],[139.35988,35.73958],[139.35912,35.73921],[139.35877,35.73864],[139.35901,35.73733],[139.35633,35.7368],[139.35555,35.73667],[139.35292,35.73606],[139.35346,35.73306],[139.35344,35.73294],[139.35249,35.73286],[139.35233,35.73259],[139.35273,35.73191],[139.35335,35.72796],[139.35414,35.72796],[139.35453,35.72733],[139.3553,35.7263],[139.35533,35.72539],[139.35505,35.72508]]]},"properties":{"code":"13202","name":"立川市"}},{"type":"Feature","geometry":{"type":"Polygon","coordinates":[[[139.58665,35.71191],[139.58534,35.71249],[139.58375,35.71324],[139.58203,35.71394],[139.58057,35.71479],[139.57944,35.71556],[139.57758,35.71718],[139.57632,35.71823],[139.57513,35.71899],[139.57395,35.71943],[139.56839,35.72109],[139.56771,35.7212],[139.56564,35.72166],[139.56404,35.72184],[139.5619,35.72197],[139.55994,35.722],[139.55896,35.72195],[139.55762,35.72182],[139.55722,35.72173],[139.55525,35.72104],[139.55458,35.72078],[139.55307,35.71971],[139.55197,35.71888],[139.55045,35.7176],[139.54941,35.71692],[139.54756,35.71608],[139.54445,35.71463],[139.54321,35.71409],[139.54217,35.71372],[139.54087,35.71315],[139.53839,35.71182],[139.53736,35.71132],[139.53691,35.71132],[139.53462,35.71192],[139.53189,35.7126],[139.52956,35.71274],[139.52942,35.71279],[139.52975,35.7156],[139.53,35.7175],[139.52918,35.71773],[139.52691,35.71851],[139.52645,35.71728],[139.52582,35.71518],[139.52522,35.71306],[139.52525,35.71294],[139.52739,35.71282],[139.52719,35.71081],[139.52716,35.70991],[139.52764,35.70977],[139.53043,35.70938],[139.53111,35.70932],[139.53147,35.70916],[139.53254,35.70911],[139.53231,35.70695],[139.53227,35.70465],[139.53219,35.70292],[139.53227,35.70219],[139.53254,35.70214],[139.5326,35.70107],[139.53356,35.70108],[139.53385,35.69971],[139.53393,35.69897],[139.53473,35.69883],[139.53591,35.69851],[139.53642,35.69829],[139.53652,35.69533],[139.53758,35.69537],[139.53995,35.69536],[139.54219,35.69529],[139.54227,35.6967],[139.54244,35.69672],[139.54449,35.69612],[139.5449,35.69604],[139.54902,35.69505],[139.54969,35.69515],[139.55066,35.69501],[139.55069,35.69518],[139.5506,35.69819],[139.55054,35.70091],[139.55039,35.70331],[139.55025,35.70443],[139.55012,35.70602],[139.55001,35.70675],[139.55017,35.70678],[139.55358,35.70549],[139.55842,35.70356],[139.56006,35.70296],[139.56243,35.70193],[139.5631,35.70173],[139.56435,35.70119],[139.5668,35.70032],[139.57066,35.69885],[139.57167,35.69815],[139.5723,35.69736],[139.57248,35.6978],[139.57245,35.69828],[139.57268,35.69896],[139.57346,35.69917],[139.57452,35.69977],[139.57499,35.7003],[139.57531,35.70081],[139.57538,35.70117],[139.57616,35.70146],[139.57665,35.70143],[139.57719,35.70097],[139.57881,35.69991],[139.57946,35.69915],[139.57992,35.69882],[139.58091,35.69857],[139.58205,35.69813],[139.58282,35.69799],[139.58457,35.69742],[139.58483,35.69725],[139.58557,35.69601],[139.58643,35.69493],[139.58672,35.69396],[139.58818,35.69537],[139.58829,35.69562],[139.59025,35.69482],[139.59038,35.69519],[139.59138,35.69735],[139.59252,35.69999],[139.59282,35.7006],[139.59285,35.7011],[139.59406,35.70331],[139.59457,35.70386],[139.59547,35.70544],[139.59512,35.70605],[139.59355,35.70693],[139.5932,35.70718],[139.59145,35.70877],[139.59046,35.70955],[139.59018,35.70968],[139.58853,35.71078],[139.58771,35.7114],[139.58665,35.71191]]]},"properties":{"code":"13203","name":"武蔵野市"}},{"type":"Feature","geometry":{"type":"Polygon","coordinates":[[[139.59418,35.68214],[139.59388,35.68245],[139.59309,35.6829],[139.59333,35.68371],[139.59361,35.68413],[139.59317,35.68444],[139.5925,35.68468],[139.59257,35.68504],[139.59167,35.68542],[139.59056,35.687],[139.59079,35.68725],[139.59163,35.68778],[139.59184,35.6877],[139.59242,35.68799],[139.59316,35.68799],[139.59292,35.68856],[139.5931,35.68886],[139.59388,35.6889],[139.59405,35.689],[139.59342,35.6896],[139.59189,35.69088],[139.59117,35.69136],[139.58839,35.69292],[139.58775,35.6932],[139.5876,35.69337],[139.58672,35.69396],[139.58643,35.69493],[139.58557,35.69601],[139.58483,35.69725],[139.58457,35.69742],[139.58282,35.69799],[139.58205,35.69813],[139.58091,35.69857],[139.57992,35.69882],[139.57946,35.69915],[139.57881,35.69991],[139.57719,35.70097],[139.57665,35.70143],[139.57616,35.70146],[139.57538,35.70117],[139.57531,35.70081],[139.57499,35.7003],[139.57452,35.69977],[139.57346,35.69917],[139.57268,35.69896],[139.57245,35.69828],[139.57248,35.6978],[139.5723,35.69736],[139.57167,35.69815],[139.57066,35.69885],[139.5668,35.70032],[139.56435,35.70119],[139.5631,35.70173],[139.56243,35.70193],[139.56006,35.70296],[139.55842,35.70356],[139.55358,35.70549],[139.55017,35.70678],[139.55001,35.70675],[139.55012,35.70602],[139.55025,35.70443],[139.55039,35.70331],[139.55054,35.70091],[139.5506,35.69819],[139.55069,35.69518],[139.55066,35.69501],[139.54969,35.69515],[139.54902,35.69505],[139.5449,35.69604],[139.54449,35.69612],[139.54244,35.69672],[139.54227,35.6967],[139.54219,35.69529],[139.53995,35.69536],[139.53758,35.69537],[139.53652,35.69533],[139.53642,35.69829],[139.53591,35.69851],[139.53473,35.69883],[139.53393,35.69897],[139.53401,35.69841],[139.53407,35.69687],[139.5342,35.69488],[139.53137,35.69461],[139.53144,35.69367],[139.53182,35.69109],[139.53215,35.68934],[139.53216,35.68878],[139.53164,35.68911],[139.53068,35.68953],[139.52854,35.69067],[139.52837,35.69026],[139.52797,35.69025],[139.52744,35.68986],[139.5269,35.68985],[139.52683,35.68949],[139.52599,35.68971],[139.52488,35.6901],[139.52457,35.68937],[139.52488,35.68921],[139.52447,35.68841],[139.52548,35.68775],[139.52626,35.68694],[139.52638,35.68642],[139.52645,35.68533],[139.52692,35.68422],[139.52706,35.68374],[139.52809,35.68332],[139.52884,35.68286],[139.52821,35.6822],[139.52821,35.6818],[139.52866,35.68181],[139.52868,35.6812],[139.52657,35.68094],[139.52539,35.6809],[139.52543,35.68045],[139.52534,35.67958],[139.52659,35.67914],[139.52634,35.67867],[139.52625,35.67794],[139.52626,35.67724],[139.52782,35.67729],[139.52735,35.67677],[139.52762,35.67657],[139.5274,35.67632],[139.5267,35.6763],[139.52651,35.67577],[139.52704,35.67563],[139.52676,35.67468],[139.52794,35.67445],[139.52837,35.67493],[139.52851,35.67561],[139.52884,35.67569],[139.52945,35.67561],[139.52924,35.67372],[139.52953,35.67369],[139.52955,35.67307],[139.52943,35.67291],[139.5297,35.67228],[139.53007,35.672],[139.53063,35.67195],[139.53047,35.67134],[139.53049,35.67095],[139.53103,35.67056],[139.53244,35.6699],[139.53215,35.66924],[139.53137,35.6677],[139.53302,35.66758],[139.5344,35.66754],[139.53458,35.66765],[139.53472,35.66816],[139.53446,35.66828],[139.53494,35.6691],[139.53559,35.66929],[139.53613,35.66873],[139.53688,35.6681],[139.53797,35.66768],[139.53797,35.66729],[139.53849,35.66713],[139.5382,35.66672],[139.53747,35.66703],[139.53716,35.66656],[139.53757,35.66634],[139.53745,35.66547],[139.53802,35.66538],[139.53834,35.66571],[139.53883,35.66547],[139.53873,35.66503],[139.53838,35.66475],[139.53908,35.66455],[139.54054,35.66447],[139.5416,35.66427],[139.54256,35.66478],[139.5428,35.66498],[139.54317,35.66572],[139.54369,35.66571],[139.54405,35.66591],[139.54439,35.66665],[139.54268,35.66719],[139.54229,35.66746],[139.54195,35.66796],[139.54168,35.66917],[139.5414,35.6699],[139.54144,35.67067],[139.54172,35.67205],[139.5419,35.67354],[139.54201,35.67498],[139.54225,35.67724],[139.54242,35.67829],[139.54289,35.67988],[139.54294,35.68046],[139.54471,35.68032],[139.54489,35.68148],[139.54545,35.68148],[139.54544,35.68206],[139.54677,35.68212],[139.54683,35.68154],[139.54789,35.68159],[139.54874,35.68146],[139.55047,35.68099],[139.55077,35.68083],[139.55216,35.68084],[139.55214,35.68134],[139.55274,35.68132],[139.55372,35.6817],[139.55459,35.68212],[139.55675,35.68231],[139.55675,35.68273],[139.55758,35.68276],[139.55785,35.68265],[139.55836,35.6829],[139.55878,35.68274],[139.56087,35.68284],[139.5612,35.68148],[139.56172,35.68071],[139.56205,35.67989],[139.5624,35.67858],[139.56227,35.67801],[139.5627,35.67684],[139.56306,35.67604],[139.56328,35.67518],[139.56376,35.67426],[139.56427,35.67298],[139.56445,35.67226],[139.56434,35.66903],[139.5644,35.66854],[139.56471,35.6679],[139.565,35.6668],[139.56557,35.66507],[139.56614,35.66425],[139.56676,35.66387],[139.56794,35.66353],[139.56886,35.6635],[139.57013,35.66363],[139.57178,35.66389],[139.57266,35.66421],[139.57301,35.66414],[139.57381,35.66343],[139.57489,35.66225],[139.57521,35.66171],[139.57459,35.66146],[139.57441,35.66193],[139.57362,35.6628],[139.5726,35.6633],[139.57263,35.66271],[139.57352,35.66235],[139.57414,35.66148],[139.57505,35.66047],[139.5755,35.66004],[139.57575,35.66004],[139.57677,35.66031],[139.57773,35.66105],[139.57788,35.66202],[139.57834,35.66247],[139.57981,35.66347],[139.5803,35.66385],[139.58175,35.6647],[139.58214,35.66503],[139.58056,35.6653],[139.5798,35.66554],[139.57939,35.66652],[139.57944,35.66691],[139.5791,35.66737],[139.57949,35.66766],[139.57891,35.66892],[139.57771,35.66886],[139.57809,35.67023],[139.57894,35.6704],[139.579,35.67091],[139.57845,35.67191],[139.57751,35.67236],[139.57542,35.67278],[139.57507,35.67314],[139.57588,35.67348],[139.57633,35.67358],[139.57764,35.67338],[139.57838,35.67314],[139.57946,35.67225],[139.58004,35.67252],[139.58057,35.67159],[139.58016,35.67151],[139.58045,35.67072],[139.58117,35.67068],[139.58145,35.67048],[139.58385,35.67049],[139.5845,35.6704],[139.58476,35.671],[139.58517,35.67129],[139.58603,35.67096],[139.58602,35.67069],[139.58678,35.6704],[139.58889,35.66941],[139.5885,35.67051],[139.58488,35.672],[139.58454,35.67216],[139.58426,35.67271],[139.58288,35.67331],[139.58249,35.67339],[139.58267,35.67378],[139.58315,35.67399],[139.58393,35.67405],[139.58444,35.67387],[139.58534,35.67397],[139.58664,35.67398],[139.5873,35.67376],[139.5874,35.67402],[139.58717,35.67457],[139.58675,35.67456],[139.58668,35.67536],[139.58677,35.67593],[139.58654,35.67641],[139.5865,35.67694],[139.58664,35.6776],[139.58678,35.67781],[139.58756,35.67817],[139.58834,35.67893],[139.58828,35.67964],[139.58813,35.68005],[139.58709,35.68055],[139.58715,35.68103],[139.58615,35.68132],[139.58569,35.68152],[139.58532,35.68205],[139.58773,35.68175],[139.58931,35.68167],[139.59124,35.68162],[139.5918,35.68168],[139.59158,35.68205],[139.58953,35.68225],[139.58752,35.68235],[139.58699,35.68246],[139.58625,35.68247],[139.58638,35.68282],[139.59112,35.68219],[139.59225,35.68206],[139.5933,35.68174],[139.59418,35.68214]]]},"properties":{"code":"13204","name":"三鷹市"}},{"type":"Feature","geometry":{"type":"Polygon","coordinates":[[[139.33037,35.79362],[139.33036,35.79434],[139.32942,35.79447],[139.32659,35.7951],[139.32573,35.79521],[139.32517,35.79559],[139.32397,35.79687],[139.32373,35.79727],[139.32252,35.79905],[139.32225,35.79961],[139.32262,35.80027],[139.32229,35.8009],[139.32147,35.80206],[139.32077,35.80344],[139.32013,35.8048],[139.31976,35.80589],[139.31971,35.80631],[139.3194,35.80638],[139.3188,35.80773],[139.31872,35.80873],[139.31834,35.80983],[139.31802,35.81042],[139.31767,35.8108],[139.31731,35.81095],[139.31679,35.81147],[139.31675,35.81269],[139.31529,35.8139],[139.31502,35.81427],[139.315,35.81465],[139.31512,35.81565],[139.31503,35.81681],[139.31549,35.81744],[139.31592,35.81842],[139.3165,35.81936],[139.3165,35.8209],[139.31634,35.82149],[139.31595,35.82246],[139.31596,35.82307],[139.31616,35.82367],[139.31515,35.82453],[139.31524,35.82499],[139.31492,35.82524],[139.31269,35.82546],[139.31214,35.82545],[139.31147,35.82528],[139.31043,35.82462],[139.30965,35.82436],[139.30845,35.82377],[139.30678,35.82303],[139.30477,35.8224],[139.30498,35.82329],[139.30486,35.82387],[139.3042,35.82395],[139.30362,35.82431],[139.30314,35.82426],[139.30259,35.82405],[139.30244,35.82421],[139.30269,35.82483],[139.30274,35.82535],[139.30269,35.82601],[139.30205,35.82723],[139.30199,35.82761],[139.30212,35.82815],[139.30205,35.82856],[139.30172,35.82903],[139.30139,35.82926],[139.30119,35.82977],[139.30168,35.8308],[139.30174,35.83148],[139.30158,35.83208],[139.30122,35.83293],[139.30139,35.83354],[139.30139,35.83394],[139.30202,35.83427],[139.30162,35.8347],[139.30117,35.83496],[139.30015,35.83517],[139.30007,35.83488],[139.29975,35.83478],[139.29918,35.83492],[139.29792,35.8354],[139.29682,35.83548],[139.29631,35.83514],[139.29596,35.83403],[139.2956,35.83385],[139.29397,35.8354],[139.29343,35.83608],[139.29294,35.83632],[139.2924,35.837],[139.29147,35.83771],[139.29091,35.83796],[139.29029,35.83796],[139.28948,35.8378],[139.28807,35.83726],[139.28656,35.83707],[139.28616,35.83691],[139.28516,35.83602],[139.28494,35.83601],[139.28403,35.83635],[139.28288,35.83717],[139.28255,35.83765],[139.28199,35.839],[139.28185,35.83952],[139.28117,35.84036],[139.28033,35.84068],[139.28011,35.84019],[139.28,35.83931],[139.2797,35.83926],[139.27841,35.8396],[139.27738,35.83958],[139.27662,35.8394],[139.27415,35.83961],[139.27189,35.83969],[139.27118,35.83957],[139.27006,35.83898],[139.26902,35.83864],[139.26889,35.83847],[139.26824,35.83824],[139.26764,35.83815],[139.26664,35.83821],[139.2663,35.83804],[139.26572,35.83757],[139.26434,35.83741],[139.26366,35.83742],[139.26277,35.83719],[139.26134,35.83662],[139.2605,35.836],[139.25909,35.83628],[139.25891,35.8367],[139.2588,35.83727],[139.25786,35.83709],[139.25738,35.83718],[139.25653,35.8371],[139.25658,35.8377],[139.25582,35.83781],[139.25467,35.83808],[139.25388,35.83805],[139.25226,35.83825],[139.25177,35.83808],[139.25113,35.83756],[139.24956,35.83745],[139.24884,35.83762],[139.24762,35.83738],[139.24681,35.83689],[139.24583,35.83701],[139.24424,35.83674],[139.24366,35.83683],[139.24308,35.8366],[139.24253,35.83679],[139.24171,35.8382],[139.24143,35.83914],[139.24141,35.83969],[139.24123,35.84004],[139.24096,35.84015],[139.23904,35.84052],[139.23821,35.84031],[139.23721,35.84021],[139.23686,35.83996],[139.23672,35.83962],[139.23567,35.83834],[139.23536,35.83805],[139.2349,35.83787],[139.23423,35.83813],[139.23396,35.83774],[139.23297,35.83692],[139.23253,35.83664],[139.2319,35.83659],[139.23066,35.83674],[139.23005,35.83691],[139.22958,35.83719],[139.22923,35.83766],[139.22859,35.83795],[139.22784,35.83854],[139.22774,35.83905],[139.22666,35.83945],[139.22606,35.83982],[139.22554,35.84001],[139.22455,35.8405],[139.22362,35.84052],[139.22319,35.84074],[139.22257,35.84063],[139.22198,35.8407],[139.22029,35.84125],[139.22009,35.84136],[139.21976,35.84205],[139.21933,35.84252],[139.21822,35.84274],[139.21755,35.84353],[139.21674,35.844],[139.21584,35.84431],[139.21567,35.84447],[139.21564,35.84499],[139.21478,35.84581],[139.21427,35.8455],[139.21394,35.84544],[139.21281,35.84599],[139.21279,35.84651],[139.21265,35.84661],[139.21171,35.84656],[139.21086,35.84627],[139.20968,35.84618],[139.20907,35.84636],[139.20827,35.84632],[139.20747,35.84642],[139.20633,35.84591],[139.20544,35.84523],[139.2049,35.84457],[139.2048,35.84303],[139.20386,35.84204],[139.2037,35.84149],[139.20314,35.8412],[139.20199,35.84106],[139.2015,35.84106],[139.20031,35.84122],[139.19931,35.84124],[139.19825,35.8411],[139.19791,35.84099],[139.1971,35.84038],[139.19656,35.84017],[139.19581,35.84005],[139.1949,35.84013],[139.19373,35.84015],[139.19343,35.84028],[139.19244,35.84027],[139.19158,35.84059],[139.19038,35.84114],[139.18928,35.84137],[139.18884,35.84187],[139.18837,35.84204],[139.18748,35.84223],[139.18689,35.84287],[139.18649,35.84297],[139.18608,35.84288],[139.18416,35.84279],[139.18389,35.84334],[139.18363,35.84357],[139.1823,35.84365],[139.18183,35.84379],[139.18135,35.84454],[139.18089,35.84484],[139.18026,35.84489],[139.1794,35.84559],[139.17873,35.84584],[139.1773,35.84659],[139.17628,35.84685],[139.17544,35.8472],[139.17467,35.84793],[139.17436,35.84831],[139.17353,35.84842],[139.17312,35.84865],[139.17251,35.8485],[139.171,35.84865],[139.16975,35.8494],[139.16909,35.84998],[139.16875,35.85004],[139.16787,35.84987],[139.16726,35.84995],[139.16617,35.84997],[139.16563,35.85006],[139.16486,35.85034],[139.16408,35.85078],[139.16353,35.85087],[139.16315,35.85026],[139.16258,35.84955],[139.16268,35.84906],[139.1629,35.84876],[139.16339,35.84848],[139.16376,35.84792],[139.1647,35.84725],[139.1651,35.84639],[139.16559,35.84592],[139.16586,35.8452],[139.16642,35.84457],[139.16642,35.84435],[139.16597,35.84328],[139.16612,35.84297],[139.16707,35.84232],[139.16789,35.84187],[139.16849,35.84124],[139.1693,35.84113],[139.16955,35.84052],[139.17015,35.84052],[139.17109,35.83998],[139.17172,35.84003],[139.17206,35.83989],[139.17224,35.83956],[139.17327,35.83828],[139.17388,35.83799],[139.17434,35.83792],[139.17433,35.83711],[139.17471,35.83654],[139.17534,35.83607],[139.1763,35.83591],[139.17677,35.83547],[139.17735,35.83515],[139.17721,35.83445],[139.17724,35.83392],[139.17693,35.83337],[139.1769,35.83306],[139.17736,35.83276],[139.17762,35.83184],[139.17761,35.83115],[139.17778,35.83094],[139.17843,35.83059],[139.17794,35.83018],[139.1771,35.82929],[139.17589,35.82774],[139.17526,35.82719],[139.17524,35.82683],[139.17564,35.82605],[139.17586,35.82541],[139.17591,35.82468],[139.17609,35.82414],[139.17664,35.82296],[139.17683,35.822],[139.17663,35.82161],[139.17672,35.82128],[139.17725,35.8208],[139.17741,35.82019],[139.17699,35.81943],[139.17667,35.81825],[139.17629,35.81735],[139.17581,35.81638],[139.17498,35.81519],[139.17465,35.81415],[139.1743,35.81333],[139.17421,35.81283],[139.17433,35.81237],[139.17465,35.81196],[139.17462,35.81093],[139.17493,35.8103],[139.17503,35.80955],[139.17528,35.80891],[139.17581,35.80814],[139.17579,35.8075],[139.17551,35.80684],[139.17457,35.80703],[139.17365,35.80679],[139.17315,35.80643],[139.17187,35.8052],[139.17167,35.80509],[139.17164,35.80398],[139.17153,35.80355],[139.17112,35.80335],[139.17017,35.80311],[139.16941,35.80271],[139.16855,35.80251],[139.16732,35.80173],[139.1659,35.80153],[139.16482,35.8016],[139.16379,35.80084],[139.16277,35.8003],[139.16223,35.80008],[139.16173,35.8],[139.16093,35.7992],[139.16016,35.79883],[139.15914,35.79843],[139.15826,35.79829],[139.1571,35.79853],[139.15631,35.79863],[139.15527,35.79819],[139.15464,35.79769],[139.15408,35.79754],[139.15273,35.79704],[139.15155,35.79695],[139.15081,35.79663],[139.15029,35.79668],[139.14982,35.79638],[139.14873,35.79446],[139.14784,35.79386],[139.14692,35.79303],[139.14678,35.79263],[139.14696,35.79219],[139.14756,35.79163],[139.14773,35.79048],[139.14754,35.78988],[139.14757,35.78901],[139.14729,35.78855],[139.14689,35.78821],[139.14663,35.78769],[139.14665,35.78746],[139.14699,35.78712],[139.14736,35.78697],[139.14742,35.78608],[139.14648,35.78575],[139.14688,35.78506],[139.14678,35.78463],[139.14699,35.78415],[139.14709,35.78317],[139.14781,35.78202],[139.14739,35.78187],[139.14664,35.78143],[139.14627,35.7816],[139.14557,35.78151],[139.14508,35.78127],[139.14372,35.78098],[139.14281,35.78105],[139.1425,35.78084],[139.14176,35.77977],[139.14095,35.77951],[139.14048,35.77899],[139.13967,35.77904],[139.13926,35.77887],[139.13834,35.77885],[139.13743,35.77838],[139.13716,35.77804],[139.13732,35.77755],[139.13727,35.7771],[139.13742,35.77643],[139.13739,35.77575],[139.13746,35.77504],[139.13771,35.7743],[139.13774,35.77278],[139.13764,35.77243],[139.13857,35.77189],[139.13938,35.77205],[139.1398,35.77296],[139.14065,35.77362],[139.14099,35.77421],[139.14163,35.77439],[139.14212,35.77468],[139.14237,35.77496],[139.1428,35.77607],[139.14282,35.77634],[139.14353,35.77631],[139.14402,35.77655],[139.14446,35.77695],[139.14488,35.77687],[139.14533,35.77645],[139.14573,35.77633],[139.14613,35.77589],[139.14623,35.77552],[139.14656,35.7753],[139.1477,35.77513],[139.14824,35.77529],[139.14833,35.77546],[139.14829,35.77616],[139.14815,35.77639],[139.14837,35.7768],[139.14824,35.77789],[139.14864,35.77887],[139.14913,35.77884],[139.14992,35.77821],[139.15035,35.77766],[139.15086,35.77733],[139.15105,35.7769],[139.15168,35.77668],[139.15183,35.77632],[139.15234,35.77595],[139.15256,35.77487],[139.15298,35.77414],[139.15372,35.77355],[139.1546,35.77324],[139.15556,35.77328],[139.15574,35.77363],[139.15603,35.77373],[139.15691,35.77367],[139.15749,35.77354],[139.15774,35.77317],[139.15802,35.77343],[139.15835,35.774],[139.15845,35.77449],[139.15825,35.77509],[139.158,35.77539],[139.15797,35.77587],[139.15832,35.77616],[139.1585,35.77657],[139.15826,35.77755],[139.15863,35.77791],[139.1606,35.77716],[139.16121,35.77706],[139.1619,35.77736],[139.16242,35.77786],[139.16304,35.77824],[139.16338,35.77856],[139.16425,35.77902],[139.16568,35.77956],[139.16586,35.78016],[139.16615,35.78062],[139.16657,35.78092],[139.16724,35.78112],[139.17012,35.78168],[139.17095,35.78177],[139.17213,35.78221],[139.17262,35.78257],[139.17407,35.78385],[139.17562,35.78486],[139.17751,35.78545],[139.17786,35.78575],[139.17922,35.78613],[139.18015,35.78679],[139.18153,35.7875],[139.18195,35.78763],[139.1828,35.7875],[139.18333,35.78753],[139.18444,35.78784],[139.18484,35.78779],[139.18618,35.78778],[139.18657,35.78791],[139.18742,35.78852],[139.18879,35.78908],[139.18943,35.78907],[139.19031,35.78876],[139.1912,35.78868],[139.19163,35.78879],[139.19217,35.78919],[139.19297,35.78884],[139.1933,35.78793],[139.19412,35.78747],[139.19487,35.78721],[139.19553,35.78683],[139.19723,35.78676],[139.19771,35.78647],[139.19824,35.78644],[139.19854,35.78618],[139.19864,35.78581],[139.19847,35.78528],[139.1989,35.78445],[139.19916,35.78429],[139.20007,35.78409],[139.20061,35.78374],[139.20072,35.78328],[139.20123,35.78316],[139.2016,35.78261],[139.20213,35.78248],[139.20253,35.78189],[139.20256,35.78154],[139.20312,35.7813],[139.20339,35.78046],[139.20357,35.78016],[139.20449,35.77996],[139.205,35.77952],[139.20496,35.77911],[139.20567,35.77829],[139.20644,35.77844],[139.20728,35.7773],[139.20818,35.7764],[139.2088,35.77625],[139.20938,35.77587],[139.20945,35.77536],[139.20931,35.7746],[139.20974,35.77411],[139.21018,35.77394],[139.21053,35.77318],[139.21176,35.77358],[139.2124,35.77371],[139.21288,35.77398],[139.21333,35.77395],[139.21438,35.77407],[139.21525,35.77324],[139.21559,35.7731],[139.21625,35.77313],[139.21668,35.77282],[139.2179,35.77293],[139.21838,35.7732],[139.21902,35.77325],[139.22024,35.77363],[139.22077,35.774],[139.22152,35.77316],[139.22258,35.77245],[139.22309,35.77245],[139.22389,35.77284],[139.22432,35.77282],[139.22471,35.77245],[139.22593,35.77186],[139.22654,35.77187],[139.22734,35.77205],[139.22766,35.7715],[139.22829,35.77081],[139.22933,35.7707],[139.23004,35.77004],[139.23069,35.77],[139.23132,35.7694],[139.23174,35.76889],[139.23243,35.76873],[139.23302,35.76887],[139.23374,35.76862],[139.23457,35.76918],[139.23527,35.76937],[139.23619,35.76916],[139.23661,35.76886],[139.23722,35.76887],[139.23755,35.76857],[139.23817,35.76858],[139.2383,35.76826],[139.23836,35.767],[139.24027,35.76711],[139.24084,35.76709],[139.24127,35.76693],[139.24264,35.76681],[139.24301,35.76702],[139.24371,35.767],[139.24482,35.7674],[139.24589,35.76738],[139.24625,35.76731],[139.24727,35.76672],[139.24845,35.76669],[139.24945,35.7666],[139.24991,35.76627],[139.25077,35.766],[139.25137,35.76533],[139.25135,35.76493],[139.25191,35.76448],[139.25244,35.76448],[139.253,35.76398],[139.25354,35.76409],[139.2543,35.76403],[139.25414,35.76351],[139.25473,35.7632],[139.25496,35.76293],[139.25512,35.76214],[139.25526,35.76196],[139.25624,35.76189],[139.25655,35.76158],[139.25694,35.76101],[139.25686,35.76071],[139.25705,35.76043],[139.25806,35.76025],[139.2592,35.76017],[139.25965,35.76023],[139.26024,35.76003],[139.26083,35.76],[139.26153,35.75983],[139.26207,35.75999],[139.26351,35.75997],[139.26386,35.7601],[139.26427,35.76055],[139.26479,35.76032],[139.26551,35.76044],[139.26586,35.7601],[139.26657,35.75996],[139.26719,35.76004],[139.2676,35.76034],[139.26831,35.76049],[139.26869,35.76087],[139.26932,35.76113],[139.2712,35.76108],[139.27174,35.76086],[139.27303,35.76113],[139.27421,35.76089],[139.27474,35.76098],[139.27544,35.76123],[139.27611,35.76162],[139.27659,35.76167],[139.27713,35.76156],[139.27787,35.76164],[139.27889,35.76134],[139.27949,35.76138],[139.28167,35.76126],[139.2822,35.76143],[139.28315,35.76123],[139.28334,35.76108],[139.28428,35.76134],[139.28475,35.76111],[139.28564,35.76103],[139.2865,35.76078],[139.28717,35.76097],[139.28773,35.76092],[139.28798,35.76032],[139.28794,35.7601],[139.28814,35.75961],[139.28839,35.75962],[139.29009,35.76007],[139.29025,35.75972],[139.29077,35.75958],[139.29092,35.7591],[139.29138,35.7584],[139.29181,35.75839],[139.29211,35.75816],[139.29233,35.75755],[139.29355,35.75707],[139.29368,35.75671],[139.29356,35.7562],[139.29386,35.75567],[139.29434,35.75536],[139.29504,35.7554],[139.29558,35.75525],[139.29654,35.75455],[139.29647,35.75552],[139.29689,35.75632],[139.29724,35.75844],[139.29744,35.76008],[139.29728,35.76118],[139.29673,35.76212],[139.29655,35.76315],[139.29679,35.76373],[139.2969,35.76465],[139.29664,35.76628],[139.29613,35.76745],[139.29578,35.76844],[139.29521,35.7698],[139.29494,35.77024],[139.29309,35.77204],[139.29279,35.7725],[139.29249,35.77336],[139.29255,35.77385],[139.29226,35.77511],[139.29213,35.77534],[139.29308,35.77616],[139.29449,35.77715],[139.2955,35.77766],[139.2963,35.77878],[139.29645,35.77877],[139.29717,35.77969],[139.29755,35.78077],[139.29841,35.78128],[139.2999,35.78116],[139.30019,35.78049],[139.30078,35.77997],[139.30194,35.77989],[139.30197,35.77952],[139.30249,35.77854],[139.30332,35.77813],[139.30455,35.77804],[139.30606,35.77783],[139.3069,35.77667],[139.30802,35.77723],[139.30919,35.77571],[139.31137,35.77676],[139.31228,35.77552],[139.31278,35.77569],[139.31755,35.77794],[139.31844,35.77841],[139.32069,35.77681],[139.32107,35.77722],[139.32249,35.7788],[139.32375,35.78005],[139.32412,35.78108],[139.32349,35.78182],[139.32257,35.78248],[139.3218,35.78288],[139.32066,35.78336],[139.32091,35.78408],[139.32062,35.78432],[139.32058,35.78459],[139.32073,35.78608],[139.32098,35.78623],[139.32103,35.78663],[139.32084,35.78699],[139.32079,35.7883],[139.32042,35.78852],[139.32015,35.78846],[139.31945,35.78868],[139.31894,35.78918],[139.31811,35.78922],[139.3182,35.78958],[139.32058,35.78991],[139.32087,35.78954],[139.3219,35.78868],[139.32216,35.7882],[139.32276,35.78631],[139.3238,35.78668],[139.32344,35.78719],[139.32365,35.7875],[139.32291,35.78852],[139.32122,35.78959],[139.32205,35.78978],[139.32626,35.78703],[139.32916,35.78973],[139.33007,35.79061],[139.32848,35.79177],[139.3288,35.79207],[139.32915,35.79209],[139.3301,35.79292],[139.33037,35.79362]]]},"properties":{"code":"13205","name":"青梅市"}},{"type":"Feature","geometry":{"type":"MultiPolygon","coordinates":[[[[139.49679,35.68778],[139.49679,35.68726],[139.49762,35.68732],[139.49762,35.68759],[139.49725,35.6878],[139.49679,35.68778]]],[[[139.52084,35.64619],[139.52101,35.64927],[139.52096,35.65102],[139.52071,35.65199],[139.52042,35.6528],[139.52075,35.65329],[139.52071,35.65374],[139.52022,35.65425],[139.51945,35.65482],[139.51845,35.65532],[139.51704,35.65531],[139.51712,35.65611],[139.51759,35.6564],[139.51749,35.65689],[139.51769,35.65723],[139.51767,35.65755],[139.51817,35.65813],[139.51746,35.65839],[139.5179,35.65912],[139.51863,35.65952],[139.51944,35.66044],[139.5202,35.66192],[139.52163,35.66421],[139.52167,35.6649],[139.52219,35.66577],[139.52268,35.66678],[139.52293,35.66711],[139.52322,35.66779],[139.52415,35.66787],[139.5242,35.66827],[139.52442,35.66876],[139.52434,35.66916],[139.52508,35.66899],[139.52543,35.66923],[139.52573,35.6699],[139.52646,35.67238],[139.52509,35.67601],[139.52473,35.67604],[139.52474,35.67643],[139.52374,35.67648],[139.52343,35.67676],[139.5226,35.67682],[139.5221,35.67718],[139.52216,35.67773],[139.52358,35.6777],[139.52359,35.67804],[139.52412,35.67812],[139.52428,35.67745],[139.52468,35.67751],[139.52444,35.67921],[139.52429,35.67972],[139.52094,35.68053],[139.52126,35.68144],[139.5205,35.68163],[139.5211,35.68326],[139.52193,35.68523],[139.52227,35.68736],[139.5215,35.68836],[139.52052,35.68914],[139.51996,35.68941],[139.51969,35.6898],[139.51827,35.69125],[139.51808,35.69138],[139.51773,35.69093],[139.51672,35.69084],[139.51663,35.69061],[139.51621,35.69071],[139.51603,35.69003],[139.51557,35.69014],[139.51527,35.69],[139.51476,35.68915],[139.51452,35.68842],[139.51491,35.68836],[139.51475,35.68703],[139.51457,35.68609],[139.51359,35.68586],[139.5106,35.68615],[139.50955,35.68621],[139.50673,35.68649],[139.50659,35.68672],[139.50589,35.68656],[139.50554,35.68667],[139.50556,35.68698],[139.50519,35.68698],[139.50414,35.6859],[139.50303,35.68468],[139.50217,35.6841],[139.50186,35.68402],[139.50024,35.68434],[139.50032,35.68464],[139.50113,35.68458],[139.50143,35.68523],[139.50164,35.68523],[139.50257,35.6865],[139.50295,35.68727],[139.50147,35.68738],[139.50084,35.68688],[139.49989,35.68718],[139.4991,35.68638],[139.49871,35.68563],[139.49781,35.68566],[139.49764,35.68603],[139.497,35.68631],[139.49735,35.68676],[139.49632,35.68674],[139.49633,35.68695],[139.49544,35.6869],[139.4955,35.68725],[139.49625,35.68726],[139.49646,35.68797],[139.49693,35.688],[139.497,35.68842],[139.49651,35.68852],[139.49625,35.6881],[139.49572,35.68821],[139.49579,35.68864],[139.49238,35.68953],[139.49236,35.68968],[139.49158,35.68991],[139.49122,35.69025],[139.49028,35.69003],[139.49026,35.69056],[139.48904,35.69096],[139.48943,35.69187],[139.48963,35.69249],[139.48867,35.69254],[139.4884,35.69247],[139.48802,35.69199],[139.48781,35.69198],[139.48841,35.69292],[139.48975,35.69516],[139.48959,35.69545],[139.48808,35.69497],[139.48783,35.69468],[139.48748,35.69341],[139.48731,35.69318],[139.4867,35.69318],[139.48664,35.69226],[139.48646,35.69217],[139.48462,35.69211],[139.48446,35.69158],[139.48353,35.69126],[139.483,35.69127],[139.48132,35.69143],[139.48104,35.6907],[139.47985,35.69081],[139.47957,35.69041],[139.47822,35.69037],[139.47812,35.68992],[139.47752,35.68981],[139.47737,35.68934],[139.47584,35.68925],[139.4749,35.68912],[139.47351,35.68912],[139.47166,35.68894],[139.47081,35.68873],[139.46941,35.68872],[139.46819,35.68837],[139.46784,35.68835],[139.46773,35.68878],[139.46729,35.68877],[139.46704,35.68845],[139.46654,35.68844],[139.46635,35.68878],[139.46558,35.68878],[139.46445,35.68943],[139.46381,35.68954],[139.46406,35.68989],[139.46583,35.69025],[139.46622,35.69039],[139.46628,35.69072],[139.46596,35.69094],[139.46589,35.69156],[139.46647,35.69205],[139.46692,35.69222],[139.4677,35.69215],[139.46779,35.6925],[139.46682,35.69534],[139.46646,35.6953],[139.46549,35.695],[139.46448,35.69514],[139.46377,35.69543],[139.46326,35.69696],[139.46402,35.69705],[139.46403,35.69725],[139.46369,35.6976],[139.46346,35.69821],[139.46327,35.69919],[139.46297,35.69987],[139.46025,35.69985],[139.46005,35.69883],[139.45975,35.69682],[139.45963,35.69556],[139.45966,35.69508],[139.45956,35.69391],[139.45912,35.69383],[139.4588,35.69351],[139.45891,35.69319],[139.45943,35.69286],[139.45941,35.69239],[139.4596,35.69185],[139.45923,35.6919],[139.45872,35.69222],[139.45851,35.69221],[139.45821,35.6917],[139.45742,35.69189],[139.45717,35.69116],[139.45692,35.69111],[139.45604,35.69128],[139.45597,35.69045],[139.45518,35.69046],[139.45488,35.6901],[139.45465,35.68911],[139.45402,35.6888],[139.45358,35.68766],[139.45344,35.68666],[139.45342,35.68565],[139.45304,35.68426],[139.45293,35.68356],[139.45235,35.68347],[139.45223,35.68313],[139.45216,35.68227],[139.45157,35.68171],[139.45158,35.68118],[139.45136,35.68066],[139.45169,35.68022],[139.45162,35.67938],[139.45216,35.67918],[139.45235,35.67876],[139.45229,35.67851],[139.45147,35.6784],[139.45121,35.67762],[139.45138,35.67728],[139.45174,35.67696],[139.45152,35.67668],[139.45093,35.67691],[139.45073,35.67665],[139.45115,35.67442],[139.45115,35.67357],[139.45086,35.67353],[139.45049,35.67394],[139.44971,35.6741],[139.45066,35.6732],[139.45252,35.67212],[139.45343,35.67166],[139.45343,35.67148],[139.45252,35.67126],[139.4523,35.67153],[139.451,35.67173],[139.45081,35.67155],[139.44986,35.67197],[139.4487,35.6724],[139.44755,35.67253],[139.44684,35.67311],[139.4457,35.6735],[139.44566,35.67311],[139.4445,35.67243],[139.44514,35.67182],[139.44474,35.67179],[139.44382,35.67213],[139.44338,35.67237],[139.44285,35.67216],[139.44191,35.67209],[139.44109,35.67178],[139.44066,35.67175],[139.44069,35.67137],[139.44174,35.67146],[139.44195,35.6711],[139.44148,35.67072],[139.44086,35.67064],[139.44009,35.67084],[139.43973,35.67127],[139.43822,35.67189],[139.43701,35.67218],[139.43607,35.67152],[139.43591,35.67151],[139.43479,35.67194],[139.43338,35.67217],[139.43173,35.67268],[139.43144,35.67233],[139.43075,35.67179],[139.42983,35.67082],[139.4304,35.67032],[139.43104,35.6699],[139.43153,35.66935],[139.43236,35.66855],[139.43285,35.66791],[139.43392,35.66692],[139.43543,35.66534],[139.43674,35.66392],[139.43876,35.66192],[139.4407,35.66019],[139.44113,35.65973],[139.4416,35.65901],[139.44202,35.65796],[139.44471,35.65721],[139.44723,35.65655],[139.45161,35.65547],[139.45527,35.65433],[139.45874,35.65343],[139.45966,35.65326],[139.46443,35.65211],[139.46654,35.65154],[139.46788,35.65121],[139.46915,35.65081],[139.47116,35.65002],[139.47185,35.6497],[139.47255,35.64928],[139.47381,35.64933],[139.47387,35.64994],[139.47383,35.65058],[139.474,35.65075],[139.4784,35.65179],[139.47925,35.65198],[139.48058,35.65216],[139.48423,35.65245],[139.48613,35.65268],[139.48646,35.65265],[139.48735,35.65215],[139.48794,35.65173],[139.48902,35.6515],[139.48983,35.65188],[139.49037,35.65203],[139.49162,35.65209],[139.49359,35.6519],[139.49612,35.65188],[139.49825,35.65165],[139.49946,35.65145],[139.50063,35.651],[139.50147,35.65052],[139.50128,35.64976],[139.50132,35.64919],[139.50215,35.6491],[139.50262,35.64939],[139.50312,35.64994],[139.50356,35.65007],[139.5042,35.65007],[139.50565,35.65028],[139.5068,35.65088],[139.50816,35.65114],[139.5097,35.65127],[139.51209,35.6512],[139.5139,35.65061],[139.51684,35.6493],[139.5174,35.64901],[139.51838,35.64835],[139.52001,35.64712],[139.52011,35.64685],[139.52084,35.64619]]]]},"properties":{"code":"13206","name":"府中市"}},{"type":"Feature","geometry":{"type":"Polygon","coordinates":[[[139.37627,35.69163],[139.3806,35.6916],[139.38247,35.69154],[139.38391,35.69145],[139.38509,35.69128],[139.38656,35.69209],[139.38767,35.6926],[139.38803,35.69266],[139.38859,35.69307],[139.38882,35.69338],[139.38904,35.69399],[139.38895,35.69448],[139.38853,35.69515],[139.38891,35.69554],[139.38905,35.69598],[139.38882,35.69618],[139.38933,35.6972],[139.38946,35.69771],[139.39028,35.69808],[139.39024,35.69879],[139.39039,35.69887],[139.39151,35.69894],[139.39171,35.69915],[139.39212,35.69901],[139.39295,35.69908],[139.39286,35.69963],[139.39327,35.70049],[139.39349,35.70077],[139.39396,35.70242],[139.39347,35.70256],[139.39374,35.70312],[139.3934,35.70321],[139.39383,35.70415],[139.39459,35.70395],[139.39481,35.70432],[139.39478,35.70462],[139.39401,35.70501],[139.39451,35.70615],[139.39525,35.70632],[139.39561,35.70668],[139.39615,35.70757],[139.39728,35.70923],[139.3984,35.71108],[139.39844,35.71165],[139.39701,35.71236],[139.3957,35.71289],[139.39458,35.71163],[139.39376,35.71249],[139.39281,35.71369],[139.39198,35.71435],[139.39104,35.71533],[139.38995,35.71489],[139.38899,35.71439],[139.38784,35.7157],[139.3871,35.71667],[139.38885,35.7179],[139.38742,35.71894],[139.3855,35.72046],[139.38428,35.72037],[139.3833,35.72049],[139.3825,35.72076],[139.38207,35.72023],[139.38069,35.72092],[139.37931,35.72172],[139.37929,35.72198],[139.37985,35.72228],[139.38028,35.72231],[139.3806,35.72253],[139.38179,35.72312],[139.3813,35.72385],[139.38071,35.72459],[139.38009,35.72559],[139.37971,35.72546],[139.37883,35.72496],[139.37771,35.72421],[139.37717,35.72431],[139.37636,35.72545],[139.37404,35.72496],[139.37328,35.72529],[139.37095,35.72466],[139.37005,35.72451],[139.3703,35.72566],[139.36984,35.72578],[139.36818,35.72537],[139.36709,35.72526],[139.36681,35.72512],[139.36541,35.72503],[139.36527,35.72576],[139.36423,35.7259],[139.36187,35.72629],[139.36172,35.72579],[139.36195,35.7251],[139.36287,35.72457],[139.36247,35.72417],[139.36162,35.72433],[139.3594,35.72498],[139.35717,35.7258],[139.35688,35.72528],[139.35505,35.72508],[139.35294,35.72484],[139.3527,35.72376],[139.35298,35.72353],[139.35256,35.7229],[139.35176,35.72265],[139.35158,35.72214],[139.35119,35.72234],[139.35066,35.72206],[139.35007,35.72226],[139.34953,35.72176],[139.34903,35.72155],[139.34664,35.72166],[139.34667,35.72138],[139.34628,35.72095],[139.34582,35.72092],[139.3448,35.72109],[139.3443,35.72126],[139.34366,35.72108],[139.34325,35.72155],[139.34307,35.72156],[139.34219,35.72118],[139.34202,35.72137],[139.34162,35.72131],[139.34052,35.72065],[139.34015,35.72027],[139.33977,35.72012],[139.33974,35.7198],[139.3393,35.71978],[139.3392,35.71947],[139.33885,35.71944],[139.33881,35.71901],[139.3386,35.71895],[139.33945,35.71739],[139.33904,35.71723],[139.33929,35.71688],[139.33886,35.71586],[139.33791,35.7154],[139.33553,35.71435],[139.33349,35.71342],[139.33249,35.71261],[139.33144,35.71188],[139.33132,35.70977],[139.33161,35.70905],[139.33203,35.70824],[139.33266,35.70612],[139.333,35.70512],[139.33308,35.70453],[139.33368,35.7043],[139.33444,35.70373],[139.335,35.70313],[139.33585,35.70254],[139.3367,35.70173],[139.33682,35.70151],[139.33567,35.69922],[139.3356,35.69891],[139.33603,35.69822],[139.33628,35.69735],[139.33603,35.6961],[139.33645,35.69576],[139.33764,35.69506],[139.33862,35.69498],[139.33936,35.69429],[139.34039,35.69365],[139.34124,35.69378],[139.34231,35.69367],[139.34271,35.69343],[139.3432,35.69284],[139.34378,35.69263],[139.34496,35.69231],[139.3457,35.69228],[139.34645,35.69198],[139.34714,35.69205],[139.34864,35.69237],[139.34918,35.69244],[139.35089,35.69236],[139.3522,35.69249],[139.35385,35.69313],[139.35468,35.69329],[139.35523,35.69323],[139.36099,35.69358],[139.36333,35.69374],[139.36626,35.69269],[139.36763,35.69214],[139.36961,35.69189],[139.37064,35.69179],[139.37116,35.69168],[139.37163,35.69181],[139.37426,35.69163],[139.37627,35.69163]]]},"properties":{"code":"13207","name":"昭島市"}},{"type":"Feature","geometry":{"type":"Polygon","coordinates":[[[139.58889,35.66941],[139.58678,35.6704],[139.58602,35.67069],[139.58603,35.67096],[139.58517,35.67129],[139.58476,35.671],[139.5845,35.6704],[139.58385,35.67049],[139.58145,35.67048],[139.58117,35.67068],[139.58045,35.67072],[139.58016,35.67151],[139.58057,35.67159],[139.58004,35.67252],[139.57946,35.67225],[139.57838,35.67314],[139.57764,35.67338],[139.57633,35.67358],[139.57588,35.67348],[139.57507,35.67314],[139.57542,35.67278],[139.57751,35.67236],[139.57845,35.67191],[139.579,35.67091],[139.57894,35.6704],[139.57809,35.67023],[139.57771,35.66886],[139.57891,35.66892],[139.57949,35.66766],[139.5791,35.66737],[139.57944,35.66691],[139.57939,35.66652],[139.5798,35.66554],[139.58056,35.6653],[139.58214,35.66503],[139.58175,35.6647],[139.5803,35.66385],[139.57981,35.66347],[139.57834,35.66247],[139.57788,35.66202],[139.57773,35.66105],[139.57677,35.66031],[139.57575,35.66004],[139.5755,35.66004],[139.57505,35.66047],[139.57414,35.66148],[139.57352,35.66235],[139.57263,35.66271],[139.5726,35.6633],[139.57362,35.6628],[139.57441,35.66193],[139.57459,35.66146],[139.57521,35.66171],[139.57489,35.66225],[139.57381,35.66343],[139.57301,35.66414],[139.57266,35.66421],[139.57178,35.66389],[139.57013,35.66363],[139.56886,35.6635],[139.56794,35.66353],[139.56676,35.66387],[139.56614,35.66425],[139.56557,35.66507],[139.565,35.6668],[139.56471,35.6679],[139.5644,35.66854],[139.56434,35.66903],[139.56445,35.67226],[139.56427,35.67298],[139.56376,35.67426],[139.56328,35.67518],[139.56306,35.67604],[139.5627,35.67684],[139.56227,35.67801],[139.5624,35.67858],[139.56205,35.67989],[139.56172,35.68071],[139.5612,35.68148],[139.56087,35.68284],[139.55878,35.68274],[139.55836,35.6829],[139.55785,35.68265],[139.55758,35.68276],[139.55675,35.68273],[139.55675,35.68231],[139.55459,35.68212],[139.55372,35.6817],[139.55274,35.68132],[139.55214,35.68134],[139.55216,35.68084],[139.55077,35.68083],[139.55047,35.68099],[139.54874,35.68146],[139.54789,35.68159],[139.54683,35.68154],[139.54677,35.68212],[139.54544,35.68206],[139.54545,35.68148],[139.54489,35.68148],[139.54471,35.68032],[139.54294,35.68046],[139.54289,35.67988],[139.54242,35.67829],[139.54225,35.67724],[139.54201,35.67498],[139.5419,35.67354],[139.54172,35.67205],[139.54144,35.67067],[139.5414,35.6699],[139.54168,35.66917],[139.54195,35.66796],[139.54229,35.66746],[139.54268,35.66719],[139.54439,35.66665],[139.54405,35.66591],[139.54369,35.66571],[139.54317,35.66572],[139.5428,35.66498],[139.54256,35.66478],[139.5416,35.66427],[139.54054,35.66447],[139.53908,35.66455],[139.53838,35.66475],[139.53873,35.66503],[139.53883,35.66547],[139.53834,35.66571],[139.53802,35.66538],[139.53745,35.66547],[139.53757,35.66634],[139.53716,35.66656],[139.53747,35.66703],[139.5382,35.66672],[139.53849,35.66713],[139.53797,35.66729],[139.53797,35.66768],[139.53688,35.6681],[139.53613,35.66873],[139.53559,35.66929],[139.53494,35.6691],[139.53446,35.66828],[139.53472,35.66816],[139.53458,35.66765],[139.5344,35.66754],[139.53302,35.66758],[139.53137,35.6677],[139.53215,35.66924],[139.53244,35.6699],[139.53103,35.67056],[139.53049,35.67095],[139.53047,35.67134],[139.53063,35.67195],[139.53007,35.672],[139.5297,35.67228],[139.52943,35.67291],[139.52955,35.67307],[139.52953,35.67369],[139.52924,35.67372],[139.52945,35.67561],[139.52884,35.67569],[139.52851,35.67561],[139.52837,35.67493],[139.52794,35.67445],[139.52676,35.67468],[139.52704,35.67563],[139.52651,35.67577],[139.5267,35.6763],[139.5274,35.67632],[139.52762,35.67657],[139.52735,35.67677],[139.52782,35.67729],[139.52626,35.67724],[139.52625,35.67794],[139.52634,35.67867],[139.52659,35.67914],[139.52534,35.67958],[139.52543,35.68045],[139.52539,35.6809],[139.52657,35.68094],[139.52868,35.6812],[139.52866,35.68181],[139.52821,35.6818],[139.52821,35.6822],[139.52884,35.68286],[139.52809,35.68332],[139.52706,35.68374],[139.52692,35.68422],[139.52605,35.68466],[139.52583,35.68492],[139.52563,35.68554],[139.52516,35.68602],[139.52559,35.68658],[139.52523,35.68721],[139.52478,35.68726],[139.52452,35.68757],[139.52451,35.68794],[139.52402,35.68793],[139.52346,35.6881],[139.52329,35.68769],[139.52304,35.68752],[139.52227,35.68736],[139.52193,35.68523],[139.5211,35.68326],[139.5205,35.68163],[139.52126,35.68144],[139.52094,35.68053],[139.52429,35.67972],[139.52444,35.67921],[139.52468,35.67751],[139.52428,35.67745],[139.52412,35.67812],[139.52359,35.67804],[139.52358,35.6777],[139.52216,35.67773],[139.5221,35.67718],[139.5226,35.67682],[139.52343,35.67676],[139.52374,35.67648],[139.52474,35.67643],[139.52473,35.67604],[139.52509,35.67601],[139.52646,35.67238],[139.52573,35.6699],[139.52543,35.66923],[139.52508,35.66899],[139.52434,35.66916],[139.52442,35.66876],[139.5242,35.66827],[139.52415,35.66787],[139.52322,35.66779],[139.52293,35.66711],[139.52268,35.66678],[139.52219,35.66577],[139.52167,35.6649],[139.52163,35.66421],[139.5202,35.66192],[139.51944,35.66044],[139.51863,35.65952],[139.5179,35.65912],[139.51746,35.65839],[139.51817,35.65813],[139.51767,35.65755],[139.51769,35.65723],[139.51749,35.65689],[139.51759,35.6564],[139.51712,35.65611],[139.51704,35.65531],[139.51845,35.65532],[139.51945,35.65482],[139.52022,35.65425],[139.52071,35.65374],[139.52075,35.65329],[139.52042,35.6528],[139.52071,35.65199],[139.52096,35.65102],[139.52101,35.64927],[139.52084,35.64619],[139.52255,35.64461],[139.52281,35.64444],[139.52392,35.64343],[139.52539,35.64265],[139.5288,35.6421],[139.5302,35.64204],[139.53089,35.64196],[139.53216,35.64117],[139.53463,35.64019],[139.53595,35.63948],[139.53744,35.63931],[139.53952,35.63884],[139.5404,35.63873],[139.54142,35.63823],[139.54192,35.63814],[139.54345,35.63771],[139.54453,35.63748],[139.54596,35.63742],[139.54623,35.6369],[139.54733,35.63683],[139.54772,35.63669],[139.54861,35.63563],[139.54914,35.6346],[139.54943,35.63437],[139.55019,35.63418],[139.55104,35.63408],[139.55183,35.63409],[139.5532,35.63419],[139.55511,35.63422],[139.55743,35.63399],[139.55856,35.63375],[139.56097,35.633],[139.56197,35.63259],[139.56257,35.63568],[139.56293,35.63586],[139.56321,35.63739],[139.56323,35.63818],[139.56307,35.63887],[139.56315,35.63986],[139.56337,35.64137],[139.56375,35.64217],[139.56387,35.64262],[139.56451,35.64379],[139.56504,35.64502],[139.5655,35.64562],[139.56589,35.64636],[139.56575,35.64717],[139.56674,35.64759],[139.56765,35.6475],[139.56878,35.64748],[139.56967,35.64793],[139.56969,35.6483],[139.56942,35.64879],[139.56947,35.64903],[139.56992,35.64926],[139.5705,35.64936],[139.57156,35.64931],[139.57193,35.64944],[139.57234,35.65001],[139.57298,35.65038],[139.57357,35.65045],[139.57432,35.65074],[139.57511,35.65055],[139.57652,35.65034],[139.5772,35.64933],[139.5778,35.64903],[139.57847,35.64903],[139.57856,35.64885],[139.57922,35.64869],[139.58061,35.64955],[139.58086,35.64916],[139.5803,35.64887],[139.57934,35.64863],[139.5791,35.64818],[139.57946,35.64788],[139.58018,35.64775],[139.58018,35.64751],[139.58063,35.64731],[139.5816,35.64719],[139.58239,35.64759],[139.58223,35.64831],[139.5823,35.64846],[139.58384,35.6485],[139.58408,35.64875],[139.58433,35.64839],[139.58402,35.64816],[139.58431,35.64684],[139.58494,35.64633],[139.58558,35.64551],[139.5862,35.64601],[139.58681,35.64637],[139.5873,35.64649],[139.58764,35.64617],[139.58859,35.64578],[139.58957,35.64514],[139.59064,35.64539],[139.59206,35.64591],[139.59207,35.64811],[139.592,35.64918],[139.59208,35.65081],[139.59196,35.65136],[139.59308,35.65152],[139.59309,35.65178],[139.59284,35.65362],[139.59286,35.65418],[139.59233,35.65543],[139.59098,35.65532],[139.59049,35.65605],[139.58989,35.65725],[139.58966,35.65866],[139.58981,35.66002],[139.58975,35.66093],[139.59002,35.66115],[139.58895,35.66182],[139.58897,35.66245],[139.58798,35.66265],[139.58743,35.66256],[139.58691,35.66348],[139.58656,35.66396],[139.58697,35.66423],[139.58771,35.66437],[139.58815,35.665],[139.58947,35.66577],[139.59012,35.66579],[139.58996,35.66663],[139.58952,35.66761],[139.58913,35.66831],[139.58917,35.66888],[139.58889,35.66941]]]},"properties":{"code":"13208","name":"調布市"}},{"type":"Feature","geometry":{"type":"Polygon","coordinates":[[[139.2688,35.60935],[139.2695,35.60943],[139.27065,35.60979],[139.27134,35.60985],[139.27158,35.61014],[139.27212,35.61038],[139.27272,35.61035],[139.27353,35.61067],[139.27427,35.61105],[139.27558,35.61085],[139.27653,35.61095],[139.27755,35.61154],[139.27927,35.61139],[139.27988,35.61148],[139.28029,35.61169],[139.28038,35.61194],[139.28099,35.61254],[139.28156,35.61284],[139.28263,35.61302],[139.28287,35.61327],[139.28382,35.61303],[139.28424,35.61332],[139.28457,35.61296],[139.2848,35.61325],[139.28525,35.61339],[139.28586,35.61294],[139.28605,35.61251],[139.28737,35.61258],[139.28799,35.61241],[139.28825,35.61219],[139.28922,35.61213],[139.28984,35.61202],[139.29005,35.61255],[139.29034,35.61237],[139.29108,35.61226],[139.29261,35.61181],[139.29245,35.61131],[139.29285,35.61108],[139.29322,35.61069],[139.29368,35.61089],[139.29411,35.61087],[139.29444,35.61112],[139.29521,35.61031],[139.2957,35.61017],[139.2962,35.61023],[139.29663,35.6099],[139.29684,35.60944],[139.29672,35.60902],[139.297,35.608],[139.29798,35.60793],[139.29871,35.60748],[139.29842,35.60717],[139.29898,35.60693],[139.29916,35.60665],[139.2992,35.60623],[139.3004,35.60616],[139.30094,35.60656],[139.30107,35.60582],[139.3016,35.606],[139.30258,35.60541],[139.30352,35.60513],[139.30369,35.6047],[139.30423,35.60462],[139.30477,35.60469],[139.30452,35.60527],[139.30504,35.60537],[139.30502,35.60507],[139.30547,35.60493],[139.30597,35.60519],[139.30612,35.60547],[139.30705,35.60526],[139.30763,35.60536],[139.30786,35.60513],[139.3076,35.60479],[139.30809,35.60454],[139.30941,35.60421],[139.31122,35.60429],[139.3126,35.60465],[139.31307,35.60465],[139.31334,35.60441],[139.31362,35.60467],[139.31403,35.60435],[139.31441,35.60438],[139.3144,35.60473],[139.31476,35.60506],[139.31452,35.60544],[139.31496,35.60548],[139.31533,35.6053],[139.31638,35.60531],[139.3172,35.60573],[139.31785,35.60564],[139.31817,35.60595],[139.31894,35.60609],[139.31935,35.60593],[139.31972,35.60599],[139.31992,35.60631],[139.32056,35.60652],[139.32149,35.6063],[139.32158,35.60585],[139.32189,35.6058],[139.32216,35.60601],[139.32256,35.60569],[139.32292,35.6056],[139.32291,35.60535],[139.32354,35.60547],[139.32419,35.60483],[139.32477,35.60513],[139.32555,35.60484],[139.32563,35.60461],[139.3262,35.60469],[139.32634,35.6045],[139.32689,35.60427],[139.32679,35.604],[139.32711,35.60382],[139.32742,35.60398],[139.32765,35.60381],[139.32828,35.6037],[139.32853,35.60344],[139.32898,35.60351],[139.32919,35.60335],[139.32949,35.60368],[139.32985,35.60355],[139.33015,35.60319],[139.33036,35.60321],[139.33089,35.60383],[139.33098,35.60424],[139.33139,35.60402],[139.33214,35.60429],[139.33281,35.60415],[139.333,35.6038],[139.33341,35.60372],[139.33421,35.60409],[139.33424,35.60434],[139.33501,35.60441],[139.33559,35.60422],[139.3358,35.60449],[139.33685,35.60438],[139.33737,35.60449],[139.33789,35.60435],[139.33819,35.60484],[139.33856,35.60491],[139.33923,35.60547],[139.3399,35.60555],[139.34097,35.60483],[139.34121,35.60498],[139.34188,35.60454],[139.34197,35.60409],[139.34243,35.60369],[139.34244,35.60331],[139.3428,35.60321],[139.34299,35.60365],[139.34342,35.60302],[139.34391,35.60287],[139.34413,35.60263],[139.34448,35.6026],[139.346,35.60214],[139.3468,35.60202],[139.34722,35.60206],[139.34743,35.6019],[139.34804,35.60193],[139.34828,35.60163],[139.3505,35.601],[139.35107,35.60094],[139.35196,35.60102],[139.35307,35.60081],[139.35298,35.60038],[139.35336,35.60003],[139.35358,35.60036],[139.35387,35.60022],[139.35424,35.60049],[139.35489,35.6003],[139.35545,35.59991],[139.35581,35.59951],[139.35627,35.59918],[139.35673,35.59901],[139.35793,35.59871],[139.35925,35.5986],[139.36012,35.59869],[139.36076,35.59884],[139.36185,35.59921],[139.36238,35.59922],[139.36308,35.59904],[139.3636,35.59851],[139.36397,35.59863],[139.36602,35.59763],[139.36663,35.59724],[139.36767,35.59623],[139.36964,35.59479],[139.37047,35.59439],[139.37143,35.59431],[139.37251,35.5945],[139.37278,35.59498],[139.37344,35.59485],[139.37346,35.59463],[139.37434,35.5945],[139.37496,35.59416],[139.37524,35.59389],[139.37619,35.59252],[139.37705,35.59171],[139.37774,35.59129],[139.3791,35.59071],[139.37888,35.59045],[139.37916,35.5902],[139.37984,35.5902],[139.38072,35.59052],[139.38107,35.5902],[139.38101,35.58992],[139.382,35.58951],[139.38212,35.58978],[139.38274,35.58985],[139.383,35.58942],[139.38296,35.58912],[139.38451,35.58848],[139.38433,35.58763],[139.38523,35.58748],[139.38533,35.58819],[139.38703,35.58853],[139.38755,35.58859],[139.38862,35.58853],[139.3892,35.58805],[139.38959,35.5876],[139.39007,35.58657],[139.39063,35.58555],[139.39108,35.58526],[139.392,35.58531],[139.39235,35.58557],[139.39294,35.58543],[139.39387,35.58562],[139.39422,35.5856],[139.39478,35.58482],[139.39483,35.58412],[139.39572,35.58426],[139.39591,35.58395],[139.39667,35.58446],[139.3972,35.58435],[139.39756,35.58449],[139.39785,35.58421],[139.39816,35.58423],[139.39865,35.58457],[139.39915,35.58465],[139.39987,35.58432],[139.39963,35.58381],[139.3993,35.58352],[139.39939,35.58285],[139.39977,35.58183],[139.40055,35.58164],[139.40064,35.5812],[139.40036,35.58079],[139.40043,35.58056],[139.40087,35.58049],[139.40112,35.57978],[139.40114,35.57811],[139.40124,35.57753],[139.40176,35.57674],[139.40211,35.57645],[139.40239,35.57674],[139.40266,35.57602],[139.40325,35.57557],[139.40377,35.57547],[139.40446,35.57551],[139.4065,35.57582],[139.40735,35.57583],[139.40819,35.57568],[139.40898,35.57533],[139.40938,35.57486],[139.40955,35.5744],[139.40977,35.57318],[139.41071,35.57102],[139.41152,35.56992],[139.41203,35.56894],[139.41241,35.56743],[139.41278,35.5669],[139.41285,35.56622],[139.41343,35.56625],[139.41514,35.56478],[139.41623,35.56381],[139.41605,35.56295],[139.41604,35.56243],[139.41618,35.56197],[139.4168,35.56176],[139.41761,35.56177],[139.418,35.56192],[139.41907,35.56108],[139.41975,35.56069],[139.42185,35.55981],[139.42244,35.55944],[139.42281,35.559],[139.42307,35.55847],[139.42339,35.55667],[139.42391,35.55589],[139.42536,35.55487],[139.42629,35.55403],[139.42688,35.55324],[139.42716,35.5533],[139.42749,35.55239],[139.42785,35.55227],[139.42803,35.55168],[139.42766,35.55178],[139.42737,35.5512],[139.42779,35.55115],[139.42872,35.55038],[139.42993,35.5497],[139.43199,35.54874],[139.43231,35.5479],[139.43255,35.54772],[139.43271,35.54731],[139.43311,35.54729],[139.43313,35.54691],[139.43343,35.54633],[139.43371,35.54642],[139.43499,35.5465],[139.43521,35.54623],[139.43601,35.54683],[139.43761,35.54599],[139.43815,35.54558],[139.43965,35.54367],[139.4401,35.5433],[139.4407,35.54297],[139.44377,35.54191],[139.44396,35.54216],[139.44443,35.54242],[139.4451,35.54207],[139.44517,35.54169],[139.4451,35.54113],[139.44633,35.53956],[139.4474,35.53869],[139.44785,35.53824],[139.44815,35.5378],[139.44831,35.53717],[139.44826,35.536],[139.44865,35.53525],[139.44923,35.53464],[139.44985,35.53475],[139.44964,35.53432],[139.45001,35.53402],[139.4502,35.53415],[139.45068,35.53375],[139.45058,35.53351],[139.45142,35.5329],[139.45224,35.53241],[139.45343,35.53189],[139.45415,35.53144],[139.45432,35.53124],[139.45492,35.53015],[139.45571,35.52939],[139.45654,35.52898],[139.45724,35.52843],[139.45778,35.52858],[139.45792,35.528],[139.45825,35.52805],[139.45827,35.52737],[139.4585,35.52725],[139.45842,35.52673],[139.458,35.52703],[139.45759,35.52706],[139.45729,35.52599],[139.45697,35.52534],[139.45635,35.52457],[139.45539,35.5235],[139.45482,35.52274],[139.4547,35.52223],[139.45489,35.52138],[139.45515,35.52099],[139.45577,35.52047],[139.45613,35.52032],[139.45918,35.51972],[139.46082,35.51938],[139.46196,35.51889],[139.4626,35.51845],[139.46328,35.51784],[139.46371,35.51714],[139.46397,35.51643],[139.46403,35.51547],[139.46397,35.51437],[139.46404,35.51335],[139.46437,35.51209],[139.46485,35.5109],[139.46603,35.50925],[139.4675,35.50776],[139.46799,35.50703],[139.46827,35.50621],[139.46824,35.50491],[139.46795,35.50325],[139.46772,35.50237],[139.4678,35.50227],[139.469,35.50194],[139.46963,35.5019],[139.47058,35.50214],[139.47143,35.50206],[139.47273,35.50147],[139.47381,35.50125],[139.47471,35.5014],[139.47638,35.50135],[139.47711,35.50158],[139.47863,35.50218],[139.47956,35.5025],[139.48035,35.50297],[139.48136,35.50317],[139.48223,35.50347],[139.48472,35.5039],[139.48486,35.50405],[139.48398,35.50436],[139.48263,35.50477],[139.48113,35.50531],[139.48084,35.50581],[139.48076,35.50629],[139.48018,35.50692],[139.47955,35.50779],[139.47785,35.51001],[139.47772,35.51032],[139.47699,35.51121],[139.47706,35.51168],[139.47821,35.51283],[139.47939,35.51369],[139.48035,35.51473],[139.48186,35.51678],[139.48254,35.51765],[139.48307,35.51858],[139.48328,35.51915],[139.48381,35.51939],[139.48454,35.51996],[139.48513,35.51978],[139.48572,35.51973],[139.48634,35.51984],[139.48647,35.5203],[139.48627,35.52076],[139.48584,35.5213],[139.48567,35.52172],[139.48575,35.52235],[139.48619,35.52279],[139.48661,35.52337],[139.48721,35.52379],[139.48747,35.52412],[139.48759,35.52478],[139.48717,35.52562],[139.48675,35.52581],[139.48654,35.52658],[139.48682,35.52684],[139.48696,35.52721],[139.48761,35.5276],[139.4878,35.52788],[139.48718,35.52863],[139.48679,35.52888],[139.48663,35.52963],[139.48626,35.53017],[139.48577,35.53135],[139.48603,35.53232],[139.48656,35.53398],[139.48635,35.53434],[139.48665,35.53473],[139.48682,35.53553],[139.48671,35.53561],[139.48484,35.53596],[139.48453,35.5361],[139.48463,35.53653],[139.48504,35.53699],[139.48494,35.5374],[139.48496,35.53806],[139.48444,35.53877],[139.48398,35.53918],[139.48261,35.53951],[139.48164,35.53995],[139.48117,35.54174],[139.48053,35.54267],[139.48033,35.54315],[139.48041,35.54354],[139.48039,35.54443],[139.48049,35.54499],[139.48088,35.54596],[139.48162,35.54626],[139.48166,35.54663],[139.48203,35.5469],[139.48239,35.54742],[139.48257,35.54868],[139.48203,35.55003],[139.48195,35.55084],[139.48201,35.55161],[139.48194,35.5524],[139.48219,35.55294],[139.48221,35.55334],[139.48204,35.5547],[139.48199,35.55563],[139.48178,35.55608],[139.48088,35.55706],[139.48035,35.55781],[139.47988,35.55872],[139.47973,35.55939],[139.47911,35.55955],[139.47874,35.55977],[139.47779,35.56059],[139.47753,35.56144],[139.47719,35.56158],[139.47685,35.56228],[139.47637,35.5625],[139.47564,35.56169],[139.47533,35.56122],[139.4754,35.56033],[139.47522,35.55975],[139.47474,35.55961],[139.47431,35.55967],[139.4718,35.56041],[139.47041,35.56041],[139.46996,35.56096],[139.46989,35.56146],[139.46948,35.56244],[139.46914,35.56264],[139.46838,35.5629],[139.46829,35.5633],[139.46869,35.56403],[139.46902,35.56488],[139.46965,35.5653],[139.46957,35.56571],[139.46919,35.56638],[139.46919,35.56699],[139.46942,35.56784],[139.46967,35.5695],[139.47031,35.57036],[139.47066,35.57057],[139.47153,35.57086],[139.47192,35.57138],[139.47232,35.57257],[139.47283,35.57318],[139.47325,35.57385],[139.47353,35.57467],[139.47365,35.57551],[139.47323,35.5764],[139.47324,35.57667],[139.47426,35.5782],[139.47459,35.57861],[139.47523,35.57974],[139.47521,35.58029],[139.47568,35.58043],[139.47601,35.58073],[139.47627,35.58177],[139.47649,35.58201],[139.47701,35.58181],[139.4778,35.58223],[139.47804,35.58188],[139.47725,35.58129],[139.47734,35.58096],[139.4777,35.58068],[139.47811,35.58069],[139.48051,35.58168],[139.48091,35.58168],[139.48147,35.58148],[139.48188,35.5815],[139.4822,35.58172],[139.48281,35.58262],[139.4837,35.58323],[139.48498,35.58461],[139.48583,35.58475],[139.48684,35.5847],[139.48817,35.58396],[139.48836,35.58395],[139.4896,35.58439],[139.48985,35.58423],[139.48987,35.58358],[139.48919,35.581],[139.48887,35.58034],[139.4883,35.57842],[139.48748,35.57833],[139.4863,35.57854],[139.48606,35.57836],[139.48568,35.57781],[139.48521,35.57657],[139.48478,35.57565],[139.48463,35.57448],[139.48442,35.57352],[139.48375,35.57196],[139.48334,35.57177],[139.48287,35.57138],[139.48357,35.57087],[139.48392,35.57035],[139.48473,35.57016],[139.48513,35.56994],[139.48546,35.56955],[139.48606,35.5693],[139.48641,35.56895],[139.48633,35.56847],[139.48608,35.56789],[139.48613,35.56743],[139.48678,35.56734],[139.48736,35.56706],[139.48769,35.5658],[139.48807,35.5652],[139.48908,35.5632],[139.48889,35.56227],[139.48925,35.56181],[139.48964,35.56164],[139.49013,35.56164],[139.49103,35.56143],[139.49175,35.5619],[139.49289,35.56253],[139.49319,35.56299],[139.49378,35.5635],[139.49432,35.5641],[139.4944,35.56458],[139.49467,35.56486],[139.49526,35.56489],[139.49627,35.56464],[139.49657,35.56531],[139.49738,35.56639],[139.49737,35.56697],[139.49769,35.56762],[139.49806,35.5679],[139.49891,35.56789],[139.49996,35.56835],[139.50083,35.56853],[139.50046,35.56971],[139.50041,35.5702],[139.5006,35.57044],[139.5013,35.57065],[139.50205,35.5711],[139.50295,35.57119],[139.50434,35.57161],[139.50483,35.57159],[139.50561,35.57123],[139.50584,35.57127],[139.50657,35.57172],[139.50693,35.57297],[139.50735,35.57377],[139.50727,35.57454],[139.50693,35.57471],[139.50702,35.57498],[139.50754,35.57503],[139.50757,35.57524],[139.50714,35.57534],[139.50701,35.57582],[139.50645,35.5755],[139.5057,35.57486],[139.50546,35.57479],[139.50383,35.57655],[139.50351,35.5768],[139.50236,35.57706],[139.50218,35.57746],[139.50229,35.57809],[139.50062,35.57914],[139.49922,35.58097],[139.49806,35.58158],[139.49741,35.58209],[139.49719,35.58154],[139.49633,35.58167],[139.49603,35.58216],[139.49567,35.58229],[139.49538,35.58265],[139.49483,35.58256],[139.49466,35.58289],[139.49393,35.58278],[139.49382,35.58332],[139.4936,35.58359],[139.49372,35.58422],[139.49317,35.58415],[139.49311,35.58436],[139.49344,35.58529],[139.49386,35.58577],[139.49446,35.58631],[139.49399,35.58658],[139.49356,35.58781],[139.49393,35.58861],[139.49375,35.58901],[139.49349,35.58916],[139.49288,35.58914],[139.49252,35.58864],[139.49197,35.58847],[139.49199,35.58897],[139.49155,35.58887],[139.49121,35.58934],[139.49087,35.58905],[139.49039,35.5893],[139.48981,35.58973],[139.48916,35.58991],[139.48893,35.59017],[139.48823,35.58995],[139.48813,35.59019],[139.48859,35.59076],[139.48809,35.59091],[139.48759,35.59083],[139.48741,35.59028],[139.48694,35.59026],[139.48695,35.59078],[139.48712,35.59165],[139.48631,35.59165],[139.48578,35.59191],[139.48542,35.59223],[139.48518,35.59285],[139.48424,35.59287],[139.48462,35.59352],[139.48461,35.59408],[139.48434,35.59413],[139.48379,35.59386],[139.48345,35.59344],[139.48323,35.59404],[139.48328,35.59422],[139.48393,35.59506],[139.48368,35.5953],[139.48283,35.59487],[139.48251,35.59514],[139.48189,35.59537],[139.48126,35.59485],[139.48043,35.59468],[139.48016,35.59487],[139.48031,35.59543],[139.48087,35.59557],[139.48058,35.59599],[139.47929,35.59574],[139.47904,35.59631],[139.47865,35.59769],[139.47839,35.5984],[139.47802,35.59897],[139.47688,35.59954],[139.47658,35.59963],[139.47506,35.59976],[139.47397,35.5997],[139.47282,35.60013],[139.47208,35.6007],[139.47119,35.60106],[139.471,35.60127],[139.47092,35.60179],[139.47032,35.60276],[139.47028,35.60349],[139.46991,35.60385],[139.46844,35.60482],[139.46754,35.60565],[139.46709,35.60627],[139.46658,35.60658],[139.46645,35.60709],[139.46664,35.60772],[139.46667,35.60863],[139.46653,35.60899],[139.46605,35.6095],[139.46559,35.60954],[139.46531,35.60891],[139.46489,35.60878],[139.46454,35.60907],[139.4638,35.60916],[139.46334,35.60888],[139.46319,35.60808],[139.46288,35.60799],[139.46219,35.60807],[139.46157,35.60827],[139.46063,35.60841],[139.45961,35.60773],[139.45927,35.60759],[139.45819,35.60757],[139.45738,35.60721],[139.4563,35.6061],[139.45515,35.60516],[139.45429,35.60487],[139.45352,35.60448],[139.45337,35.60459],[139.45283,35.60611],[139.45253,35.60681],[139.45287,35.60745],[139.45257,35.60796],[139.45193,35.6083],[139.45162,35.60858],[139.45143,35.60896],[139.45133,35.60957],[139.45099,35.60999],[139.45029,35.61044],[139.44966,35.61102],[139.44928,35.61178],[139.44841,35.61125],[139.44766,35.61088],[139.44747,35.61058],[139.44648,35.60971],[139.44609,35.60882],[139.44593,35.60871],[139.44465,35.60906],[139.4444,35.6094],[139.44416,35.60942],[139.44395,35.609],[139.44338,35.60902],[139.44214,35.60945],[139.44087,35.60952],[139.43943,35.60953],[139.43895,35.61006],[139.43856,35.60996],[139.43817,35.60959],[139.43799,35.60901],[139.43767,35.60851],[139.43704,35.60818],[139.43627,35.60674],[139.43609,35.60658],[139.43549,35.6064],[139.43511,35.60616],[139.43448,35.60608],[139.43446,35.60536],[139.43468,35.60518],[139.43428,35.6047],[139.43394,35.60485],[139.43406,35.60535],[139.43387,35.60587],[139.43272,35.606],[139.43222,35.6062],[139.43173,35.60696],[139.43139,35.6072],[139.43008,35.60716],[139.42979,35.60727],[139.42955,35.60773],[139.42858,35.60814],[139.42823,35.60805],[139.4282,35.60705],[139.42827,35.60639],[139.42817,35.60613],[139.42773,35.6059],[139.42653,35.60576],[139.42615,35.60547],[139.42585,35.60587],[139.42484,35.60657],[139.42444,35.607],[139.42368,35.60697],[139.42311,35.60663],[139.42225,35.6077],[139.4223,35.60814],[139.42176,35.60874],[139.42078,35.60915],[139.42054,35.60978],[139.41975,35.60987],[139.41917,35.61008],[139.41832,35.61022],[139.4178,35.61051],[139.41766,35.61101],[139.41737,35.61153],[139.41704,35.61179],[139.41576,35.61216],[139.41548,35.61213],[139.41499,35.61167],[139.41457,35.61161],[139.41388,35.61169],[139.41336,35.61187],[139.41275,35.61228],[139.41232,35.61184],[139.41177,35.6111],[139.41108,35.6106],[139.4108,35.61026],[139.41019,35.61006],[139.40971,35.61045],[139.40931,35.61062],[139.40894,35.61104],[139.40834,35.61096],[139.40807,35.61111],[139.40793,35.61204],[139.40682,35.61141],[139.40611,35.61111],[139.4056,35.61074],[139.40489,35.6104],[139.40402,35.6101],[139.40331,35.60942],[139.40279,35.6092],[139.40189,35.60899],[139.40148,35.60865],[139.40127,35.60872],[139.40121,35.6096],[139.40099,35.61012],[139.40049,35.61047],[139.40004,35.61021],[139.39947,35.61024],[139.39858,35.61044],[139.3975,35.61011],[139.39664,35.60963],[139.39617,35.60907],[139.39574,35.60827],[139.39531,35.60809],[139.39433,35.60803],[139.3939,35.60819],[139.39296,35.60761],[139.39301,35.6074],[139.39233,35.60716],[139.39218,35.60688],[139.39147,35.60679],[139.3906,35.60699],[139.38983,35.60669],[139.38897,35.60597],[139.38923,35.60561],[139.38897,35.60535],[139.38853,35.60568],[139.38764,35.60501],[139.38751,35.60483],[139.38763,35.60413],[139.38807,35.60395],[139.38835,35.60241],[139.388,35.60225],[139.38783,35.60168],[139.38755,35.60121],[139.38721,35.60044],[139.38677,35.59962],[139.3869,35.59891],[139.38688,35.59794],[139.38639,35.59868],[139.38612,35.59888],[139.38529,35.59916],[139.38495,35.59964],[139.38487,35.59999],[139.38428,35.60042],[139.38258,35.60123],[139.3821,35.60179],[139.38168,35.60212],[139.38128,35.60225],[139.38021,35.60236],[139.37981,35.60248],[139.37823,35.60367],[139.37761,35.604],[139.377,35.60418],[139.3759,35.60431],[139.37484,35.60432],[139.37339,35.60422],[139.37252,35.60504],[139.37208,35.60517],[139.3718,35.60494],[139.37115,35.60503],[139.3711,35.60557],[139.37134,35.60583],[139.37076,35.60626],[139.37005,35.60568],[139.3699,35.60606],[139.36927,35.60643],[139.36893,35.60639],[139.36825,35.60723],[139.3679,35.60731],[139.36713,35.60779],[139.36691,35.6078],[139.36631,35.60856],[139.36583,35.60872],[139.36309,35.60643],[139.36236,35.606],[139.36204,35.60564],[139.36158,35.60542],[139.3606,35.60531],[139.35969,35.60552],[139.35959,35.60576],[139.35986,35.60598],[139.35957,35.60647],[139.35892,35.60647],[139.35801,35.60665],[139.35743,35.60698],[139.35672,35.60714],[139.35613,35.60695],[139.35521,35.60729],[139.35399,35.60727],[139.35365,35.60732],[139.35253,35.60774],[139.35235,35.60827],[139.35161,35.60868],[139.35023,35.60864],[139.34951,35.60823],[139.34949,35.60859],[139.34928,35.60906],[139.34753,35.60891],[139.34717,35.60901],[139.34672,35.60945],[139.34641,35.6104],[139.34595,35.61031],[139.34536,35.61064],[139.34524,35.61096],[139.34417,35.61161],[139.34383,35.61188],[139.3431,35.61061],[139.34266,35.6103],[139.3428,35.61095],[139.34334,35.61158],[139.34256,35.61143],[139.34258,35.61163],[139.34338,35.612],[139.34303,35.61275],[139.342,35.61272],[139.34169,35.61284],[139.34231,35.61326],[139.34166,35.6137],[139.34113,35.6134],[139.33991,35.6142],[139.33977,35.61451],[139.34046,35.61483],[139.34008,35.61509],[139.3404,35.61554],[139.34016,35.61577],[139.33997,35.61624],[139.33992,35.61678],[139.33957,35.61682],[139.33952,35.61708],[139.34017,35.61786],[139.33998,35.61822],[139.34048,35.61817],[139.34108,35.61832],[139.34133,35.61908],[139.34155,35.61943],[139.34157,35.61975],[139.3413,35.62007],[139.3407,35.62032],[139.34005,35.62079],[139.33977,35.6213],[139.33944,35.62161],[139.33939,35.62222],[139.33874,35.62256],[139.33848,35.62297],[139.33842,35.62341],[139.33805,35.62337],[139.33768,35.62267],[139.33726,35.62256],[139.33746,35.62202],[139.33799,35.62168],[139.33757,35.62137],[139.33739,35.62104],[139.33762,35.62081],[139.33818,35.62072],[139.33857,35.61958],[139.33853,35.61944],[139.33786,35.61909],[139.33806,35.61889],[139.33845,35.61891],[139.33845,35.61851],[139.33827,35.61766],[139.33875,35.61741],[139.33893,35.61681],[139.33783,35.61642],[139.33787,35.61583],[139.33774,35.61525],[139.33738,35.61421],[139.33704,35.6143],[139.33576,35.61489],[139.33527,35.61484],[139.33448,35.6143],[139.33405,35.61437],[139.33377,35.61459],[139.33359,35.61515],[139.33323,35.6153],[139.33285,35.61515],[139.3313,35.61532],[139.33106,35.61541],[139.33066,35.61614],[139.33013,35.61641],[139.32983,35.61627],[139.32929,35.61568],[139.32844,35.615],[139.32791,35.61512],[139.32772,35.6154],[139.32713,35.61573],[139.32639,35.61576],[139.32608,35.61537],[139.32613,35.61517],[139.32556,35.61498],[139.3247,35.61517],[139.32418,35.61517],[139.32394,35.61537],[139.32365,35.615],[139.32279,35.61482],[139.32225,35.61517],[139.3215,35.61554],[139.32077,35.6155],[139.3201,35.61522],[139.31911,35.61517],[139.31806,35.61536],[139.3175,35.61524],[139.31712,35.61445],[139.31665,35.61397],[139.31647,35.61346],[139.31576,35.61292],[139.3153,35.61291],[139.31478,35.61366],[139.31421,35.61414],[139.31363,35.61446],[139.31248,35.61481],[139.31126,35.61512],[139.31013,35.61578],[139.30907,35.61603],[139.30846,35.61587],[139.30762,35.61624],[139.30623,35.61588],[139.3056,35.61591],[139.30349,35.61518],[139.30102,35.61561],[139.30001,35.61599],[139.29804,35.61611],[139.29679,35.6155],[139.29625,35.61548],[139.29554,35.61578],[139.29502,35.61547],[139.29451,35.61533],[139.29354,35.61547],[139.29359,35.61571],[139.29441,35.61638],[139.29476,35.61692],[139.29454,35.61742],[139.29374,35.61833],[139.29364,35.61857],[139.29366,35.61937],[139.29337,35.61988],[139.29353,35.62053],[139.29314,35.6209],[139.29205,35.62103],[139.29133,35.62061],[139.2906,35.6208],[139.29002,35.62059],[139.28976,35.62037],[139.28923,35.62023],[139.28899,35.62073],[139.28862,35.62106],[139.28839,35.62158],[139.28742,35.62184],[139.28703,35.62203],[139.28653,35.62142],[139.28592,35.6209],[139.28568,35.6208],[139.28455,35.62109],[139.2842,35.62088],[139.28387,35.62039],[139.28345,35.62034],[139.28312,35.62078],[139.28278,35.62079],[139.28185,35.61979],[139.28159,35.6198],[139.281,35.62024],[139.28047,35.62],[139.27992,35.62007],[139.27963,35.61965],[139.27931,35.61949],[139.27937,35.61897],[139.27908,35.61879],[139.27847,35.6192],[139.27791,35.61946],[139.27765,35.61939],[139.27695,35.61859],[139.27673,35.61765],[139.27667,35.61701],[139.27637,35.61639],[139.2758,35.61584],[139.27559,35.61548],[139.27441,35.61485],[139.27443,35.61426],[139.27388,35.61388],[139.27336,35.6138],[139.2725,35.61387],[139.272,35.614],[139.27153,35.61398],[139.27086,35.61342],[139.26996,35.61286],[139.26916,35.61262],[139.2688,35.61212],[139.26912,35.61153],[139.26896,35.61096],[139.26913,35.61054],[139.26902,35.6099],[139.2688,35.60935]]]},"properties":{"code":"13209","name":"町田市"}},{"type":"Feature","geometry":{"type":"Polygon","coordinates":[[[139.52645,35.71728],[139.52378,35.7175],[139.52301,35.71761],[139.52293,35.71781],[139.52315,35.71907],[139.52217,35.71887],[139.52138,35.71862],[139.52032,35.71837],[139.51887,35.7181],[139.51716,35.71771],[139.51476,35.71721],[139.51094,35.71664],[139.50859,35.71636],[139.50849,35.71573],[139.50826,35.71248],[139.50782,35.71222],[139.50555,35.71219],[139.50395,35.71221],[139.50229,35.71219],[139.50058,35.71233],[139.49729,35.71299],[139.4964,35.71305],[139.4959,35.71316],[139.49573,35.71225],[139.49571,35.71171],[139.49557,35.71109],[139.4954,35.70964],[139.49531,35.70962],[139.49293,35.71016],[139.49255,35.7102],[139.49234,35.70996],[139.49162,35.70807],[139.49057,35.70812],[139.4862,35.70866],[139.48572,35.70838],[139.48699,35.70716],[139.48743,35.70646],[139.48659,35.70428],[139.48631,35.704],[139.48552,35.70433],[139.48524,35.7037],[139.48446,35.70226],[139.48562,35.70188],[139.48778,35.7014],[139.48881,35.7011],[139.48883,35.70064],[139.4907,35.70065],[139.49144,35.70025],[139.49139,35.69879],[139.49115,35.69808],[139.49111,35.69758],[139.49092,35.69709],[139.48959,35.69545],[139.48975,35.69516],[139.48841,35.69292],[139.48781,35.69198],[139.48802,35.69199],[139.4884,35.69247],[139.48867,35.69254],[139.48963,35.69249],[139.48943,35.69187],[139.48904,35.69096],[139.49026,35.69056],[139.49028,35.69003],[139.49122,35.69025],[139.49158,35.68991],[139.49236,35.68968],[139.49238,35.68953],[139.49579,35.68864],[139.49572,35.68821],[139.49625,35.6881],[139.49651,35.68852],[139.497,35.68842],[139.49693,35.688],[139.49646,35.68797],[139.49625,35.68726],[139.4955,35.68725],[139.49544,35.6869],[139.49633,35.68695],[139.49632,35.68674],[139.49735,35.68676],[139.497,35.68631],[139.49764,35.68603],[139.49781,35.68566],[139.49871,35.68563],[139.4991,35.68638],[139.49989,35.68718],[139.50084,35.68688],[139.50147,35.68738],[139.50295,35.68727],[139.50257,35.6865],[139.50164,35.68523],[139.50143,35.68523],[139.50113,35.68458],[139.50032,35.68464],[139.50024,35.68434],[139.50186,35.68402],[139.50217,35.6841],[139.50303,35.68468],[139.50414,35.6859],[139.50519,35.68698],[139.50556,35.68698],[139.50554,35.68667],[139.50589,35.68656],[139.50659,35.68672],[139.50673,35.68649],[139.50955,35.68621],[139.5106,35.68615],[139.51359,35.68586],[139.51457,35.68609],[139.51475,35.68703],[139.51491,35.68836],[139.51452,35.68842],[139.51476,35.68915],[139.51527,35.69],[139.51557,35.69014],[139.51603,35.69003],[139.51621,35.69071],[139.51663,35.69061],[139.51672,35.69084],[139.51773,35.69093],[139.51808,35.69138],[139.51827,35.69125],[139.51969,35.6898],[139.51996,35.68941],[139.52052,35.68914],[139.5215,35.68836],[139.52227,35.68736],[139.52304,35.68752],[139.52329,35.68769],[139.52346,35.6881],[139.52402,35.68793],[139.52451,35.68794],[139.52452,35.68757],[139.52478,35.68726],[139.52523,35.68721],[139.52559,35.68658],[139.52516,35.68602],[139.52563,35.68554],[139.52583,35.68492],[139.52605,35.68466],[139.52692,35.68422],[139.52645,35.68533],[139.52638,35.68642],[139.52626,35.68694],[139.52548,35.68775],[139.52447,35.68841],[139.52488,35.68921],[139.52457,35.68937],[139.52488,35.6901],[139.52599,35.68971],[139.52683,35.68949],[139.5269,35.68985],[139.52744,35.68986],[139.52797,35.69025],[139.52837,35.69026],[139.52854,35.69067],[139.53068,35.68953],[139.53164,35.68911],[139.53216,35.68878],[139.53215,35.68934],[139.53182,35.69109],[139.53144,35.69367],[139.53137,35.69461],[139.5342,35.69488],[139.53407,35.69687],[139.53401,35.69841],[139.53393,35.69897],[139.53385,35.69971],[139.53356,35.70108],[139.5326,35.70107],[139.53254,35.70214],[139.53227,35.70219],[139.53219,35.70292],[139.53227,35.70465],[139.53231,35.70695],[139.53254,35.70911],[139.53147,35.70916],[139.53111,35.70932],[139.53043,35.70938],[139.52764,35.70977],[139.52716,35.70991],[139.52719,35.71081],[139.52739,35.71282],[139.52525,35.71294],[139.52522,35.71306],[139.52582,35.71518],[139.52645,35.71728]],[[139.49679,35.68778],[139.49725,35.6878],[139.49762,35.68759],[139.49762,35.68732],[139.49679,35.68726],[139.49679,35.68778]]]},"properties":{"code":"13210","name":"小金井市"}},{"type":"Feature","geometry":{"type":"Polygon","coordinates":[[[139.44612,35.72288],[139.44763,35.72266],[139.45113,35.72197],[139.4526,35.72173],[139.45424,35.7214],[139.45754,35.72085],[139.45789,35.72081],[139.4583,35.71968],[139.45846,35.71808],[139.45867,35.71789],[139.45997,35.71776],[139.46056,35.71757],[139.46204,35.71735],[139.46386,35.71699],[139.46491,35.71685],[139.46687,35.71645],[139.46937,35.716],[139.47202,35.71538],[139.47205,35.71465],[139.47195,35.71328],[139.47189,35.71144],[139.47194,35.71103],[139.47375,35.71026],[139.47642,35.70903],[139.47659,35.70893],[139.47849,35.7087],[139.47944,35.71221],[139.4797,35.71262],[139.48024,35.71436],[139.48094,35.71358],[139.48209,35.7124],[139.48433,35.70993],[139.48514,35.70908],[139.48572,35.70838],[139.4862,35.70866],[139.49057,35.70812],[139.49162,35.70807],[139.49234,35.70996],[139.49255,35.7102],[139.49293,35.71016],[139.49531,35.70962],[139.4954,35.70964],[139.49557,35.71109],[139.49571,35.71171],[139.49573,35.71225],[139.4959,35.71316],[139.4964,35.71305],[139.49729,35.71299],[139.50058,35.71233],[139.50229,35.71219],[139.50395,35.71221],[139.50555,35.71219],[139.50782,35.71222],[139.50826,35.71248],[139.50849,35.71573],[139.50859,35.71636],[139.51094,35.71664],[139.51476,35.71721],[139.51716,35.71771],[139.51887,35.7181],[139.52032,35.71837],[139.52138,35.71862],[139.52217,35.71887],[139.52315,35.71907],[139.52467,35.71941],[139.5242,35.72024],[139.52354,35.72158],[139.52309,35.7228],[139.52333,35.72325],[139.51976,35.72606],[139.51929,35.72629],[139.51852,35.72682],[139.51817,35.72717],[139.51768,35.72745],[139.51736,35.72867],[139.51694,35.72966],[139.51671,35.73059],[139.51801,35.73164],[139.51927,35.73274],[139.52017,35.73344],[139.52056,35.73546],[139.52096,35.73778],[139.52111,35.73895],[139.51787,35.73903],[139.51669,35.7391],[139.51511,35.73912],[139.51528,35.74108],[139.51523,35.74128],[139.51434,35.74142],[139.51424,35.73998],[139.51424,35.73876],[139.51301,35.73878],[139.51316,35.73963],[139.51336,35.74143],[139.51285,35.74143],[139.51286,35.74096],[139.51272,35.74015],[139.51264,35.73798],[139.5109,35.73817],[139.51007,35.73821],[139.50817,35.73839],[139.50823,35.7392],[139.50803,35.73971],[139.50777,35.74001],[139.50857,35.74127],[139.50673,35.74202],[139.50567,35.7403],[139.50675,35.74],[139.50669,35.73884],[139.50657,35.73772],[139.50647,35.73622],[139.50595,35.73627],[139.50561,35.73206],[139.50444,35.7322],[139.50466,35.73479],[139.50478,35.73665],[139.50396,35.73675],[139.50421,35.73877],[139.50435,35.74023],[139.50472,35.74103],[139.50328,35.74141],[139.5038,35.74285],[139.50097,35.74415],[139.49811,35.74586],[139.49817,35.74434],[139.49679,35.74374],[139.49637,35.74367],[139.49316,35.74226],[139.49133,35.74151],[139.49098,35.74147],[139.49065,35.74183],[139.48986,35.74448],[139.48943,35.7449],[139.4879,35.74414],[139.48758,35.74504],[139.48667,35.74463],[139.48573,35.74387],[139.48579,35.7434],[139.48532,35.7433],[139.48561,35.74237],[139.48472,35.7422],[139.48513,35.74096],[139.48525,35.74089],[139.48714,35.74099],[139.48728,35.74079],[139.48679,35.73974],[139.48661,35.73864],[139.48649,35.73735],[139.48629,35.73594],[139.48622,35.73451],[139.4832,35.73454],[139.48327,35.73504],[139.48081,35.73518],[139.47883,35.73522],[139.47878,35.73721],[139.47819,35.73721],[139.47713,35.73751],[139.47745,35.73862],[139.47745,35.73944],[139.47726,35.7399],[139.47502,35.74067],[139.47419,35.7411],[139.47292,35.74195],[139.47198,35.74241],[139.47101,35.74276],[139.46884,35.74332],[139.46664,35.74405],[139.46639,35.74408],[139.4652,35.74367],[139.46334,35.74283],[139.46186,35.74188],[139.46063,35.74134],[139.45941,35.74075],[139.45833,35.74029],[139.45615,35.73927],[139.45384,35.7383],[139.45099,35.73699],[139.44994,35.73654],[139.44925,35.73617],[139.44768,35.73544],[139.4471,35.73522],[139.44612,35.73497],[139.44553,35.73503],[139.44419,35.73556],[139.44304,35.73605],[139.44247,35.73635],[139.43824,35.73437],[139.43592,35.73324],[139.43533,35.73315],[139.43457,35.73284],[139.43276,35.73193],[139.42939,35.73035],[139.42868,35.73006],[139.4278,35.73002],[139.42644,35.73017],[139.42548,35.73029],[139.42301,35.73073],[139.42291,35.73019],[139.42445,35.72968],[139.42901,35.72841],[139.43358,35.72708],[139.43385,35.72695],[139.43563,35.72476],[139.43714,35.72455],[139.43865,35.72429],[139.43994,35.72401],[139.44246,35.72361],[139.44421,35.7233],[139.44612,35.72288]]]},"properties":{"code":"13211","name":"小平市"}},{"type":"Feature","geometry":{"type":"Polygon","coordinates":[[[139.415,35.64703],[139.41523,35.64735],[139.41564,35.64758],[139.41645,35.6485],[139.41681,35.64905],[139.41784,35.64865],[139.41891,35.64812],[139.42048,35.647],[139.42102,35.64696],[139.42123,35.64641],[139.42142,35.64626],[139.42373,35.64547],[139.42443,35.64541],[139.42561,35.64482],[139.426,35.64434],[139.42676,35.64383],[139.42715,35.64372],[139.4274,35.64397],[139.42737,35.64486],[139.42771,35.64536],[139.42841,35.64569],[139.42949,35.64569],[139.43053,35.64606],[139.43086,35.64631],[139.43097,35.64668],[139.43036,35.64714],[139.42987,35.64716],[139.4298,35.64739],[139.43075,35.64747],[139.43124,35.64779],[139.43246,35.64794],[139.43309,35.64828],[139.43321,35.64854],[139.43328,35.64942],[139.43373,35.65035],[139.43405,35.65086],[139.43431,35.65088],[139.43511,35.65062],[139.43636,35.65046],[139.4377,35.65004],[139.43801,35.65037],[139.43784,35.65075],[139.43784,35.65113],[139.43813,35.65309],[139.43847,35.65341],[139.43834,35.65458],[139.43879,35.65519],[139.43889,35.65547],[139.43922,35.65573],[139.44012,35.65588],[139.44054,35.6562],[139.43952,35.65685],[139.4392,35.65714],[139.44146,35.65789],[139.44202,35.65796],[139.4416,35.65901],[139.44113,35.65973],[139.4407,35.66019],[139.43876,35.66192],[139.43674,35.66392],[139.43543,35.66534],[139.43392,35.66692],[139.43285,35.66791],[139.43236,35.66855],[139.43153,35.66935],[139.43104,35.6699],[139.4304,35.67032],[139.42983,35.67082],[139.42829,35.67229],[139.42779,35.67272],[139.42655,35.67411],[139.42596,35.67496],[139.42241,35.67914],[139.4215,35.68008],[139.4203,35.68111],[139.419,35.68217],[139.41831,35.68244],[139.41757,35.68262],[139.41757,35.68276],[139.41503,35.68319],[139.41315,35.68345],[139.41248,35.68359],[139.41049,35.68415],[139.40564,35.6856],[139.40281,35.68658],[139.39983,35.68756],[139.39721,35.68852],[139.39514,35.68918],[139.39418,35.68931],[139.39203,35.68971],[139.39135,35.68991],[139.38976,35.6901],[139.38847,35.69034],[139.38769,35.69038],[139.3872,35.69072],[139.38674,35.69089],[139.38509,35.69128],[139.38391,35.69145],[139.38247,35.69154],[139.3806,35.6916],[139.37627,35.69163],[139.37764,35.68991],[139.37829,35.68917],[139.37878,35.68848],[139.37952,35.68815],[139.37973,35.68769],[139.38034,35.68742],[139.38018,35.6869],[139.37964,35.68677],[139.37886,35.68731],[139.37805,35.68768],[139.37768,35.68737],[139.37581,35.68629],[139.3752,35.68578],[139.37518,35.6855],[139.37543,35.68526],[139.37534,35.68427],[139.37573,35.684],[139.37601,35.68359],[139.37594,35.68327],[139.37546,35.68291],[139.37567,35.68226],[139.37512,35.68219],[139.37514,35.68158],[139.37588,35.68103],[139.37581,35.68022],[139.37599,35.67954],[139.37635,35.67887],[139.37671,35.67838],[139.37661,35.67794],[139.37632,35.67742],[139.37629,35.67694],[139.3765,35.67645],[139.37499,35.67495],[139.37359,35.6737],[139.37316,35.67345],[139.37242,35.67239],[139.37099,35.6699],[139.37047,35.66856],[139.37165,35.6669],[139.37242,35.66575],[139.3718,35.66555],[139.37089,35.66546],[139.37003,35.66508],[139.37031,35.66453],[139.36722,35.663],[139.36512,35.66203],[139.36313,35.66107],[139.36217,35.66055],[139.36085,35.66002],[139.36046,35.65993],[139.35983,35.66005],[139.3595,35.6597],[139.35889,35.65936],[139.35802,35.65994],[139.35735,35.66],[139.35774,35.65951],[139.35833,35.659],[139.35918,35.65812],[139.35942,35.65748],[139.3594,35.65682],[139.35895,35.65635],[139.35844,35.65623],[139.35831,35.65576],[139.3578,35.65602],[139.35735,35.65581],[139.35741,35.65538],[139.35813,35.65465],[139.35815,35.65411],[139.35923,35.65282],[139.35993,35.65224],[139.36065,35.6515],[139.36083,35.65144],[139.36129,35.65054],[139.36257,35.64948],[139.36355,35.64853],[139.36384,35.64811],[139.36424,35.64776],[139.36544,35.64641],[139.36681,35.64537],[139.3688,35.64432],[139.36961,35.64401],[139.3705,35.64376],[139.37102,35.64375],[139.37301,35.64381],[139.37397,35.6441],[139.3758,35.64511],[139.37655,35.6454],[139.37756,35.64461],[139.37856,35.6441],[139.37888,35.64363],[139.37873,35.64271],[139.37883,35.64227],[139.3787,35.64196],[139.37837,35.64189],[139.37803,35.6423],[139.37769,35.64194],[139.3781,35.64143],[139.37801,35.64108],[139.37718,35.64101],[139.37737,35.64032],[139.37765,35.6398],[139.37808,35.63932],[139.37836,35.63935],[139.3791,35.63975],[139.37953,35.63967],[139.37985,35.6398],[139.37998,35.64028],[139.3808,35.64058],[139.3816,35.64116],[139.38202,35.64132],[139.3827,35.64102],[139.38312,35.64105],[139.38406,35.64135],[139.38523,35.64132],[139.38589,35.64101],[139.38737,35.64072],[139.38788,35.64084],[139.38878,35.64073],[139.38985,35.64116],[139.39016,35.64116],[139.39087,35.64092],[139.39131,35.6406],[139.39146,35.64007],[139.39201,35.63959],[139.39266,35.63946],[139.3932,35.63968],[139.39374,35.64027],[139.39409,35.64032],[139.39457,35.64016],[139.39477,35.63977],[139.395,35.63972],[139.39546,35.64029],[139.39586,35.64048],[139.39628,35.64045],[139.3968,35.63989],[139.39823,35.63977],[139.3985,35.63989],[139.39883,35.64062],[139.39936,35.64119],[139.40025,35.64152],[139.40107,35.6422],[139.40203,35.64255],[139.40252,35.64292],[139.40357,35.64342],[139.40451,35.64358],[139.40493,35.64393],[139.40502,35.64421],[139.40596,35.64478],[139.4064,35.64526],[139.40677,35.64535],[139.4076,35.64538],[139.40826,35.64496],[139.40907,35.64468],[139.40945,35.64471],[139.40985,35.645],[139.41061,35.64492],[139.41137,35.64537],[139.41177,35.64603],[139.41284,35.6466],[139.41395,35.64707],[139.415,35.64703]]]},"properties":{"code":"13212","name":"日野市"}},{"type":"Feature","geometry":{"type":"Polygon","coordinates":[[[139.48573,35.74387],[139.48544,35.74372],[139.48461,35.74427],[139.48453,35.74444],[139.48496,35.74507],[139.48559,35.74567],[139.48643,35.7455],[139.48686,35.74646],[139.48703,35.74737],[139.48635,35.74846],[139.48636,35.74883],[139.48678,35.74897],[139.48731,35.74899],[139.48764,35.74973],[139.48884,35.75078],[139.48951,35.75069],[139.48989,35.75128],[139.49017,35.75133],[139.4907,35.75206],[139.49101,35.75206],[139.49193,35.75173],[139.49302,35.75154],[139.4935,35.75201],[139.49356,35.75227],[139.49226,35.75288],[139.49311,35.75333],[139.49388,35.75382],[139.49375,35.75432],[139.49419,35.75503],[139.49395,35.75595],[139.49523,35.75652],[139.49487,35.75709],[139.49511,35.75734],[139.49498,35.75757],[139.49524,35.75779],[139.49476,35.75829],[139.49708,35.7593],[139.49843,35.75949],[139.49987,35.75979],[139.50293,35.76059],[139.50405,35.76086],[139.50479,35.7611],[139.50445,35.76138],[139.50259,35.76169],[139.50055,35.762],[139.49826,35.76227],[139.4972,35.76243],[139.49738,35.76296],[139.49935,35.76427],[139.50109,35.76548],[139.50121,35.76563],[139.50053,35.76803],[139.5006,35.76824],[139.50029,35.76954],[139.4996,35.77086],[139.49944,35.77104],[139.49925,35.77167],[139.4989,35.77218],[139.49841,35.77194],[139.49803,35.77196],[139.49768,35.77215],[139.49746,35.7731],[139.49729,35.77452],[139.49711,35.77504],[139.49668,35.77559],[139.49652,35.77647],[139.49651,35.77692],[139.49675,35.77786],[139.49678,35.7787],[139.49635,35.77922],[139.49612,35.78015],[139.49609,35.78122],[139.49598,35.7816],[139.49349,35.7817],[139.49342,35.78046],[139.49375,35.77958],[139.49147,35.7803],[139.49106,35.78001],[139.4908,35.78024],[139.4909,35.78049],[139.49038,35.7809],[139.49007,35.78083],[139.48974,35.78046],[139.49008,35.77991],[139.4901,35.77942],[139.48958,35.77915],[139.48899,35.77926],[139.48915,35.77968],[139.48951,35.77955],[139.48975,35.77984],[139.48954,35.78006],[139.48906,35.77991],[139.48868,35.77938],[139.48807,35.77951],[139.48657,35.7801],[139.48588,35.78056],[139.48498,35.7808],[139.48397,35.78077],[139.4832,35.78081],[139.48277,35.78069],[139.48261,35.78107],[139.48229,35.781],[139.48223,35.78066],[139.48146,35.78056],[139.48047,35.78012],[139.48034,35.78027],[139.4795,35.77994],[139.47932,35.77929],[139.47861,35.77881],[139.47855,35.7785],[139.47739,35.77797],[139.47679,35.77781],[139.47641,35.77727],[139.47604,35.77705],[139.47547,35.77691],[139.47537,35.7767],[139.47564,35.77617],[139.47631,35.77635],[139.47704,35.77557],[139.47671,35.77533],[139.47588,35.77522],[139.47451,35.77534],[139.47397,35.77561],[139.47421,35.77495],[139.47407,35.77466],[139.47327,35.77444],[139.4728,35.77447],[139.47226,35.77433],[139.47116,35.7734],[139.47086,35.77341],[139.47023,35.7738],[139.46985,35.77421],[139.46812,35.77415],[139.46678,35.77382],[139.4658,35.7737],[139.46493,35.77376],[139.46427,35.77353],[139.4639,35.77308],[139.46319,35.77287],[139.46274,35.77305],[139.4625,35.77346],[139.46207,35.7735],[139.46125,35.77338],[139.46122,35.77318],[139.46079,35.77257],[139.45984,35.77254],[139.45948,35.77245],[139.45892,35.77166],[139.45879,35.771],[139.45883,35.77065],[139.45856,35.76968],[139.45806,35.76931],[139.4573,35.7694],[139.45691,35.76968],[139.45504,35.7696],[139.45442,35.76942],[139.4538,35.76935],[139.4534,35.76863],[139.45291,35.76856],[139.45135,35.76933],[139.45091,35.7693],[139.44998,35.76873],[139.44817,35.76858],[139.44747,35.76842],[139.44621,35.76794],[139.44581,35.76766],[139.44533,35.76698],[139.44497,35.76666],[139.44417,35.76666],[139.44322,35.7669],[139.4429,35.76676],[139.44113,35.76685],[139.44077,35.767],[139.4405,35.76568],[139.44,35.76374],[139.44091,35.7622],[139.44072,35.76161],[139.44046,35.76139],[139.44055,35.76022],[139.44086,35.76016],[139.4412,35.7596],[139.44194,35.75939],[139.44204,35.75926],[139.44182,35.75874],[139.44202,35.7584],[139.44358,35.75679],[139.44415,35.75575],[139.44481,35.75565],[139.44487,35.7555],[139.4458,35.75566],[139.4462,35.75566],[139.4464,35.75488],[139.44663,35.7544],[139.44704,35.75401],[139.44753,35.7526],[139.4469,35.75204],[139.44724,35.75063],[139.44768,35.75018],[139.44749,35.74977],[139.44754,35.74925],[139.44807,35.74913],[139.44866,35.74932],[139.44889,35.74963],[139.44914,35.74956],[139.44893,35.7491],[139.44851,35.74902],[139.44877,35.74783],[139.44922,35.74781],[139.44994,35.74757],[139.45033,35.74644],[139.45118,35.74649],[139.45138,35.74561],[139.45107,35.74555],[139.45081,35.74461],[139.45104,35.74433],[139.45084,35.74331],[139.45069,35.74199],[139.4509,35.74182],[139.45092,35.74128],[139.45157,35.74128],[139.45162,35.7406],[139.45117,35.74061],[139.45152,35.73997],[139.45134,35.73945],[139.45154,35.73908],[139.45102,35.73916],[139.45054,35.73911],[139.45014,35.73889],[139.45014,35.7385],[139.45067,35.73842],[139.45072,35.73805],[139.45016,35.73791],[139.45047,35.73724],[139.45077,35.73736],[139.45099,35.73699],[139.45384,35.7383],[139.45615,35.73927],[139.45833,35.74029],[139.45941,35.74075],[139.46063,35.74134],[139.46186,35.74188],[139.46334,35.74283],[139.4652,35.74367],[139.46639,35.74408],[139.46664,35.74405],[139.46884,35.74332],[139.47101,35.74276],[139.47198,35.74241],[139.47292,35.74195],[139.47419,35.7411],[139.47502,35.74067],[139.47726,35.7399],[139.47745,35.73944],[139.47745,35.73862],[139.47713,35.73751],[139.47819,35.73721],[139.47878,35.73721],[139.47883,35.73522],[139.48081,35.73518],[139.48327,35.73504],[139.4832,35.73454],[139.48622,35.73451],[139.48629,35.73594],[139.48649,35.73735],[139.48661,35.73864],[139.48679,35.73974],[139.48728,35.74079],[139.48714,35.74099],[139.48525,35.74089],[139.48513,35.74096],[139.48472,35.7422],[139.48561,35.74237],[139.48532,35.7433],[139.48579,35.7434],[139.48573,35.74387]]]},"properties":{"code":"13213","name":"東村山市"}},{"type":"Feature","geometry":{"type":"Polygon","coordinates":[[[139.43032,35.70354],[139.43105,35.70266],[139.432,35.70166],[139.43239,35.70157],[139.43352,35.70166],[139.43398,35.70101],[139.4355,35.70134],[139.43564,35.70111],[139.43703,35.70136],[139.43786,35.70136],[139.43877,35.70124],[139.43982,35.70119],[139.44026,35.70134],[139.441,35.70132],[139.44117,35.7012],[139.44142,35.70056],[139.44162,35.70037],[139.44493,35.70025],[139.44588,35.7003],[139.44854,35.70095],[139.4487,35.70091],[139.44969,35.70025],[139.45148,35.69828],[139.45236,35.69752],[139.45309,35.69679],[139.45384,35.69621],[139.4547,35.69544],[139.45561,35.69474],[139.45783,35.69323],[139.45871,35.69271],[139.45941,35.69239],[139.45943,35.69286],[139.45891,35.69319],[139.4588,35.69351],[139.45912,35.69383],[139.45956,35.69391],[139.45966,35.69508],[139.45963,35.69556],[139.45975,35.69682],[139.46005,35.69883],[139.46025,35.69985],[139.46297,35.69987],[139.46327,35.69919],[139.46346,35.69821],[139.46369,35.6976],[139.46403,35.69725],[139.46402,35.69705],[139.46326,35.69696],[139.46377,35.69543],[139.46448,35.69514],[139.46549,35.695],[139.46646,35.6953],[139.46682,35.69534],[139.46779,35.6925],[139.4677,35.69215],[139.46692,35.69222],[139.46647,35.69205],[139.46589,35.69156],[139.46596,35.69094],[139.46628,35.69072],[139.46622,35.69039],[139.46583,35.69025],[139.46406,35.68989],[139.46381,35.68954],[139.46445,35.68943],[139.46558,35.68878],[139.46635,35.68878],[139.46654,35.68844],[139.46704,35.68845],[139.46729,35.68877],[139.46773,35.68878],[139.46784,35.68835],[139.46819,35.68837],[139.46941,35.68872],[139.47081,35.68873],[139.47166,35.68894],[139.47351,35.68912],[139.4749,35.68912],[139.47584,35.68925],[139.47737,35.68934],[139.47752,35.68981],[139.47812,35.68992],[139.47822,35.69037],[139.47957,35.69041],[139.47985,35.69081],[139.48104,35.6907],[139.48132,35.69143],[139.483,35.69127],[139.48353,35.69126],[139.48446,35.69158],[139.48462,35.69211],[139.48646,35.69217],[139.48664,35.69226],[139.4867,35.69318],[139.48731,35.69318],[139.48748,35.69341],[139.48783,35.69468],[139.48808,35.69497],[139.48959,35.69545],[139.49092,35.69709],[139.49111,35.69758],[139.49115,35.69808],[139.49139,35.69879],[139.49144,35.70025],[139.4907,35.70065],[139.48883,35.70064],[139.48881,35.7011],[139.48778,35.7014],[139.48562,35.70188],[139.48446,35.70226],[139.48524,35.7037],[139.48552,35.70433],[139.48631,35.704],[139.48659,35.70428],[139.48743,35.70646],[139.48699,35.70716],[139.48572,35.70838],[139.48514,35.70908],[139.48433,35.70993],[139.48209,35.7124],[139.48094,35.71358],[139.48024,35.71436],[139.4797,35.71262],[139.47944,35.71221],[139.47849,35.7087],[139.47659,35.70893],[139.47642,35.70903],[139.47375,35.71026],[139.47194,35.71103],[139.47189,35.71144],[139.47195,35.71328],[139.47205,35.71465],[139.47202,35.71538],[139.46937,35.716],[139.46687,35.71645],[139.46491,35.71685],[139.46386,35.71699],[139.46204,35.71735],[139.46056,35.71757],[139.45997,35.71776],[139.45867,35.71789],[139.45846,35.71808],[139.4583,35.71968],[139.45789,35.72081],[139.45754,35.72085],[139.45424,35.7214],[139.4526,35.72173],[139.45113,35.72197],[139.44763,35.72266],[139.44612,35.72288],[139.44545,35.71949],[139.44531,35.71817],[139.44497,35.71678],[139.44488,35.71602],[139.44416,35.71286],[139.44403,35.71191],[139.44388,35.71174],[139.44337,35.71291],[139.44186,35.71553],[139.44161,35.71583],[139.43782,35.71501],[139.43655,35.71477],[139.43588,35.71549],[139.43459,35.71711],[139.43334,35.7184],[139.4331,35.7193],[139.43099,35.71897],[139.43127,35.71832],[139.43136,35.71785],[139.42826,35.71736],[139.42877,35.71663],[139.4291,35.71599],[139.42935,35.71595],[139.43099,35.71614],[139.43245,35.71637],[139.43276,35.71586],[139.43049,35.71563],[139.42941,35.71543],[139.42934,35.71528],[139.42991,35.71415],[139.43156,35.71424],[139.4319,35.71361],[139.4306,35.7134],[139.43085,35.71307],[139.43171,35.71165],[139.43288,35.71188],[139.43305,35.71164],[139.43219,35.71143],[139.43176,35.71124],[139.43204,35.71055],[139.43381,35.7072],[139.43546,35.70735],[139.43713,35.70743],[139.43731,35.70698],[139.4345,35.70671],[139.43422,35.70657],[139.43486,35.70546],[139.43542,35.70435],[139.43563,35.70373],[139.43032,35.70354]]]},"properties":{"code":"13214","name":"国分寺市"}},{"type":"Feature","geometry":{"type":"Polygon","coordinates":[[[139.41757,35.68276],[139.41757,35.68262],[139.41831,35.68244],[139.419,35.68217],[139.4203,35.68111],[139.4215,35.68008],[139.42241,35.67914],[139.42596,35.67496],[139.42655,35.67411],[139.42779,35.67272],[139.42829,35.67229],[139.42983,35.67082],[139.43075,35.67179],[139.43144,35.67233],[139.43173,35.67268],[139.43338,35.67217],[139.43479,35.67194],[139.43591,35.67151],[139.43607,35.67152],[139.43701,35.67218],[139.43822,35.67189],[139.43973,35.67127],[139.44009,35.67084],[139.44086,35.67064],[139.44148,35.67072],[139.44195,35.6711],[139.44174,35.67146],[139.44069,35.67137],[139.44066,35.67175],[139.44109,35.67178],[139.44191,35.67209],[139.44285,35.67216],[139.44338,35.67237],[139.44382,35.67213],[139.44474,35.67179],[139.44514,35.67182],[139.4445,35.67243],[139.44566,35.67311],[139.4457,35.6735],[139.44684,35.67311],[139.44755,35.67253],[139.4487,35.6724],[139.44986,35.67197],[139.45081,35.67155],[139.451,35.67173],[139.4523,35.67153],[139.45252,35.67126],[139.45343,35.67148],[139.45343,35.67166],[139.45252,35.67212],[139.45066,35.6732],[139.44971,35.6741],[139.45049,35.67394],[139.45086,35.67353],[139.45115,35.67357],[139.45115,35.67442],[139.45073,35.67665],[139.45093,35.67691],[139.45152,35.67668],[139.45174,35.67696],[139.45138,35.67728],[139.45121,35.67762],[139.45147,35.6784],[139.45229,35.67851],[139.45235,35.67876],[139.45216,35.67918],[139.45162,35.67938],[139.45169,35.68022],[139.45136,35.68066],[139.45158,35.68118],[139.45157,35.68171],[139.45216,35.68227],[139.45223,35.68313],[139.45235,35.68347],[139.45293,35.68356],[139.45304,35.68426],[139.45342,35.68565],[139.45344,35.68666],[139.45358,35.68766],[139.45402,35.6888],[139.45465,35.68911],[139.45488,35.6901],[139.45518,35.69046],[139.45597,35.69045],[139.45604,35.69128],[139.45692,35.69111],[139.45717,35.69116],[139.45742,35.69189],[139.45821,35.6917],[139.45851,35.69221],[139.45872,35.69222],[139.45923,35.6919],[139.4596,35.69185],[139.45941,35.69239],[139.45871,35.69271],[139.45783,35.69323],[139.45561,35.69474],[139.4547,35.69544],[139.45384,35.69621],[139.45309,35.69679],[139.45236,35.69752],[139.45148,35.69828],[139.44969,35.70025],[139.4487,35.70091],[139.44854,35.70095],[139.44588,35.7003],[139.44493,35.70025],[139.44162,35.70037],[139.44142,35.70056],[139.44117,35.7012],[139.441,35.70132],[139.44026,35.70134],[139.43982,35.70119],[139.43877,35.70124],[139.43786,35.70136],[139.43703,35.70136],[139.43564,35.70111],[139.4355,35.70134],[139.43398,35.70101],[139.43352,35.70166],[139.43239,35.70157],[139.432,35.70166],[139.43105,35.70266],[139.43032,35.70354],[139.42961,35.7044],[139.42878,35.70412],[139.42795,35.70376],[139.42727,35.70363],[139.42719,35.70306],[139.4262,35.70237],[139.42559,35.70188],[139.42627,35.70027],[139.42654,35.69982],[139.42696,35.69998],[139.42878,35.70112],[139.42906,35.70047],[139.4272,35.69944],[139.4275,35.69903],[139.42739,35.69865],[139.42752,35.69836],[139.42815,35.69821],[139.42886,35.69791],[139.43165,35.69694],[139.43023,35.69455],[139.4299,35.69393],[139.43043,35.69359],[139.43105,35.69357],[139.43113,35.69246],[139.43122,35.69028],[139.42841,35.69112],[139.42705,35.68883],[139.42632,35.68857],[139.42661,35.688],[139.42596,35.68776],[139.42555,35.68796],[139.42521,35.68778],[139.42505,35.68745],[139.42553,35.68719],[139.42539,35.68678],[139.4249,35.68687],[139.4247,35.68671],[139.42323,35.68767],[139.4225,35.6877],[139.42221,35.68782],[139.42191,35.6886],[139.4215,35.68858],[139.42074,35.68731],[139.42028,35.68636],[139.41952,35.68527],[139.41931,35.68486],[139.41826,35.684],[139.41765,35.68314],[139.41757,35.68276]]]},"properties":{"code":"13215","name":"国立市"}},{"type":"Feature","geometry":{"type":"Polygon","coordinates":[[[139.33249,35.71261],[139.33349,35.71342],[139.33553,35.71435],[139.33791,35.7154],[139.33886,35.71586],[139.33929,35.71688],[139.33904,35.71723],[139.33945,35.71739],[139.3386,35.71895],[139.33881,35.71901],[139.33885,35.71944],[139.3392,35.71947],[139.3393,35.71978],[139.33974,35.7198],[139.33977,35.72012],[139.34015,35.72027],[139.34052,35.72065],[139.34162,35.72131],[139.34202,35.72137],[139.34219,35.72118],[139.34307,35.72156],[139.34325,35.72155],[139.34366,35.72108],[139.3443,35.72126],[139.3448,35.72109],[139.34582,35.72092],[139.34628,35.72095],[139.34667,35.72138],[139.34664,35.72166],[139.34903,35.72155],[139.34953,35.72176],[139.35007,35.72226],[139.35066,35.72206],[139.35119,35.72234],[139.35158,35.72214],[139.35176,35.72265],[139.35256,35.7229],[139.35298,35.72353],[139.3527,35.72376],[139.35294,35.72484],[139.35505,35.72508],[139.35533,35.72539],[139.3553,35.7263],[139.35453,35.72733],[139.35414,35.72796],[139.35335,35.72796],[139.35273,35.73191],[139.35233,35.73259],[139.35249,35.73286],[139.35344,35.73294],[139.35346,35.73306],[139.35292,35.73606],[139.35555,35.73667],[139.35633,35.7368],[139.35901,35.73733],[139.35877,35.73864],[139.35912,35.73921],[139.35988,35.73958],[139.35917,35.74007],[139.3584,35.74034],[139.35855,35.74077],[139.35883,35.74094],[139.35847,35.74126],[139.35714,35.7418],[139.35491,35.74277],[139.35605,35.74509],[139.35467,35.7456],[139.35096,35.74701],[139.3499,35.74773],[139.35043,35.74514],[139.35057,35.74496],[139.35333,35.74253],[139.35238,35.7415],[139.35207,35.74124],[139.34705,35.74572],[139.34627,35.74636],[139.34552,35.74707],[139.34318,35.74625],[139.34233,35.74615],[139.34232,35.74647],[139.34264,35.74984],[139.34183,35.74986],[139.34104,35.74979],[139.33993,35.75008],[139.3392,35.75004],[139.33874,35.75011],[139.33843,35.75055],[139.3381,35.75076],[139.33776,35.75195],[139.33727,35.7519],[139.33724,35.75148],[139.33654,35.75193],[139.33639,35.75165],[139.33598,35.75148],[139.33578,35.75115],[139.33527,35.75117],[139.33368,35.75107],[139.33353,35.75194],[139.33193,35.7517],[139.33156,35.75311],[139.32938,35.75238],[139.32892,35.75361],[139.32734,35.75295],[139.32698,35.7537],[139.32645,35.75443],[139.32553,35.75395],[139.32493,35.75485],[139.32206,35.7536],[139.32284,35.75256],[139.32191,35.75214],[139.32117,35.7517],[139.32178,35.75083],[139.32159,35.75038],[139.32094,35.75005],[139.3207,35.75022],[139.31941,35.75077],[139.3188,35.7507],[139.31826,35.7499],[139.31749,35.74907],[139.31655,35.74869],[139.31387,35.74712],[139.31671,35.74332],[139.31715,35.7423],[139.31799,35.73969],[139.31836,35.73867],[139.31877,35.73728],[139.32011,35.7333],[139.32067,35.73309],[139.3214,35.73306],[139.32199,35.73273],[139.32428,35.73098],[139.32846,35.72787],[139.32871,35.72742],[139.32854,35.72425],[139.32845,35.7237],[139.32883,35.72224],[139.32957,35.72038],[139.3296,35.7197],[139.32991,35.7183],[139.33048,35.71634],[139.33123,35.71346],[139.33226,35.71401],[139.33249,35.71261]]]},"properties":{"code":"13218","name":"福生市"}},{"type":"Feature","geometry":{"type":"Polygon","coordinates":[[[139.58764,35.64617],[139.5873,35.64649],[139.58681,35.64637],[139.5862,35.64601],[139.58558,35.64551],[139.58494,35.64633],[139.58431,35.64684],[139.58402,35.64816],[139.58433,35.64839],[139.58408,35.64875],[139.58384,35.6485],[139.5823,35.64846],[139.58223,35.64831],[139.58239,35.64759],[139.5816,35.64719],[139.58063,35.64731],[139.58018,35.64751],[139.58018,35.64775],[139.57946,35.64788],[139.5791,35.64818],[139.57934,35.64863],[139.5803,35.64887],[139.58086,35.64916],[139.58061,35.64955],[139.57922,35.64869],[139.57856,35.64885],[139.57847,35.64903],[139.5778,35.64903],[139.5772,35.64933],[139.57652,35.65034],[139.57511,35.65055],[139.57432,35.65074],[139.57357,35.65045],[139.57298,35.65038],[139.57234,35.65001],[139.57193,35.64944],[139.57156,35.64931],[139.5705,35.64936],[139.56992,35.64926],[139.56947,35.64903],[139.56942,35.64879],[139.56969,35.6483],[139.56967,35.64793],[139.56878,35.64748],[139.56765,35.6475],[139.56674,35.64759],[139.56575,35.64717],[139.56589,35.64636],[139.5655,35.64562],[139.56504,35.64502],[139.56451,35.64379],[139.56387,35.64262],[139.56375,35.64217],[139.56337,35.64137],[139.56315,35.63986],[139.56307,35.63887],[139.56323,35.63818],[139.56321,35.63739],[139.56293,35.63586],[139.56257,35.63568],[139.56197,35.63259],[139.56251,35.63238],[139.56271,35.63211],[139.56266,35.63139],[139.56571,35.62993],[139.56618,35.62945],[139.56581,35.62842],[139.56558,35.62738],[139.56563,35.6272],[139.56692,35.62707],[139.56771,35.62694],[139.56884,35.62628],[139.56953,35.62577],[139.56971,35.62554],[139.57112,35.62441],[139.57246,35.62368],[139.57365,35.62313],[139.57553,35.62235],[139.57655,35.62198],[139.57735,35.62182],[139.57843,35.62178],[139.57925,35.62204],[139.58004,35.62202],[139.58102,35.62169],[139.58159,35.62162],[139.58279,35.6216],[139.58499,35.62102],[139.58639,35.62046],[139.58823,35.61931],[139.58919,35.61885],[139.58989,35.61866],[139.59024,35.61843],[139.58981,35.62006],[139.58943,35.62087],[139.58934,35.62127],[139.58955,35.62149],[139.58974,35.62218],[139.58951,35.62329],[139.58958,35.62381],[139.58994,35.62446],[139.59047,35.62431],[139.5914,35.62373],[139.59202,35.62363],[139.59257,35.62485],[139.5928,35.62515],[139.59355,35.62655],[139.59394,35.6266],[139.59412,35.62683],[139.59391,35.62717],[139.59356,35.62738],[139.59302,35.62743],[139.59269,35.62734],[139.5924,35.62762],[139.59257,35.62824],[139.59235,35.6287],[139.59295,35.62943],[139.59265,35.62964],[139.59234,35.63045],[139.59127,35.63105],[139.59126,35.63126],[139.59156,35.63202],[139.59138,35.63212],[139.59141,35.63306],[139.59101,35.63299],[139.59093,35.63334],[139.59036,35.63395],[139.58976,35.63442],[139.58878,35.63464],[139.58779,35.63497],[139.58759,35.63538],[139.58618,35.6371],[139.5856,35.63816],[139.58503,35.63995],[139.58451,35.64094],[139.58474,35.64136],[139.58465,35.64174],[139.58584,35.64216],[139.58587,35.64265],[139.58659,35.64265],[139.58679,35.64316],[139.58712,35.64342],[139.58706,35.64417],[139.58739,35.64463],[139.58704,35.64516],[139.5873,35.64541],[139.58787,35.6457],[139.58764,35.64617]]]},"properties":{"code":"13219","name":"狛江市"}},{"type":"Feature","geometry":{"type":"Polygon","coordinates":[[[139.42644,35.73017],[139.4278,35.73002],[139.42868,35.73006],[139.42939,35.73035],[139.43276,35.73193],[139.43457,35.73284],[139.43533,35.73315],[139.43592,35.73324],[139.43824,35.73437],[139.44247,35.73635],[139.44304,35.73605],[139.44419,35.73556],[139.44553,35.73503],[139.44612,35.73497],[139.4471,35.73522],[139.44768,35.73544],[139.44925,35.73617],[139.44994,35.73654],[139.45099,35.73699],[139.45077,35.73736],[139.45047,35.73724],[139.45016,35.73791],[139.45072,35.73805],[139.45067,35.73842],[139.45014,35.7385],[139.45014,35.73889],[139.45054,35.73911],[139.45102,35.73916],[139.45154,35.73908],[139.45134,35.73945],[139.45152,35.73997],[139.45117,35.74061],[139.45162,35.7406],[139.45157,35.74128],[139.45092,35.74128],[139.4509,35.74182],[139.45069,35.74199],[139.45084,35.74331],[139.45104,35.74433],[139.45081,35.74461],[139.45107,35.74555],[139.45138,35.74561],[139.45118,35.74649],[139.45033,35.74644],[139.44994,35.74757],[139.44922,35.74781],[139.44877,35.74783],[139.44851,35.74902],[139.44893,35.7491],[139.44914,35.74956],[139.44889,35.74963],[139.44866,35.74932],[139.44807,35.74913],[139.44754,35.74925],[139.44749,35.74977],[139.44768,35.75018],[139.44724,35.75063],[139.4469,35.75204],[139.44753,35.7526],[139.44704,35.75401],[139.44663,35.7544],[139.4464,35.75488],[139.4462,35.75566],[139.4458,35.75566],[139.44487,35.7555],[139.44481,35.75565],[139.44415,35.75575],[139.44358,35.75679],[139.44202,35.7584],[139.44182,35.75874],[139.44204,35.75926],[139.44194,35.75939],[139.4412,35.7596],[139.44086,35.76016],[139.44055,35.76022],[139.44046,35.76139],[139.44072,35.76161],[139.44091,35.7622],[139.44,35.76374],[139.4405,35.76568],[139.44077,35.767],[139.44011,35.76744],[139.44,35.76761],[139.43995,35.76844],[139.43963,35.76916],[139.43896,35.76953],[139.43828,35.76954],[139.43796,35.76908],[139.43848,35.76854],[139.43827,35.76796],[139.43781,35.76767],[139.43715,35.76759],[139.43671,35.7673],[139.4361,35.76715],[139.43546,35.76712],[139.4342,35.76722],[139.43374,35.76739],[139.43322,35.76735],[139.43251,35.7665],[139.43155,35.76634],[139.43004,35.76671],[139.42947,35.76692],[139.42882,35.76696],[139.42818,35.76662],[139.42762,35.76645],[139.4263,35.76672],[139.4259,35.76696],[139.42495,35.76726],[139.42425,35.76712],[139.42335,35.76719],[139.42221,35.7678],[139.42209,35.76778],[139.42108,35.76685],[139.4205,35.76623],[139.42021,35.76605],[139.41956,35.7659],[139.41854,35.76596],[139.41804,35.76615],[139.41711,35.76609],[139.4159,35.76627],[139.4156,35.7668],[139.41526,35.76699],[139.41437,35.76702],[139.41368,35.76717],[139.41339,35.76743],[139.41314,35.76789],[139.41286,35.76809],[139.41198,35.76794],[139.41038,35.76852],[139.40951,35.76869],[139.40887,35.76866],[139.40778,35.76844],[139.40649,35.76861],[139.40571,35.76881],[139.40488,35.76916],[139.40434,35.7691],[139.40353,35.76857],[139.4031,35.76843],[139.40151,35.76855],[139.40068,35.76818],[139.40028,35.76775],[139.39999,35.76677],[139.39898,35.7659],[139.39887,35.76517],[139.39872,35.76474],[139.39845,35.7644],[139.39745,35.76409],[139.39591,35.76424],[139.39502,35.76392],[139.39361,35.76349],[139.39215,35.76329],[139.39168,35.76335],[139.39165,35.76291],[139.3924,35.76261],[139.39271,35.76233],[139.39352,35.76216],[139.39381,35.76223],[139.39472,35.76278],[139.39554,35.76252],[139.39633,35.76279],[139.39739,35.76242],[139.39833,35.76243],[139.399,35.76212],[139.40054,35.76196],[139.40104,35.76159],[139.40176,35.7613],[139.40261,35.76108],[139.40344,35.7613],[139.4044,35.76204],[139.40514,35.76204],[139.40585,35.76141],[139.40657,35.76104],[139.40754,35.76085],[139.40839,35.75996],[139.4084,35.75923],[139.40886,35.75894],[139.40927,35.75823],[139.40942,35.7574],[139.40959,35.75689],[139.40936,35.75633],[139.40894,35.75585],[139.40902,35.75523],[139.40789,35.7539],[139.40749,35.75322],[139.40727,35.75223],[139.4074,35.75007],[139.40735,35.74874],[139.40745,35.74863],[139.40896,35.74846],[139.41002,35.74826],[139.41047,35.74802],[139.41065,35.7475],[139.41057,35.74593],[139.41058,35.74378],[139.41072,35.74185],[139.41098,35.74159],[139.41101,35.74089],[139.41147,35.74045],[139.41156,35.7401],[139.41193,35.73976],[139.41208,35.73909],[139.41243,35.73903],[139.41238,35.73872],[139.41206,35.7387],[139.41187,35.73825],[139.41141,35.73826],[139.41123,35.7379],[139.4112,35.73726],[139.41203,35.73692],[139.41218,35.73709],[139.41274,35.73696],[139.41265,35.7364],[139.41292,35.73631],[139.41357,35.73643],[139.41396,35.73539],[139.41361,35.73526],[139.41442,35.73303],[139.41452,35.73279],[139.4149,35.73272],[139.41622,35.73208],[139.41871,35.73199],[139.41955,35.7319],[139.42176,35.7313],[139.42262,35.73124],[139.4232,35.73107],[139.42347,35.7312],[139.42467,35.73117],[139.4258,35.73104],[139.42643,35.73143],[139.42668,35.73135],[139.42644,35.73017]]]},"properties":{"code":"13220","name":"東大和市"}},{"type":"Feature","geometry":{"type":"Polygon","coordinates":[[[139.50479,35.7611],[139.50659,35.76149],[139.50859,35.76205],[139.51106,35.76306],[139.51433,35.76453],[139.51627,35.76546],[139.51637,35.76557],[139.51639,35.76588],[139.5172,35.76619],[139.51739,35.76681],[139.51815,35.76761],[139.52012,35.76952],[139.52055,35.77003],[139.52125,35.77054],[139.5226,35.77167],[139.52305,35.77194],[139.52403,35.77183],[139.52516,35.77208],[139.52595,35.77214],[139.52635,35.77162],[139.52845,35.77304],[139.52808,35.77344],[139.53075,35.77323],[139.53223,35.77342],[139.53337,35.77378],[139.53432,35.77419],[139.53498,35.77465],[139.53595,35.77518],[139.53648,35.77563],[139.5362,35.77596],[139.53683,35.77611],[139.53754,35.77674],[139.53749,35.77688],[139.53987,35.77778],[139.53977,35.77834],[139.54105,35.77882],[139.54155,35.77917],[139.54264,35.77955],[139.54298,35.77981],[139.54349,35.7811],[139.54374,35.78208],[139.5438,35.78284],[139.54385,35.78698],[139.54379,35.78819],[139.54315,35.7886],[139.54159,35.78929],[139.54127,35.78958],[139.54074,35.78949],[139.54077,35.78986],[139.54026,35.78991],[139.53969,35.79015],[139.53758,35.79076],[139.53733,35.7915],[139.53866,35.79221],[139.53954,35.79323],[139.53983,35.79374],[139.54072,35.79437],[139.54213,35.79523],[139.54409,35.7965],[139.54479,35.79676],[139.54496,35.79715],[139.54486,35.79734],[139.54517,35.79785],[139.54622,35.79923],[139.54643,35.79999],[139.54708,35.80165],[139.5472,35.80266],[139.54699,35.80328],[139.54667,35.80369],[139.54599,35.80408],[139.54562,35.8042],[139.54526,35.80458],[139.54492,35.80538],[139.54429,35.80664],[139.54223,35.80723],[139.5417,35.80731],[139.54079,35.80656],[139.53865,35.8052],[139.53731,35.80419],[139.53686,35.80394],[139.53639,35.80327],[139.53488,35.80163],[139.53409,35.80061],[139.53347,35.79955],[139.5325,35.79831],[139.53177,35.79684],[139.53102,35.79622],[139.5301,35.79522],[139.52989,35.79486],[139.52926,35.79413],[139.52769,35.7929],[139.5271,35.79267],[139.52594,35.79251],[139.52552,35.79188],[139.52471,35.79178],[139.5234,35.79184],[139.52311,35.79171],[139.52302,35.79121],[139.52372,35.79053],[139.52372,35.79033],[139.52337,35.7899],[139.52256,35.78923],[139.52118,35.78846],[139.52028,35.78837],[139.51974,35.7884],[139.51849,35.78859],[139.51684,35.78895],[139.51629,35.78878],[139.51404,35.7885],[139.51379,35.78836],[139.51338,35.78722],[139.51315,35.78601],[139.51256,35.78536],[139.51191,35.78508],[139.50846,35.78466],[139.50833,35.78438],[139.50797,35.78418],[139.50793,35.78378],[139.50743,35.78322],[139.5067,35.78277],[139.5051,35.78284],[139.5045,35.78315],[139.50374,35.78286],[139.50131,35.78242],[139.50039,35.78216],[139.49938,35.78217],[139.49891,35.78179],[139.49855,35.78133],[139.49803,35.78121],[139.4974,35.77954],[139.49704,35.77888],[139.49678,35.7787],[139.49675,35.77786],[139.49651,35.77692],[139.49652,35.77647],[139.49668,35.77559],[139.49711,35.77504],[139.49729,35.77452],[139.49746,35.7731],[139.49768,35.77215],[139.49803,35.77196],[139.49841,35.77194],[139.4989,35.77218],[139.49925,35.77167],[139.49944,35.77104],[139.4996,35.77086],[139.50029,35.76954],[139.5006,35.76824],[139.50053,35.76803],[139.50121,35.76563],[139.50109,35.76548],[139.49935,35.76427],[139.49738,35.76296],[139.4972,35.76243],[139.49826,35.76227],[139.50055,35.762],[139.50259,35.76169],[139.50445,35.76138],[139.50479,35.7611]]]},"properties":{"code":"13221","name":"清瀬市"}},{"type":"Feature","geometry":{"type":"Polygon","coordinates":[[[139.52017,35.73344],[139.5211,35.73412],[139.52465,35.73639],[139.52514,35.73661],[139.52783,35.73839],[139.52971,35.73972],[139.53045,35.73985],[139.53132,35.74027],[139.53117,35.74047],[139.53049,35.74097],[139.53028,35.74121],[139.52956,35.74173],[139.52922,35.74207],[139.52851,35.74257],[139.52717,35.74365],[139.52842,35.74472],[139.53205,35.74444],[139.53307,35.74458],[139.53353,35.7449],[139.53695,35.74809],[139.5372,35.74844],[139.54064,35.75142],[139.54219,35.75272],[139.54289,35.75338],[139.54458,35.75476],[139.54435,35.75548],[139.54477,35.75679],[139.54512,35.75758],[139.54583,35.75807],[139.54638,35.75908],[139.54698,35.7603],[139.54682,35.76071],[139.54669,35.76269],[139.54714,35.76275],[139.5471,35.76361],[139.54699,35.7639],[139.54713,35.7649],[139.5474,35.76525],[139.54764,35.76617],[139.54739,35.76673],[139.54702,35.76801],[139.54695,35.76955],[139.54705,35.77012],[139.54765,35.77108],[139.54774,35.77188],[139.54784,35.77398],[139.54766,35.77423],[139.54657,35.77414],[139.54407,35.77331],[139.54282,35.77255],[139.54167,35.772],[139.54057,35.77163],[139.53807,35.77073],[139.53661,35.77026],[139.53559,35.77],[139.53474,35.76985],[139.53344,35.76952],[139.53279,35.76944],[139.5303,35.76835],[139.52978,35.76835],[139.52862,35.76822],[139.52806,35.76796],[139.52727,35.76781],[139.52705,35.76826],[139.52531,35.76803],[139.52405,35.7679],[139.52138,35.76757],[139.51947,35.76674],[139.5177,35.76586],[139.51652,35.76549],[139.51637,35.76557],[139.51627,35.76546],[139.51433,35.76453],[139.51106,35.76306],[139.50859,35.76205],[139.50659,35.76149],[139.50479,35.7611],[139.50405,35.76086],[139.50293,35.76059],[139.49987,35.75979],[139.49843,35.75949],[139.49708,35.7593],[139.49476,35.75829],[139.49524,35.75779],[139.49498,35.75757],[139.49511,35.75734],[139.49487,35.75709],[139.49523,35.75652],[139.49395,35.75595],[139.49419,35.75503],[139.49375,35.75432],[139.49388,35.75382],[139.49311,35.75333],[139.49226,35.75288],[139.49356,35.75227],[139.4935,35.75201],[139.49302,35.75154],[139.49193,35.75173],[139.49101,35.75206],[139.4907,35.75206],[139.49017,35.75133],[139.48989,35.75128],[139.48951,35.75069],[139.48884,35.75078],[139.48764,35.74973],[139.48731,35.74899],[139.48678,35.74897],[139.48636,35.74883],[139.48635,35.74846],[139.48703,35.74737],[139.48686,35.74646],[139.48643,35.7455],[139.48559,35.74567],[139.48496,35.74507],[139.48453,35.74444],[139.48461,35.74427],[139.48544,35.74372],[139.48573,35.74387],[139.48667,35.74463],[139.48758,35.74504],[139.4879,35.74414],[139.48943,35.7449],[139.48986,35.74448],[139.49065,35.74183],[139.49098,35.74147],[139.49133,35.74151],[139.49316,35.74226],[139.49637,35.74367],[139.49679,35.74374],[139.49817,35.74434],[139.49811,35.74586],[139.50097,35.74415],[139.5038,35.74285],[139.50328,35.74141],[139.50472,35.74103],[139.50435,35.74023],[139.50421,35.73877],[139.50396,35.73675],[139.50478,35.73665],[139.50466,35.73479],[139.50444,35.7322],[139.50561,35.73206],[139.50595,35.73627],[139.50647,35.73622],[139.50657,35.73772],[139.50669,35.73884],[139.50675,35.74],[139.50567,35.7403],[139.50673,35.74202],[139.50857,35.74127],[139.50777,35.74001],[139.50803,35.73971],[139.50823,35.7392],[139.50817,35.73839],[139.51007,35.73821],[139.5109,35.73817],[139.51264,35.73798],[139.51272,35.74015],[139.51286,35.74096],[139.51285,35.74143],[139.51336,35.74143],[139.51316,35.73963],[139.51301,35.73878],[139.51424,35.73876],[139.51424,35.73998],[139.51434,35.74142],[139.51523,35.74128],[139.51528,35.74108],[139.51511,35.73912],[139.51669,35.7391],[139.51787,35.73903],[139.52111,35.73895],[139.52096,35.73778],[139.52056,35.73546],[139.52017,35.73344]]]},"properties":{"code":"13222","name":"東久留米市"}},{"type":"Feature","geometry":{"type":"Polygon","coordinates":[[[139.41442,35.73303],[139.41361,35.73526],[139.41396,35.73539],[139.41357,35.73643],[139.41292,35.73631],[139.41265,35.7364],[139.41274,35.73696],[139.41218,35.73709],[139.41203,35.73692],[139.4112,35.73726],[139.41123,35.7379],[139.41141,35.73826],[139.41187,35.73825],[139.41206,35.7387],[139.41238,35.73872],[139.41243,35.73903],[139.41208,35.73909],[139.41193,35.73976],[139.41156,35.7401],[139.41147,35.74045],[139.41101,35.74089],[139.41098,35.74159],[139.41072,35.74185],[139.41058,35.74378],[139.41057,35.74593],[139.41065,35.7475],[139.41047,35.74802],[139.41002,35.74826],[139.40896,35.74846],[139.40745,35.74863],[139.40735,35.74874],[139.4074,35.75007],[139.40727,35.75223],[139.40749,35.75322],[139.40789,35.7539],[139.40902,35.75523],[139.40894,35.75585],[139.40936,35.75633],[139.40959,35.75689],[139.40942,35.7574],[139.40927,35.75823],[139.40886,35.75894],[139.4084,35.75923],[139.40839,35.75996],[139.40754,35.76085],[139.40657,35.76104],[139.40585,35.76141],[139.40514,35.76204],[139.4044,35.76204],[139.40344,35.7613],[139.40261,35.76108],[139.40176,35.7613],[139.40104,35.76159],[139.40054,35.76196],[139.399,35.76212],[139.39833,35.76243],[139.39739,35.76242],[139.39633,35.76279],[139.39554,35.76252],[139.39472,35.76278],[139.39381,35.76223],[139.39352,35.76216],[139.39271,35.76233],[139.3924,35.76261],[139.39165,35.76291],[139.39168,35.76335],[139.39101,35.7635],[139.3905,35.76378],[139.39046,35.76408],[139.39134,35.76564],[139.39182,35.76683],[139.39175,35.76736],[139.39155,35.76741],[139.39063,35.76733],[139.3896,35.76714],[139.38851,35.76664],[139.38705,35.76605],[139.38686,35.76593],[139.38525,35.76528],[139.38484,35.76522],[139.38341,35.76548],[139.38207,35.76598],[139.3813,35.76584],[139.38068,35.76605],[139.38022,35.76637],[139.37969,35.76721],[139.37952,35.76803],[139.37955,35.76881],[139.37937,35.76958],[139.37894,35.77042],[139.37903,35.7712],[139.37801,35.77088],[139.37766,35.77045],[139.37705,35.77016],[139.37656,35.77012],[139.37603,35.77022],[139.37512,35.7694],[139.375,35.76904],[139.37522,35.76814],[139.3746,35.76716],[139.37433,35.76725],[139.37441,35.76775],[139.37432,35.76902],[139.37469,35.76944],[139.37486,35.76983],[139.37449,35.77009],[139.37416,35.76961],[139.37385,35.76936],[139.37369,35.7689],[139.37344,35.76876],[139.3731,35.76899],[139.3731,35.76963],[139.37344,35.77003],[139.3735,35.77035],[139.37326,35.77083],[139.3732,35.77134],[139.37255,35.77112],[139.37171,35.77143],[139.37091,35.77143],[139.37025,35.77183],[139.36996,35.77221],[139.37006,35.77304],[139.3698,35.77346],[139.36918,35.77368],[139.36884,35.77392],[139.36856,35.77441],[139.36816,35.77411],[139.36782,35.77292],[139.36809,35.77277],[139.36801,35.77227],[139.36821,35.77164],[139.36852,35.77106],[139.36842,35.77038],[139.36802,35.77059],[139.36783,35.77037],[139.36828,35.77006],[139.36768,35.76926],[139.36712,35.76926],[139.36713,35.76871],[139.36737,35.76816],[139.36738,35.7678],[139.36629,35.76769],[139.36559,35.76744],[139.36566,35.76647],[139.3656,35.76621],[139.36487,35.76542],[139.36411,35.76446],[139.36513,35.76375],[139.36483,35.76351],[139.3638,35.76404],[139.36367,35.76367],[139.36299,35.76252],[139.36276,35.7623],[139.36219,35.7622],[139.36234,35.76187],[139.36289,35.76192],[139.36379,35.76094],[139.36352,35.76078],[139.36301,35.76108],[139.36271,35.76075],[139.36126,35.76144],[139.36095,35.7611],[139.36178,35.76085],[139.36171,35.76058],[139.36229,35.76043],[139.36262,35.76023],[139.36212,35.75964],[139.36087,35.76024],[139.36031,35.75955],[139.36019,35.7587],[139.35933,35.75812],[139.35907,35.75827],[139.35882,35.75793],[139.35876,35.75746],[139.35892,35.75698],[139.35829,35.75677],[139.35815,35.75648],[139.35872,35.75617],[139.35863,35.75579],[139.35773,35.7559],[139.35751,35.75553],[139.3568,35.75582],[139.35663,35.75547],[139.35902,35.75449],[139.35849,35.75341],[139.35836,35.75328],[139.35779,35.75353],[139.35752,35.75352],[139.35812,35.75076],[139.35791,35.7505],[139.3579,35.75012],[139.35738,35.75005],[139.35719,35.75037],[139.35655,35.75071],[139.35589,35.74856],[139.35536,35.74822],[139.35529,35.74767],[139.35538,35.74701],[139.35587,35.74731],[139.35634,35.74707],[139.3564,35.74662],[139.35591,35.74615],[139.35467,35.7456],[139.35605,35.74509],[139.35491,35.74277],[139.35714,35.7418],[139.35847,35.74126],[139.35883,35.74094],[139.35855,35.74077],[139.3584,35.74034],[139.35917,35.74007],[139.35988,35.73958],[139.36087,35.73944],[139.36546,35.73906],[139.36762,35.73729],[139.36947,35.73588],[139.37027,35.73736],[139.37084,35.7372],[139.37215,35.73698],[139.37313,35.73688],[139.37405,35.73667],[139.37796,35.73509],[139.37848,35.73352],[139.37906,35.73376],[139.38015,35.73442],[139.38116,35.73486],[139.38161,35.73454],[139.3835,35.73303],[139.38437,35.73362],[139.38443,35.73422],[139.3836,35.73517],[139.38386,35.73552],[139.38434,35.73544],[139.38499,35.73515],[139.38548,35.73474],[139.38624,35.73479],[139.38726,35.73423],[139.38853,35.73367],[139.38903,35.7339],[139.3893,35.7339],[139.39005,35.73338],[139.39115,35.73339],[139.39113,35.73366],[139.38997,35.73471],[139.38841,35.7358],[139.38768,35.73648],[139.38729,35.73705],[139.38509,35.73764],[139.38482,35.73788],[139.38483,35.73816],[139.38507,35.7392],[139.38498,35.73992],[139.38467,35.73999],[139.38463,35.74052],[139.38492,35.74099],[139.3849,35.74152],[139.38404,35.74206],[139.38334,35.74266],[139.38327,35.74462],[139.3833,35.74502],[139.38388,35.74507],[139.38385,35.74476],[139.38351,35.74413],[139.38363,35.74382],[139.38412,35.74341],[139.3856,35.74246],[139.38674,35.74154],[139.38707,35.74121],[139.38715,35.74069],[139.38718,35.73938],[139.38731,35.73909],[139.3877,35.73912],[139.38807,35.73938],[139.3907,35.73729],[139.39231,35.73585],[139.39352,35.73481],[139.39531,35.7335],[139.39568,35.73346],[139.39587,35.73372],[139.39633,35.73382],[139.39654,35.73417],[139.39699,35.73426],[139.39738,35.73452],[139.39787,35.7346],[139.39827,35.73494],[139.39911,35.73501],[139.39995,35.7349],[139.40016,35.7346],[139.40028,35.73376],[139.40077,35.73348],[139.402,35.73339],[139.40237,35.734],[139.40333,35.73396],[139.40548,35.73374],[139.40694,35.73361],[139.40699,35.73381],[139.40819,35.7337],[139.40854,35.73373],[139.40926,35.73409],[139.40938,35.73386],[139.40882,35.73362],[139.40946,35.73259],[139.41056,35.73275],[139.41224,35.73289],[139.41442,35.73303]],[[139.35683,35.74589],[139.35823,35.74537],[139.35776,35.74445],[139.35636,35.74498],[139.35683,35.74589]]]},"properties":{"code":"13223","name":"武蔵村山市"}},{"type":"Feature","geometry":{"type":"Polygon","coordinates":[[[139.3939,35.60819],[139.39433,35.60803],[139.39531,35.60809],[139.39574,35.60827],[139.39617,35.60907],[139.39664,35.60963],[139.3975,35.61011],[139.39858,35.61044],[139.39947,35.61024],[139.40004,35.61021],[139.40049,35.61047],[139.40099,35.61012],[139.40121,35.6096],[139.40127,35.60872],[139.40148,35.60865],[139.40189,35.60899],[139.40279,35.6092],[139.40331,35.60942],[139.40402,35.6101],[139.40489,35.6104],[139.4056,35.61074],[139.40611,35.61111],[139.40682,35.61141],[139.40793,35.61204],[139.40807,35.61111],[139.40834,35.61096],[139.40894,35.61104],[139.40931,35.61062],[139.40971,35.61045],[139.41019,35.61006],[139.4108,35.61026],[139.41108,35.6106],[139.41177,35.6111],[139.41232,35.61184],[139.41275,35.61228],[139.41336,35.61187],[139.41388,35.61169],[139.41457,35.61161],[139.41499,35.61167],[139.41548,35.61213],[139.41576,35.61216],[139.41704,35.61179],[139.41737,35.61153],[139.41766,35.61101],[139.4178,35.61051],[139.41832,35.61022],[139.41917,35.61008],[139.41975,35.60987],[139.42054,35.60978],[139.42078,35.60915],[139.42176,35.60874],[139.4223,35.60814],[139.42225,35.6077],[139.42311,35.60663],[139.42368,35.60697],[139.42444,35.607],[139.42484,35.60657],[139.42585,35.60587],[139.42615,35.60547],[139.42653,35.60576],[139.42773,35.6059],[139.42817,35.60613],[139.42827,35.60639],[139.4282,35.60705],[139.42823,35.60805],[139.42858,35.60814],[139.42955,35.60773],[139.42979,35.60727],[139.43008,35.60716],[139.43139,35.6072],[139.43173,35.60696],[139.43222,35.6062],[139.43272,35.606],[139.43387,35.60587],[139.43406,35.60535],[139.43394,35.60485],[139.43428,35.6047],[139.43468,35.60518],[139.43446,35.60536],[139.43448,35.60608],[139.43511,35.60616],[139.43549,35.6064],[139.43609,35.60658],[139.43627,35.60674],[139.43704,35.60818],[139.43767,35.60851],[139.43799,35.60901],[139.43817,35.60959],[139.43856,35.60996],[139.43895,35.61006],[139.43943,35.60953],[139.44087,35.60952],[139.44214,35.60945],[139.44338,35.60902],[139.44395,35.609],[139.44416,35.60942],[139.4444,35.6094],[139.44465,35.60906],[139.44593,35.60871],[139.44609,35.60882],[139.44648,35.60971],[139.44747,35.61058],[139.44766,35.61088],[139.44841,35.61125],[139.44928,35.61178],[139.45072,35.61318],[139.45083,35.61404],[139.45143,35.61507],[139.45193,35.61534],[139.45241,35.61578],[139.4523,35.61666],[139.45295,35.61811],[139.45302,35.61856],[139.45357,35.61809],[139.45401,35.61826],[139.45492,35.61808],[139.45535,35.6182],[139.45578,35.61877],[139.45614,35.619],[139.45704,35.6191],[139.45778,35.61964],[139.4582,35.62037],[139.45848,35.62062],[139.45916,35.62095],[139.45976,35.62138],[139.46032,35.62193],[139.46074,35.62216],[139.46126,35.62297],[139.46147,35.62378],[139.46216,35.62488],[139.46248,35.62506],[139.46321,35.62492],[139.46416,35.62451],[139.46449,35.62513],[139.4643,35.62564],[139.46428,35.6263],[139.46447,35.6267],[139.46452,35.62716],[139.46482,35.62802],[139.46521,35.62874],[139.46453,35.62962],[139.46542,35.63036],[139.46641,35.63087],[139.46755,35.631],[139.46776,35.63155],[139.46795,35.63166],[139.46858,35.63164],[139.46874,35.63295],[139.46895,35.63293],[139.46958,35.63246],[139.47002,35.63248],[139.47071,35.63287],[139.47091,35.63321],[139.47126,35.63325],[139.47159,35.63352],[139.47156,35.63373],[139.47109,35.63454],[139.47095,35.63505],[139.47082,35.63598],[139.47029,35.63689],[139.47009,35.63782],[139.46955,35.63904],[139.4694,35.63951],[139.46901,35.64016],[139.46891,35.64087],[139.46896,35.64229],[139.46885,35.64462],[139.46961,35.64513],[139.47056,35.6456],[139.47179,35.64634],[139.4726,35.64668],[139.47379,35.6468],[139.47389,35.64701],[139.47391,35.6477],[139.47362,35.64834],[139.47381,35.64933],[139.47255,35.64928],[139.47185,35.6497],[139.47116,35.65002],[139.46915,35.65081],[139.46788,35.65121],[139.46654,35.65154],[139.46443,35.65211],[139.45966,35.65326],[139.45874,35.65343],[139.45527,35.65433],[139.45161,35.65547],[139.44723,35.65655],[139.44471,35.65721],[139.44202,35.65796],[139.44146,35.65789],[139.4392,35.65714],[139.43952,35.65685],[139.44054,35.6562],[139.44012,35.65588],[139.43922,35.65573],[139.43889,35.65547],[139.43879,35.65519],[139.43834,35.65458],[139.43847,35.65341],[139.43813,35.65309],[139.43784,35.65113],[139.43784,35.65075],[139.43801,35.65037],[139.4377,35.65004],[139.43636,35.65046],[139.43511,35.65062],[139.43431,35.65088],[139.43405,35.65086],[139.43373,35.65035],[139.43328,35.64942],[139.43321,35.64854],[139.43309,35.64828],[139.43246,35.64794],[139.43124,35.64779],[139.43075,35.64747],[139.4298,35.64739],[139.42987,35.64716],[139.43036,35.64714],[139.43097,35.64668],[139.43086,35.64631],[139.43053,35.64606],[139.42949,35.64569],[139.42841,35.64569],[139.42771,35.64536],[139.42737,35.64486],[139.4274,35.64397],[139.42715,35.64372],[139.42676,35.64383],[139.426,35.64434],[139.42561,35.64482],[139.42443,35.64541],[139.42373,35.64547],[139.42142,35.64626],[139.42123,35.64641],[139.42102,35.64696],[139.42048,35.647],[139.41891,35.64812],[139.41784,35.64865],[139.41681,35.64905],[139.41645,35.6485],[139.41564,35.64758],[139.41523,35.64735],[139.415,35.64703],[139.41495,35.64675],[139.41523,35.64623],[139.41551,35.64603],[139.41567,35.64553],[139.41556,35.64521],[139.41697,35.64413],[139.41732,35.64377],[139.41772,35.64312],[139.41818,35.64301],[139.41883,35.64301],[139.41959,35.6433],[139.42025,35.64308],[139.42036,35.64273],[139.42012,35.64246],[139.42016,35.64208],[139.42041,35.64192],[139.42107,35.64178],[139.42143,35.64153],[139.42274,35.64114],[139.42317,35.6407],[139.42331,35.64023],[139.42384,35.63957],[139.42494,35.63883],[139.4268,35.63798],[139.42693,35.63766],[139.42678,35.63725],[139.42699,35.63669],[139.4275,35.63646],[139.42776,35.63609],[139.42856,35.6354],[139.42852,35.63519],[139.42892,35.63489],[139.42917,35.63389],[139.42958,35.63397],[139.42984,35.63321],[139.42977,35.63289],[139.43005,35.63245],[139.42979,35.63197],[139.42941,35.63187],[139.4291,35.63207],[139.42864,35.63203],[139.42796,35.63179],[139.42718,35.63198],[139.42684,35.6319],[139.42636,35.63145],[139.42668,35.63091],[139.42522,35.63023],[139.42502,35.62986],[139.42353,35.6299],[139.42272,35.62968],[139.42157,35.62914],[139.422,35.62882],[139.42193,35.6286],[139.42144,35.62866],[139.41984,35.6286],[139.41872,35.62777],[139.41873,35.62732],[139.41897,35.62696],[139.41742,35.627],[139.4165,35.62639],[139.41664,35.62629],[139.41567,35.62562],[139.4151,35.62546],[139.41401,35.62544],[139.41319,35.62562],[139.41277,35.62507],[139.41254,35.6252],[139.41179,35.62435],[139.4108,35.62389],[139.41001,35.62361],[139.40866,35.62282],[139.40787,35.6226],[139.40775,35.62184],[139.40739,35.62134],[139.40616,35.62104],[139.40471,35.62077],[139.40441,35.62059],[139.40411,35.61962],[139.40335,35.61853],[139.40286,35.61773],[139.40187,35.61662],[139.40125,35.61632],[139.40115,35.61602],[139.40128,35.61542],[139.40082,35.61456],[139.4004,35.61409],[139.39956,35.61336],[139.39867,35.61286],[139.39894,35.61242],[139.39855,35.61224],[139.39853,35.61195],[139.39763,35.61143],[139.39614,35.61047],[139.39367,35.60863],[139.3939,35.60819]]]},"properties":{"code":"13224","name":"多摩市"}},{"type":"Feature","geometry":{"type":"MultiPolygon","coordinates":[[[[139.51729,35.62986],[139.51747,35.62953],[139.51809,35.62923],[139.51835,35.62945],[139.51818,35.62975],[139.51729,35.62986]]],[[[139.47381,35.64933],[139.47362,35.64834],[139.47391,35.6477],[139.47389,35.64701],[139.47379,35.6468],[139.4726,35.64668],[139.47179,35.64634],[139.47056,35.6456],[139.46961,35.64513],[139.46885,35.64462],[139.46896,35.64229],[139.46891,35.64087],[139.46901,35.64016],[139.4694,35.63951],[139.46955,35.63904],[139.47009,35.63782],[139.47029,35.63689],[139.47082,35.63598],[139.47095,35.63505],[139.47109,35.63454],[139.47156,35.63373],[139.47159,35.63352],[139.47126,35.63325],[139.47091,35.63321],[139.47071,35.63287],[139.47002,35.63248],[139.46958,35.63246],[139.46895,35.63293],[139.46874,35.63295],[139.46858,35.63164],[139.46795,35.63166],[139.46776,35.63155],[139.46755,35.631],[139.46641,35.63087],[139.46542,35.63036],[139.46453,35.62962],[139.46521,35.62874],[139.46482,35.62802],[139.46452,35.62716],[139.46447,35.6267],[139.46428,35.6263],[139.4643,35.62564],[139.46449,35.62513],[139.46416,35.62451],[139.46534,35.62406],[139.46583,35.62343],[139.46602,35.62282],[139.46586,35.62238],[139.46727,35.62083],[139.46786,35.62052],[139.46859,35.62038],[139.47013,35.62019],[139.47074,35.61996],[139.47242,35.61975],[139.47297,35.61978],[139.47414,35.61967],[139.47507,35.61998],[139.47547,35.6197],[139.47624,35.61889],[139.47633,35.61863],[139.47595,35.61826],[139.47599,35.61762],[139.47671,35.61533],[139.47674,35.61427],[139.47655,35.61376],[139.47604,35.61324],[139.47634,35.61306],[139.47695,35.61302],[139.47731,35.61319],[139.478,35.61374],[139.47848,35.61374],[139.47877,35.61354],[139.47966,35.61326],[139.47993,35.61303],[139.48008,35.6122],[139.48048,35.61171],[139.481,35.61046],[139.48127,35.61006],[139.48237,35.60969],[139.48313,35.60881],[139.48351,35.60862],[139.48486,35.60864],[139.48616,35.60844],[139.48655,35.60843],[139.48767,35.60788],[139.48827,35.60716],[139.48867,35.60618],[139.48866,35.60578],[139.48896,35.60524],[139.48907,35.60467],[139.48959,35.60431],[139.49022,35.60452],[139.49122,35.60523],[139.49194,35.60542],[139.49272,35.60571],[139.49364,35.60582],[139.49404,35.60578],[139.49467,35.60551],[139.49544,35.60552],[139.4968,35.60493],[139.49719,35.60508],[139.49757,35.60487],[139.49808,35.60505],[139.49881,35.60547],[139.49976,35.60547],[139.4999,35.6064],[139.49986,35.6068],[139.50002,35.60728],[139.49982,35.60765],[139.49898,35.60837],[139.49888,35.60883],[139.49827,35.60962],[139.49753,35.61031],[139.49692,35.61124],[139.49666,35.61141],[139.49623,35.61199],[139.49578,35.61236],[139.49528,35.61325],[139.49516,35.6143],[139.49442,35.61546],[139.49442,35.61656],[139.49458,35.61712],[139.49488,35.61739],[139.49601,35.61767],[139.49662,35.61806],[139.49733,35.61829],[139.49775,35.61826],[139.49803,35.61843],[139.49857,35.61921],[139.49873,35.61959],[139.49922,35.62022],[139.50067,35.6213],[139.50113,35.62174],[139.50148,35.62189],[139.50232,35.62193],[139.50307,35.62232],[139.50342,35.62286],[139.50373,35.62294],[139.5053,35.62298],[139.50608,35.62282],[139.50655,35.62324],[139.50758,35.6237],[139.50843,35.6238],[139.50929,35.6241],[139.50961,35.62408],[139.5104,35.62335],[139.51128,35.62381],[139.51174,35.6242],[139.51235,35.62444],[139.51437,35.62466],[139.51574,35.62537],[139.51615,35.6257],[139.51642,35.62642],[139.5168,35.62718],[139.51696,35.62789],[139.51669,35.62878],[139.5166,35.62959],[139.51699,35.63021],[139.51746,35.63066],[139.51821,35.63056],[139.51852,35.63065],[139.5188,35.63124],[139.51906,35.63144],[139.5197,35.63155],[139.52027,35.63125],[139.52059,35.63143],[139.52326,35.63217],[139.52349,35.63239],[139.52358,35.63302],[139.52339,35.63354],[139.52236,35.63422],[139.52211,35.63457],[139.52204,35.6354],[139.52178,35.63615],[139.52176,35.63648],[139.52118,35.63677],[139.52095,35.63743],[139.52103,35.63777],[139.52207,35.63753],[139.52339,35.63882],[139.52393,35.6399],[139.52416,35.64065],[139.52428,35.64153],[139.52465,35.64176],[139.52539,35.64265],[139.52392,35.64343],[139.52281,35.64444],[139.52255,35.64461],[139.52084,35.64619],[139.52011,35.64685],[139.52001,35.64712],[139.51838,35.64835],[139.5174,35.64901],[139.51684,35.6493],[139.5139,35.65061],[139.51209,35.6512],[139.5097,35.65127],[139.50816,35.65114],[139.5068,35.65088],[139.50565,35.65028],[139.5042,35.65007],[139.50356,35.65007],[139.50312,35.64994],[139.50262,35.64939],[139.50215,35.6491],[139.50132,35.64919],[139.50128,35.64976],[139.50147,35.65052],[139.50063,35.651],[139.49946,35.65145],[139.49825,35.65165],[139.49612,35.65188],[139.49359,35.6519],[139.49162,35.65209],[139.49037,35.65203],[139.48983,35.65188],[139.48902,35.6515],[139.48794,35.65173],[139.48735,35.65215],[139.48646,35.65265],[139.48613,35.65268],[139.48423,35.65245],[139.48058,35.65216],[139.47925,35.65198],[139.4784,35.65179],[139.474,35.65075],[139.47383,35.65058],[139.47387,35.64994],[139.47381,35.64933]]]]},"properties":{"code":"13225","name":"稲城市"}},{"type":"Feature","geometry":{"type":"Polygon","coordinates":[[[139.29654,35.75455],[139.29676,35.75443],[139.29732,35.75475],[139.298,35.75495],[139.29857,35.755],[139.2992,35.75484],[139.30168,35.75488],[139.30211,35.75515],[139.30261,35.7552],[139.30306,35.75498],[139.3049,35.75383],[139.3067,35.75262],[139.30721,35.75211],[139.30765,35.7522],[139.30999,35.75139],[139.31105,35.75063],[139.31184,35.74975],[139.31387,35.74712],[139.31655,35.74869],[139.31749,35.74907],[139.31826,35.7499],[139.3188,35.7507],[139.31941,35.75077],[139.3207,35.75022],[139.32094,35.75005],[139.32159,35.75038],[139.32178,35.75083],[139.32117,35.7517],[139.32191,35.75214],[139.32284,35.75256],[139.32206,35.7536],[139.32493,35.75485],[139.32553,35.75395],[139.32645,35.75443],[139.32698,35.7537],[139.32734,35.75295],[139.32892,35.75361],[139.32938,35.75238],[139.33156,35.75311],[139.33193,35.7517],[139.33353,35.75194],[139.33368,35.75107],[139.33527,35.75117],[139.33578,35.75115],[139.33598,35.75148],[139.33639,35.75165],[139.33654,35.75193],[139.33724,35.75148],[139.33727,35.7519],[139.33776,35.75195],[139.3381,35.75076],[139.33843,35.75055],[139.33874,35.75011],[139.3392,35.75004],[139.33993,35.75008],[139.34104,35.74979],[139.34183,35.74986],[139.34264,35.74984],[139.34308,35.75322],[139.34301,35.75384],[139.3422,35.75422],[139.34133,35.75403],[139.34063,35.75413],[139.34036,35.75372],[139.33914,35.75458],[139.33917,35.75546],[139.33839,35.75551],[139.33856,35.75621],[139.33845,35.75687],[139.33801,35.75739],[139.33702,35.75787],[139.33673,35.75814],[139.33633,35.75876],[139.33584,35.75929],[139.33584,35.7601],[139.3357,35.76043],[139.33598,35.76139],[139.33568,35.76211],[139.33571,35.76254],[139.33528,35.76323],[139.33628,35.76364],[139.33605,35.76415],[139.33529,35.76432],[139.33478,35.76493],[139.33541,35.76509],[139.33501,35.76598],[139.33565,35.7662],[139.33633,35.76592],[139.33643,35.76604],[139.334,35.76723],[139.33319,35.7676],[139.33325,35.76816],[139.33367,35.76873],[139.33379,35.76995],[139.3336,35.77055],[139.33364,35.77095],[139.33281,35.77103],[139.3328,35.77141],[139.33229,35.77215],[139.33152,35.77292],[139.33064,35.77251],[139.32879,35.77134],[139.32184,35.77658],[139.32107,35.77722],[139.32069,35.77681],[139.31844,35.77841],[139.31755,35.77794],[139.31278,35.77569],[139.31228,35.77552],[139.31137,35.77676],[139.30919,35.77571],[139.30802,35.77723],[139.3069,35.77667],[139.30606,35.77783],[139.30455,35.77804],[139.30332,35.77813],[139.30249,35.77854],[139.30197,35.77952],[139.30194,35.77989],[139.30078,35.77997],[139.30019,35.78049],[139.2999,35.78116],[139.29841,35.78128],[139.29755,35.78077],[139.29717,35.77969],[139.29645,35.77877],[139.2963,35.77878],[139.2955,35.77766],[139.29449,35.77715],[139.29308,35.77616],[139.29213,35.77534],[139.29226,35.77511],[139.29255,35.77385],[139.29249,35.77336],[139.29279,35.7725],[139.29309,35.77204],[139.29494,35.77024],[139.29521,35.7698],[139.29578,35.76844],[139.29613,35.76745],[139.29664,35.76628],[139.2969,35.76465],[139.29679,35.76373],[139.29655,35.76315],[139.29673,35.76212],[139.29728,35.76118],[139.29744,35.76008],[139.29724,35.75844],[139.29689,35.75632],[139.29647,35.75552],[139.29654,35.75455]]]},"properties":{"code":"13227","name":"羽村市"}},{"type":"Feature","geometry":{"type":"Polygon","coordinates":[[[139.33123,35.71346],[139.33048,35.71634],[139.32991,35.7183],[139.3296,35.7197],[139.32957,35.72038],[139.32883,35.72224],[139.32845,35.7237],[139.32854,35.72425],[139.32871,35.72742],[139.32846,35.72787],[139.32428,35.73098],[139.32199,35.73273],[139.3214,35.73306],[139.32067,35.73309],[139.32011,35.7333],[139.31877,35.73728],[139.31836,35.73867],[139.31799,35.73969],[139.31715,35.7423],[139.31671,35.74332],[139.31387,35.74712],[139.31184,35.74975],[139.31105,35.75063],[139.30999,35.75139],[139.30765,35.7522],[139.30721,35.75211],[139.3067,35.75262],[139.3049,35.75383],[139.30306,35.75498],[139.30261,35.7552],[139.30211,35.75515],[139.30168,35.75488],[139.2992,35.75484],[139.29857,35.755],[139.298,35.75495],[139.29732,35.75475],[139.29676,35.75443],[139.29654,35.75455],[139.29558,35.75525],[139.29504,35.7554],[139.29434,35.75536],[139.29386,35.75567],[139.29356,35.7562],[139.29368,35.75671],[139.29355,35.75707],[139.29233,35.75755],[139.29211,35.75816],[139.29181,35.75839],[139.29138,35.7584],[139.29092,35.7591],[139.29077,35.75958],[139.29025,35.75972],[139.29009,35.76007],[139.28839,35.75962],[139.28814,35.75961],[139.28794,35.7601],[139.28798,35.76032],[139.28773,35.76092],[139.28717,35.76097],[139.2865,35.76078],[139.28564,35.76103],[139.28475,35.76111],[139.28428,35.76134],[139.28334,35.76108],[139.28315,35.76123],[139.2822,35.76143],[139.28167,35.76126],[139.27949,35.76138],[139.27889,35.76134],[139.27787,35.76164],[139.27713,35.76156],[139.27659,35.76167],[139.27611,35.76162],[139.27544,35.76123],[139.27474,35.76098],[139.27421,35.76089],[139.27303,35.76113],[139.27174,35.76086],[139.2712,35.76108],[139.26932,35.76113],[139.26869,35.76087],[139.26831,35.76049],[139.2676,35.76034],[139.26719,35.76004],[139.26657,35.75996],[139.26586,35.7601],[139.26551,35.76044],[139.26479,35.76032],[139.26427,35.76055],[139.26386,35.7601],[139.26351,35.75997],[139.26207,35.75999],[139.26153,35.75983],[139.26083,35.76],[139.26024,35.76003],[139.25965,35.76023],[139.2592,35.76017],[139.25806,35.76025],[139.25705,35.76043],[139.25686,35.76071],[139.25586,35.76023],[139.25571,35.75984],[139.25586,35.75939],[139.25684,35.75877],[139.25725,35.75865],[139.25915,35.75747],[139.26007,35.75685],[139.2606,35.7564],[139.26108,35.75634],[139.26185,35.75559],[139.26212,35.75551],[139.26368,35.75535],[139.26459,35.75546],[139.26519,35.75535],[139.26551,35.75505],[139.26617,35.75512],[139.26674,35.75487],[139.26756,35.75484],[139.26855,35.75445],[139.26905,35.75395],[139.26921,35.75363],[139.26965,35.75348],[139.27029,35.75341],[139.27135,35.75352],[139.27178,35.75343],[139.27277,35.75355],[139.27344,35.75391],[139.2745,35.75381],[139.27546,35.75363],[139.27593,35.75328],[139.27622,35.75285],[139.27697,35.75258],[139.27735,35.75229],[139.27761,35.75229],[139.27783,35.75143],[139.27842,35.75049],[139.2785,35.74977],[139.27891,35.74969],[139.27943,35.74931],[139.27989,35.74935],[139.28063,35.74731],[139.28077,35.74608],[139.28072,35.74555],[139.28047,35.74438],[139.28,35.74337],[139.27948,35.7434],[139.27934,35.74299],[139.27931,35.74211],[139.27977,35.74184],[139.28243,35.74054],[139.28319,35.74033],[139.28361,35.74035],[139.28465,35.74059],[139.28469,35.74033],[139.28452,35.73951],[139.28413,35.7385],[139.28365,35.73769],[139.28364,35.73716],[139.28424,35.73431],[139.28443,35.73224],[139.28401,35.73155],[139.28365,35.73136],[139.28207,35.7319],[139.28042,35.73254],[139.27924,35.73303],[139.27826,35.73362],[139.27805,35.73366],[139.27676,35.73336],[139.27625,35.73335],[139.27539,35.73355],[139.27395,35.73347],[139.2723,35.73344],[139.27013,35.73328],[139.26912,35.73313],[139.26659,35.73266],[139.26453,35.73246],[139.26292,35.73238],[139.26244,35.73322],[139.2619,35.73378],[139.26147,35.73366],[139.25803,35.73449],[139.25828,35.73506],[139.25788,35.73539],[139.25734,35.7354],[139.25449,35.73606],[139.25295,35.73636],[139.25147,35.73582],[139.25089,35.73636],[139.24993,35.73642],[139.24843,35.73663],[139.24695,35.73672],[139.24617,35.73663],[139.24538,35.73666],[139.24462,35.73759],[139.24426,35.73818],[139.24405,35.7388],[139.24344,35.73885],[139.24322,35.73903],[139.24252,35.73903],[139.24201,35.73926],[139.24133,35.73911],[139.24085,35.7392],[139.24006,35.73913],[139.23958,35.73974],[139.23944,35.73976],[139.23857,35.73934],[139.23796,35.73957],[139.23699,35.73936],[139.23518,35.7392],[139.2348,35.73882],[139.23386,35.7389],[139.23262,35.73889],[139.23162,35.73907],[139.23061,35.73948],[139.22972,35.73955],[139.22899,35.73951],[139.22873,35.73999],[139.22822,35.74012],[139.22784,35.74009],[139.22717,35.73986],[139.22648,35.73991],[139.22612,35.74005],[139.22547,35.74078],[139.22524,35.74093],[139.22446,35.74091],[139.22361,35.74129],[139.2229,35.74182],[139.22248,35.74238],[139.2221,35.74306],[139.22168,35.74327],[139.22055,35.74309],[139.21967,35.74363],[139.21899,35.74429],[139.21859,35.74444],[139.2176,35.7445],[139.21699,35.74462],[139.21647,35.74438],[139.21567,35.74441],[139.21513,35.74474],[139.21496,35.745],[139.21496,35.74624],[139.21478,35.74668],[139.21426,35.74711],[139.21356,35.74757],[139.21306,35.74806],[139.21263,35.74815],[139.21237,35.74854],[139.21282,35.75015],[139.21273,35.75129],[139.21289,35.75157],[139.21276,35.75205],[139.21235,35.75224],[139.21161,35.75217],[139.21101,35.75179],[139.21003,35.75208],[139.209,35.75221],[139.20802,35.75253],[139.20746,35.75303],[139.20702,35.75322],[139.20639,35.75374],[139.20513,35.75378],[139.20482,35.75428],[139.2045,35.75553],[139.20433,35.75579],[139.2035,35.75608],[139.20248,35.75676],[139.20177,35.75679],[139.20166,35.75729],[139.20141,35.75753],[139.20042,35.75776],[139.20003,35.75806],[139.19936,35.75805],[139.19811,35.7577],[139.19785,35.75782],[139.1967,35.75891],[139.1962,35.75914],[139.19589,35.75966],[139.19499,35.76011],[139.19465,35.76021],[139.19367,35.76077],[139.19311,35.76089],[139.19263,35.76112],[139.19201,35.76117],[139.19138,35.76152],[139.19067,35.76177],[139.1902,35.76183],[139.18919,35.76225],[139.18872,35.76214],[139.18781,35.76114],[139.18744,35.76114],[139.18702,35.76159],[139.18663,35.76178],[139.1863,35.76219],[139.18531,35.76248],[139.18402,35.76273],[139.18305,35.76266],[139.18192,35.76274],[139.18148,35.7629],[139.18099,35.76345],[139.1806,35.76407],[139.18034,35.76548],[139.18037,35.7658],[139.18091,35.76673],[139.18094,35.76783],[139.18068,35.76858],[139.18011,35.7691],[139.17938,35.77001],[139.17898,35.77035],[139.17815,35.77066],[139.17706,35.77077],[139.17651,35.77104],[139.172,35.77347],[139.16852,35.77527],[139.1671,35.77605],[139.1666,35.77554],[139.16351,35.77786],[139.16304,35.77824],[139.16242,35.77786],[139.1619,35.77736],[139.16121,35.77706],[139.1606,35.77716],[139.15863,35.77791],[139.15826,35.77755],[139.1585,35.77657],[139.15832,35.77616],[139.15797,35.77587],[139.158,35.77539],[139.15825,35.77509],[139.15845,35.77449],[139.15835,35.774],[139.15802,35.77343],[139.15774,35.77317],[139.15749,35.77354],[139.15691,35.77367],[139.15603,35.77373],[139.15574,35.77363],[139.15556,35.77328],[139.1546,35.77324],[139.15372,35.77355],[139.15298,35.77414],[139.15256,35.77487],[139.15234,35.77595],[139.15183,35.77632],[139.15168,35.77668],[139.15105,35.7769],[139.15086,35.77733],[139.15035,35.77766],[139.14992,35.77821],[139.14913,35.77884],[139.14864,35.77887],[139.14824,35.77789],[139.14837,35.7768],[139.14815,35.77639],[139.14829,35.77616],[139.14833,35.77546],[139.14824,35.77529],[139.1477,35.77513],[139.14656,35.7753],[139.14623,35.77552],[139.14613,35.77589],[139.14573,35.77633],[139.14533,35.77645],[139.14488,35.77687],[139.14446,35.77695],[139.14402,35.77655],[139.14353,35.77631],[139.14282,35.77634],[139.1428,35.77607],[139.14237,35.77496],[139.14212,35.77468],[139.14163,35.77439],[139.14099,35.77421],[139.14065,35.77362],[139.1398,35.77296],[139.13938,35.77205],[139.13857,35.77189],[139.13764,35.77243],[139.13696,35.7718],[139.13663,35.77105],[139.13624,35.77068],[139.1361,35.77026],[139.13615,35.77013],[139.13741,35.76908],[139.13784,35.76899],[139.13856,35.76838],[139.13914,35.768],[139.13993,35.76773],[139.14115,35.76742],[139.14279,35.76662],[139.1435,35.76632],[139.14436,35.7654],[139.14478,35.7647],[139.14507,35.76403],[139.14559,35.76376],[139.1466,35.76268],[139.14721,35.76213],[139.14714,35.76195],[139.14638,35.76169],[139.14619,35.76129],[139.14552,35.76099],[139.14537,35.76078],[139.14465,35.76021],[139.14385,35.7601],[139.14273,35.76009],[139.14218,35.75998],[139.14164,35.75957],[139.14065,35.75923],[139.14041,35.75901],[139.13993,35.75764],[139.14027,35.75602],[139.14073,35.75545],[139.14212,35.75569],[139.14309,35.7555],[139.14354,35.75548],[139.14483,35.7552],[139.14554,35.75466],[139.14669,35.75423],[139.1474,35.75403],[139.14884,35.7543],[139.14934,35.75425],[139.15031,35.75321],[139.15095,35.75277],[139.15168,35.75191],[139.15195,35.75149],[139.15325,35.75056],[139.15398,35.7501],[139.15393,35.74981],[139.15403,35.74901],[139.15394,35.74869],[139.15421,35.74828],[139.15541,35.74741],[139.15598,35.74662],[139.15601,35.74568],[139.15629,35.74499],[139.15658,35.7447],[139.15779,35.7443],[139.15906,35.74352],[139.16118,35.74304],[139.16146,35.74286],[139.16202,35.74219],[139.16337,35.74146],[139.1641,35.74133],[139.16407,35.74063],[139.16433,35.73969],[139.16437,35.73852],[139.16452,35.73776],[139.16476,35.73734],[139.1653,35.73689],[139.16585,35.73618],[139.16583,35.7359],[139.16548,35.73508],[139.16532,35.73421],[139.16504,35.73344],[139.16432,35.73249],[139.16446,35.7318],[139.16484,35.73136],[139.16498,35.73033],[139.1656,35.72996],[139.1662,35.7294],[139.16611,35.72868],[139.16541,35.72735],[139.16535,35.7271],[139.16542,35.7256],[139.16555,35.72506],[139.1655,35.72424],[139.16549,35.72258],[139.16639,35.72264],[139.16694,35.7228],[139.16724,35.72207],[139.16722,35.72177],[139.16684,35.72116],[139.16703,35.72065],[139.16642,35.72036],[139.16672,35.71996],[139.16676,35.71962],[139.16636,35.71901],[139.16585,35.71875],[139.16573,35.71843],[139.16592,35.71817],[139.166,35.71771],[139.1659,35.71717],[139.16599,35.71644],[139.16627,35.71576],[139.16644,35.71406],[139.16625,35.71327],[139.16576,35.71229],[139.16522,35.71155],[139.16513,35.71121],[139.16532,35.71088],[139.16504,35.71019],[139.16521,35.70911],[139.16509,35.70851],[139.1653,35.70767],[139.16537,35.70674],[139.16532,35.70624],[139.16611,35.70601],[139.16645,35.70582],[139.16734,35.70461],[139.16796,35.70406],[139.16949,35.70355],[139.17032,35.70324],[139.17077,35.70255],[139.17107,35.7023],[139.17211,35.70169],[139.17241,35.70094],[139.17246,35.70018],[139.1724,35.69885],[139.1723,35.69819],[139.17252,35.69762],[139.1726,35.69685],[139.17215,35.69578],[139.17211,35.69438],[139.17227,35.69362],[139.17183,35.69264],[139.17102,35.69198],[139.17066,35.69147],[139.16968,35.69087],[139.16956,35.69005],[139.16972,35.68974],[139.17012,35.68951],[139.17087,35.68891],[139.17141,35.68874],[139.17193,35.68876],[139.17337,35.68896],[139.17399,35.68923],[139.1747,35.6891],[139.17589,35.68898],[139.17652,35.68917],[139.1776,35.68898],[139.17801,35.68899],[139.17857,35.68925],[139.17895,35.68922],[139.18071,35.6883],[139.18199,35.68806],[139.18257,35.68811],[139.18287,35.68847],[139.18349,35.68883],[139.18407,35.68905],[139.18459,35.68901],[139.18523,35.68877],[139.18566,35.68872],[139.18616,35.68828],[139.18689,35.68803],[139.1881,35.6881],[139.1888,35.68806],[139.18962,35.6876],[139.19076,35.6878],[139.19137,35.68783],[139.19209,35.68814],[139.19258,35.68861],[139.19327,35.68906],[139.19391,35.68888],[139.1949,35.68885],[139.19563,35.68843],[139.19627,35.6886],[139.19699,35.68866],[139.19793,35.68851],[139.19832,35.68792],[139.19853,35.68785],[139.19939,35.68825],[139.19957,35.68876],[139.1998,35.68903],[139.20016,35.69013],[139.20009,35.69173],[139.20035,35.69296],[139.20034,35.6933],[139.20011,35.69416],[139.20031,35.69505],[139.20043,35.69605],[139.20075,35.69659],[139.20045,35.697],[139.20037,35.69766],[139.20014,35.69829],[139.20054,35.69913],[139.20155,35.69913],[139.20215,35.69935],[139.2033,35.69918],[139.20365,35.69925],[139.20403,35.69953],[139.20481,35.69973],[139.20493,35.69992],[139.20482,35.70041],[139.20506,35.70078],[139.20513,35.70194],[139.20501,35.70252],[139.20535,35.7032],[139.20494,35.70366],[139.20448,35.70452],[139.20434,35.70496],[139.20441,35.70555],[139.2048,35.7061],[139.20445,35.70698],[139.2045,35.70739],[139.20493,35.70776],[139.20538,35.70835],[139.20552,35.70878],[139.20534,35.70939],[139.20565,35.70988],[139.20571,35.71056],[139.20619,35.71113],[139.20629,35.71207],[139.20656,35.71256],[139.20691,35.71276],[139.20781,35.71288],[139.20844,35.71328],[139.20922,35.71343],[139.20951,35.71359],[139.21013,35.71362],[139.21094,35.71404],[139.21136,35.71462],[139.21197,35.71506],[139.21272,35.71511],[139.21325,35.71547],[139.21373,35.71629],[139.21415,35.71653],[139.21482,35.7165],[139.21548,35.71724],[139.21635,35.71786],[139.21673,35.71821],[139.21725,35.71887],[139.21757,35.71807],[139.21812,35.71767],[139.21848,35.71723],[139.21904,35.71683],[139.21991,35.71684],[139.22042,35.71664],[139.22095,35.71659],[139.22125,35.71642],[139.22167,35.71643],[139.222,35.7162],[139.22277,35.71636],[139.22306,35.71659],[139.22395,35.71661],[139.22455,35.71621],[139.22629,35.71592],[139.22728,35.7163],[139.22809,35.71637],[139.22886,35.71628],[139.22948,35.71594],[139.23005,35.71537],[139.23058,35.71544],[139.23144,35.71537],[139.23199,35.71505],[139.23265,35.71535],[139.23313,35.71532],[139.2341,35.71486],[139.23473,35.71444],[139.23491,35.71442],[139.23562,35.71484],[139.23583,35.71447],[139.23624,35.71424],[139.23655,35.71386],[139.23734,35.71331],[139.23766,35.71321],[139.23809,35.71334],[139.23865,35.71368],[139.23916,35.71385],[139.23941,35.71408],[139.24007,35.71406],[139.24039,35.71421],[139.24109,35.71405],[139.24261,35.71329],[139.24297,35.71262],[139.24332,35.71248],[139.24443,35.71269],[139.24506,35.71335],[139.24523,35.71306],[139.24526,35.71262],[139.24553,35.71221],[139.2458,35.71141],[139.24636,35.71094],[139.24745,35.7109],[139.24833,35.71104],[139.24907,35.71078],[139.24963,35.71049],[139.25006,35.7108],[139.25017,35.71118],[139.25065,35.71146],[139.25098,35.71185],[139.2516,35.71205],[139.25195,35.71226],[139.2527,35.71209],[139.25368,35.71224],[139.25429,35.71221],[139.2551,35.71269],[139.25619,35.71266],[139.25703,35.71237],[139.25736,35.71216],[139.25811,35.71224],[139.25892,35.71182],[139.25963,35.71128],[139.26047,35.71088],[139.26086,35.71044],[139.26206,35.71038],[139.26286,35.71018],[139.26447,35.71026],[139.26515,35.70983],[139.26616,35.7098],[139.26652,35.70993],[139.26691,35.7103],[139.26776,35.71032],[139.26796,35.71008],[139.26853,35.70994],[139.26897,35.71003],[139.26933,35.7105],[139.26978,35.71071],[139.27075,35.71069],[139.27115,35.71094],[139.27179,35.7117],[139.2718,35.71195],[139.27222,35.71265],[139.27212,35.71326],[139.27175,35.71364],[139.27175,35.71399],[139.27198,35.71452],[139.27232,35.71465],[139.27299,35.71464],[139.27379,35.71479],[139.27391,35.71501],[139.27432,35.71498],[139.2756,35.71469],[139.27618,35.71425],[139.2769,35.71397],[139.27853,35.71396],[139.27967,35.71376],[139.2802,35.7136],[139.28091,35.71354],[139.28185,35.71364],[139.28237,35.71315],[139.28318,35.71278],[139.28378,35.71276],[139.2841,35.71311],[139.28524,35.71322],[139.28538,35.71335],[139.28672,35.7134],[139.28722,35.71317],[139.28799,35.71309],[139.28877,35.71314],[139.28955,35.71342],[139.29056,35.71336],[139.29142,35.71365],[139.29178,35.71337],[139.29229,35.7132],[139.29273,35.71327],[139.29354,35.71312],[139.29397,35.71342],[139.29426,35.71338],[139.29488,35.71286],[139.29511,35.71209],[139.29585,35.71146],[139.29638,35.71146],[139.29786,35.71176],[139.29834,35.71145],[139.29876,35.7117],[139.29885,35.71192],[139.30033,35.71206],[139.30088,35.71177],[139.30135,35.71177],[139.30168,35.71208],[139.30208,35.71225],[139.30257,35.71227],[139.30351,35.71359],[139.3038,35.71385],[139.30423,35.71364],[139.30374,35.71328],[139.30375,35.71296],[139.3035,35.71255],[139.30388,35.71171],[139.30454,35.71147],[139.30494,35.71155],[139.30523,35.71187],[139.30557,35.71197],[139.30656,35.71273],[139.30639,35.71321],[139.30656,35.71352],[139.30702,35.71375],[139.30786,35.71437],[139.30841,35.71499],[139.3085,35.71589],[139.31173,35.71462],[139.31284,35.71416],[139.31359,35.71395],[139.315,35.71408],[139.3159,35.71425],[139.31646,35.71454],[139.317,35.71521],[139.31734,35.71634],[139.3189,35.71866],[139.31924,35.71906],[139.31969,35.71907],[139.31982,35.71886],[139.32091,35.71813],[139.32215,35.71709],[139.32294,35.71628],[139.3252,35.71292],[139.32764,35.7104],[139.32906,35.71003],[139.32909,35.71231],[139.33123,35.71346]]]},"properties":{"code":"13228","name":"あきる野市"}},{"type":"Feature","geometry":{"type":"Polygon","coordinates":[[[139.56279,35.7616],[139.56268,35.76139],[139.56181,35.76107],[139.56202,35.75991],[139.56183,35.7596],[139.56037,35.75922],[139.55987,35.7592],[139.55778,35.75958],[139.55771,35.75936],[139.55723,35.75928],[139.5572,35.759],[139.55615,35.75888],[139.55603,35.75814],[139.55577,35.75775],[139.55539,35.75775],[139.55538,35.75709],[139.55525,35.75574],[139.5547,35.75558],[139.55356,35.75558],[139.55307,35.75564],[139.55269,35.75599],[139.55204,35.75596],[139.55178,35.75545],[139.55111,35.75515],[139.55047,35.75537],[139.55,35.75526],[139.55006,35.75438],[139.54869,35.75382],[139.54771,35.7535],[139.54716,35.75338],[139.54692,35.7535],[139.54717,35.75411],[139.54678,35.75509],[139.54623,35.75494],[139.54559,35.75489],[139.54483,35.75462],[139.54458,35.75476],[139.54289,35.75338],[139.54219,35.75272],[139.54064,35.75142],[139.5372,35.74844],[139.53695,35.74809],[139.53353,35.7449],[139.53307,35.74458],[139.53205,35.74444],[139.52842,35.74472],[139.52717,35.74365],[139.52851,35.74257],[139.52922,35.74207],[139.52956,35.74173],[139.53028,35.74121],[139.53049,35.74097],[139.53117,35.74047],[139.53132,35.74027],[139.53045,35.73985],[139.52971,35.73972],[139.52783,35.73839],[139.52514,35.73661],[139.52465,35.73639],[139.5211,35.73412],[139.52017,35.73344],[139.51927,35.73274],[139.51801,35.73164],[139.51671,35.73059],[139.51694,35.72966],[139.51736,35.72867],[139.51768,35.72745],[139.51817,35.72717],[139.51852,35.72682],[139.51929,35.72629],[139.51976,35.72606],[139.52333,35.72325],[139.52309,35.7228],[139.52354,35.72158],[139.5242,35.72024],[139.52467,35.71941],[139.52315,35.71907],[139.52293,35.71781],[139.52301,35.71761],[139.52378,35.7175],[139.52645,35.71728],[139.52691,35.71851],[139.52918,35.71773],[139.53,35.7175],[139.52975,35.7156],[139.52942,35.71279],[139.52956,35.71274],[139.53189,35.7126],[139.53462,35.71192],[139.53691,35.71132],[139.53736,35.71132],[139.53839,35.71182],[139.54087,35.71315],[139.54217,35.71372],[139.54321,35.71409],[139.54445,35.71463],[139.54756,35.71608],[139.54941,35.71692],[139.55045,35.7176],[139.55197,35.71888],[139.55307,35.71971],[139.55458,35.72078],[139.55525,35.72104],[139.55722,35.72173],[139.55762,35.72182],[139.55896,35.72195],[139.55994,35.722],[139.5619,35.72197],[139.56404,35.72184],[139.56564,35.72166],[139.56569,35.72264],[139.56526,35.72427],[139.56592,35.72605],[139.566,35.72705],[139.56635,35.72792],[139.56654,35.7282],[139.56739,35.72993],[139.56764,35.73058],[139.56861,35.73245],[139.56942,35.73416],[139.56733,35.73636],[139.56757,35.73709],[139.56796,35.73787],[139.56825,35.73808],[139.56816,35.74005],[139.5682,35.74184],[139.56816,35.74276],[139.56782,35.74419],[139.56747,35.74528],[139.56719,35.74599],[139.56689,35.74627],[139.56696,35.74707],[139.56677,35.74743],[139.56883,35.74759],[139.5688,35.7481],[139.5683,35.74878],[139.5678,35.75006],[139.56928,35.74999],[139.56916,35.75049],[139.56921,35.75099],[139.56901,35.75192],[139.56871,35.75243],[139.56811,35.75313],[139.5677,35.75322],[139.56777,35.75507],[139.5671,35.75519],[139.56685,35.7559],[139.56638,35.75603],[139.5663,35.75668],[139.56583,35.75682],[139.56582,35.75709],[139.56611,35.75742],[139.56553,35.75833],[139.565,35.75856],[139.56445,35.75947],[139.56414,35.75966],[139.56387,35.76061],[139.56378,35.7614],[139.56279,35.7616]]]},"properties":{"code":"13229","name":"西東京市"}},{"type":"Feature","geometry":{"type":"MultiPolygon","coordinates":[[[[139.35683,35.74589],[139.35636,35.74498],[139.35776,35.74445],[139.35823,35.74537],[139.35683,35.74589]]],[[[139.32107,35.77722],[139.32184,35.77658],[139.32879,35.77134],[139.33064,35.77251],[139.33152,35.77292],[139.33229,35.77215],[139.3328,35.77141],[139.33281,35.77103],[139.33364,35.77095],[139.3336,35.77055],[139.33379,35.76995],[139.33367,35.76873],[139.33325,35.76816],[139.33319,35.7676],[139.334,35.76723],[139.33643,35.76604],[139.33633,35.76592],[139.33565,35.7662],[139.33501,35.76598],[139.33541,35.76509],[139.33478,35.76493],[139.33529,35.76432],[139.33605,35.76415],[139.33628,35.76364],[139.33528,35.76323],[139.33571,35.76254],[139.33568,35.76211],[139.33598,35.76139],[139.3357,35.76043],[139.33584,35.7601],[139.33584,35.75929],[139.33633,35.75876],[139.33673,35.75814],[139.33702,35.75787],[139.33801,35.75739],[139.33845,35.75687],[139.33856,35.75621],[139.33839,35.75551],[139.33917,35.75546],[139.33914,35.75458],[139.34036,35.75372],[139.34063,35.75413],[139.34133,35.75403],[139.3422,35.75422],[139.34301,35.75384],[139.34308,35.75322],[139.34264,35.74984],[139.34232,35.74647],[139.34233,35.74615],[139.34318,35.74625],[139.34552,35.74707],[139.34627,35.74636],[139.34705,35.74572],[139.35207,35.74124],[139.35238,35.7415],[139.35333,35.74253],[139.35057,35.74496],[139.35043,35.74514],[139.3499,35.74773],[139.35096,35.74701],[139.35467,35.7456],[139.35591,35.74615],[139.3564,35.74662],[139.35634,35.74707],[139.35587,35.74731],[139.35538,35.74701],[139.35529,35.74767],[139.35536,35.74822],[139.35589,35.74856],[139.35655,35.75071],[139.35719,35.75037],[139.35738,35.75005],[139.3579,35.75012],[139.35791,35.7505],[139.35812,35.75076],[139.35752,35.75352],[139.35779,35.75353],[139.35836,35.75328],[139.35849,35.75341],[139.35902,35.75449],[139.35663,35.75547],[139.3568,35.75582],[139.35751,35.75553],[139.35773,35.7559],[139.35863,35.75579],[139.35872,35.75617],[139.35815,35.75648],[139.35829,35.75677],[139.35892,35.75698],[139.35876,35.75746],[139.35882,35.75793],[139.35907,35.75827],[139.35933,35.75812],[139.36019,35.7587],[139.36031,35.75955],[139.36087,35.76024],[139.36212,35.75964],[139.36262,35.76023],[139.36229,35.76043],[139.36171,35.76058],[139.36178,35.76085],[139.36095,35.7611],[139.36126,35.76144],[139.36271,35.76075],[139.36301,35.76108],[139.36352,35.76078],[139.36379,35.76094],[139.36289,35.76192],[139.36234,35.76187],[139.36219,35.7622],[139.36276,35.7623],[139.36299,35.76252],[139.36367,35.76367],[139.3638,35.76404],[139.36483,35.76351],[139.36513,35.76375],[139.36411,35.76446],[139.36487,35.76542],[139.3656,35.76621],[139.36566,35.76647],[139.36559,35.76744],[139.36629,35.76769],[139.36738,35.7678],[139.36737,35.76816],[139.36713,35.76871],[139.36712,35.76926],[139.36768,35.76926],[139.36828,35.77006],[139.36783,35.77037],[139.36802,35.77059],[139.36842,35.77038],[139.36852,35.77106],[139.36821,35.77164],[139.36801,35.77227],[139.36809,35.77277],[139.36782,35.77292],[139.36816,35.77411],[139.36856,35.77441],[139.36884,35.77392],[139.36918,35.77368],[139.3698,35.77346],[139.37006,35.77304],[139.36996,35.77221],[139.37025,35.77183],[139.37091,35.77143],[139.37171,35.77143],[139.37255,35.77112],[139.3732,35.77134],[139.37326,35.77083],[139.3735,35.77035],[139.37344,35.77003],[139.3731,35.76963],[139.3731,35.76899],[139.37344,35.76876],[139.37369,35.7689],[139.37385,35.76936],[139.37416,35.76961],[139.37449,35.77009],[139.37486,35.76983],[139.37469,35.76944],[139.37432,35.76902],[139.37441,35.76775],[139.37433,35.76725],[139.3746,35.76716],[139.37522,35.76814],[139.375,35.76904],[139.37512,35.7694],[139.37603,35.77022],[139.37656,35.77012],[139.37705,35.77016],[139.37766,35.77045],[139.37801,35.77088],[139.37903,35.7712],[139.37951,35.77173],[139.38001,35.77199],[139.38034,35.77331],[139.38068,35.77366],[139.38131,35.77408],[139.38154,35.7745],[139.38138,35.77552],[139.3814,35.7765],[139.38154,35.77694],[139.38134,35.7773],[139.38068,35.77702],[139.38,35.77693],[139.37978,35.77722],[139.38018,35.77795],[139.38014,35.77875],[139.37936,35.77916],[139.37756,35.77996],[139.37602,35.78039],[139.37552,35.78046],[139.3744,35.78009],[139.37361,35.77969],[139.37255,35.77887],[139.3718,35.77873],[139.37104,35.77821],[139.37027,35.77829],[139.37044,35.77877],[139.37146,35.77881],[139.37255,35.7793],[139.37301,35.77972],[139.3718,35.78033],[139.37166,35.78052],[139.37145,35.7816],[139.36991,35.78154],[139.36997,35.78235],[139.3699,35.78261],[139.36942,35.78326],[139.36786,35.78402],[139.36749,35.78438],[139.36741,35.78502],[139.36719,35.7856],[139.36815,35.78606],[139.36783,35.78704],[139.36817,35.7872],[139.36987,35.78761],[139.36949,35.78873],[139.3689,35.7898],[139.36871,35.79029],[139.37026,35.7909],[139.36992,35.79173],[139.36863,35.79153],[139.3675,35.79145],[139.36727,35.79178],[139.36632,35.79172],[139.36372,35.7917],[139.36273,35.79191],[139.36081,35.79168],[139.35984,35.79162],[139.35889,35.79193],[139.35857,35.79298],[139.3578,35.79312],[139.35665,35.79348],[139.35522,35.79344],[139.35492,35.79372],[139.354,35.79321],[139.35348,35.79321],[139.35349,35.79287],[139.35306,35.793],[139.35271,35.7935],[139.35066,35.79327],[139.35026,35.79341],[139.34971,35.79491],[139.34857,35.79505],[139.34766,35.79538],[139.34761,35.79602],[139.34726,35.79632],[139.34671,35.79641],[139.34382,35.7948],[139.34335,35.7947],[139.34336,35.79419],[139.34268,35.79403],[139.34181,35.79432],[139.34108,35.79441],[139.34022,35.79441],[139.3385,35.79459],[139.33701,35.79386],[139.33667,35.79377],[139.33545,35.79366],[139.33488,35.7937],[139.33397,35.79283],[139.33278,35.79189],[139.33253,35.79197],[139.33037,35.79362],[139.3301,35.79292],[139.32915,35.79209],[139.3288,35.79207],[139.32848,35.79177],[139.33007,35.79061],[139.32916,35.78973],[139.32626,35.78703],[139.32205,35.78978],[139.32122,35.78959],[139.32291,35.78852],[139.32365,35.7875],[139.32344,35.78719],[139.3238,35.78668],[139.32276,35.78631],[139.32216,35.7882],[139.3219,35.78868],[139.32087,35.78954],[139.32058,35.78991],[139.3182,35.78958],[139.31811,35.78922],[139.31894,35.78918],[139.31945,35.78868],[139.32015,35.78846],[139.32042,35.78852],[139.32079,35.7883],[139.32084,35.78699],[139.32103,35.78663],[139.32098,35.78623],[139.32073,35.78608],[139.32058,35.78459],[139.32062,35.78432],[139.32091,35.78408],[139.32066,35.78336],[139.3218,35.78288],[139.32257,35.78248],[139.32349,35.78182],[139.32412,35.78108],[139.32375,35.78005],[139.32249,35.7788],[139.32107,35.77722]]]]},"properties":{"code":"13303","name":"瑞穂町"}},{"type":"Feature","geometry":{"type":"Polygon","coordinates":[[[139.16304,35.77824],[139.16351,35.77786],[139.1666,35.77554],[139.1671,35.77605],[139.16852,35.77527],[139.172,35.77347],[139.17651,35.77104],[139.17706,35.77077],[139.17815,35.77066],[139.17898,35.77035],[139.17938,35.77001],[139.18011,35.7691],[139.18068,35.76858],[139.18094,35.76783],[139.18091,35.76673],[139.18037,35.7658],[139.18034,35.76548],[139.1806,35.76407],[139.18099,35.76345],[139.18148,35.7629],[139.18192,35.76274],[139.18305,35.76266],[139.18402,35.76273],[139.18531,35.76248],[139.1863,35.76219],[139.18663,35.76178],[139.18702,35.76159],[139.18744,35.76114],[139.18781,35.76114],[139.18872,35.76214],[139.18919,35.76225],[139.1902,35.76183],[139.19067,35.76177],[139.19138,35.76152],[139.19201,35.76117],[139.19263,35.76112],[139.19311,35.76089],[139.19367,35.76077],[139.19465,35.76021],[139.19499,35.76011],[139.19589,35.75966],[139.1962,35.75914],[139.1967,35.75891],[139.19785,35.75782],[139.19811,35.7577],[139.19936,35.75805],[139.20003,35.75806],[139.20042,35.75776],[139.20141,35.75753],[139.20166,35.75729],[139.20177,35.75679],[139.20248,35.75676],[139.2035,35.75608],[139.20433,35.75579],[139.2045,35.75553],[139.20482,35.75428],[139.20513,35.75378],[139.20639,35.75374],[139.20702,35.75322],[139.20746,35.75303],[139.20802,35.75253],[139.209,35.75221],[139.21003,35.75208],[139.21101,35.75179],[139.21161,35.75217],[139.21235,35.75224],[139.21276,35.75205],[139.21289,35.75157],[139.21273,35.75129],[139.21282,35.75015],[139.21237,35.74854],[139.21263,35.74815],[139.21306,35.74806],[139.21356,35.74757],[139.21426,35.74711],[139.21478,35.74668],[139.21496,35.74624],[139.21496,35.745],[139.21513,35.74474],[139.21567,35.74441],[139.21647,35.74438],[139.21699,35.74462],[139.2176,35.7445],[139.21859,35.74444],[139.21899,35.74429],[139.21967,35.74363],[139.22055,35.74309],[139.22168,35.74327],[139.2221,35.74306],[139.22248,35.74238],[139.2229,35.74182],[139.22361,35.74129],[139.22446,35.74091],[139.22524,35.74093],[139.22547,35.74078],[139.22612,35.74005],[139.22648,35.73991],[139.22717,35.73986],[139.22784,35.74009],[139.22822,35.74012],[139.22873,35.73999],[139.22899,35.73951],[139.22972,35.73955],[139.23061,35.73948],[139.23162,35.73907],[139.23262,35.73889],[139.23386,35.7389],[139.2348,35.73882],[139.23518,35.7392],[139.23699,35.73936],[139.23796,35.73957],[139.23857,35.73934],[139.23944,35.73976],[139.23958,35.73974],[139.24006,35.73913],[139.24085,35.7392],[139.24133,35.73911],[139.24201,35.73926],[139.24252,35.73903],[139.24322,35.73903],[139.24344,35.73885],[139.24405,35.7388],[139.24426,35.73818],[139.24462,35.73759],[139.24538,35.73666],[139.24617,35.73663],[139.24695,35.73672],[139.24843,35.73663],[139.24993,35.73642],[139.25089,35.73636],[139.25147,35.73582],[139.25295,35.73636],[139.25449,35.73606],[139.25734,35.7354],[139.25788,35.73539],[139.25828,35.73506],[139.25803,35.73449],[139.26147,35.73366],[139.2619,35.73378],[139.26244,35.73322],[139.26292,35.73238],[139.26453,35.73246],[139.26659,35.73266],[139.26912,35.73313],[139.27013,35.73328],[139.2723,35.73344],[139.27395,35.73347],[139.27539,35.73355],[139.27625,35.73335],[139.27676,35.73336],[139.27805,35.73366],[139.27826,35.73362],[139.27924,35.73303],[139.28042,35.73254],[139.28207,35.7319],[139.28365,35.73136],[139.28401,35.73155],[139.28443,35.73224],[139.28424,35.73431],[139.28364,35.73716],[139.28365,35.73769],[139.28413,35.7385],[139.28452,35.73951],[139.28469,35.74033],[139.28465,35.74059],[139.28361,35.74035],[139.28319,35.74033],[139.28243,35.74054],[139.27977,35.74184],[139.27931,35.74211],[139.27934,35.74299],[139.27948,35.7434],[139.28,35.74337],[139.28047,35.74438],[139.28072,35.74555],[139.28077,35.74608],[139.28063,35.74731],[139.27989,35.74935],[139.27943,35.74931],[139.27891,35.74969],[139.2785,35.74977],[139.27842,35.75049],[139.27783,35.75143],[139.27761,35.75229],[139.27735,35.75229],[139.27697,35.75258],[139.27622,35.75285],[139.27593,35.75328],[139.27546,35.75363],[139.2745,35.75381],[139.27344,35.75391],[139.27277,35.75355],[139.27178,35.75343],[139.27135,35.75352],[139.27029,35.75341],[139.26965,35.75348],[139.26921,35.75363],[139.26905,35.75395],[139.26855,35.75445],[139.26756,35.75484],[139.26674,35.75487],[139.26617,35.75512],[139.26551,35.75505],[139.26519,35.75535],[139.26459,35.75546],[139.26368,35.75535],[139.26212,35.75551],[139.26185,35.75559],[139.26108,35.75634],[139.2606,35.7564],[139.26007,35.75685],[139.25915,35.75747],[139.25725,35.75865],[139.25684,35.75877],[139.25586,35.75939],[139.25571,35.75984],[139.25586,35.76023],[139.25686,35.76071],[139.25694,35.76101],[139.25655,35.76158],[139.25624,35.76189],[139.25526,35.76196],[139.25512,35.76214],[139.25496,35.76293],[139.25473,35.7632],[139.25414,35.76351],[139.2543,35.76403],[139.25354,35.76409],[139.253,35.76398],[139.25244,35.76448],[139.25191,35.76448],[139.25135,35.76493],[139.25137,35.76533],[139.25077,35.766],[139.24991,35.76627],[139.24945,35.7666],[139.24845,35.76669],[139.24727,35.76672],[139.24625,35.76731],[139.24589,35.76738],[139.24482,35.7674],[139.24371,35.767],[139.24301,35.76702],[139.24264,35.76681],[139.24127,35.76693],[139.24084,35.76709],[139.24027,35.76711],[139.23836,35.767],[139.2383,35.76826],[139.23817,35.76858],[139.23755,35.76857],[139.23722,35.76887],[139.23661,35.76886],[139.23619,35.76916],[139.23527,35.76937],[139.23457,35.76918],[139.23374,35.76862],[139.23302,35.76887],[139.23243,35.76873],[139.23174,35.76889],[139.23132,35.7694],[139.23069,35.77],[139.23004,35.77004],[139.22933,35.7707],[139.22829,35.77081],[139.22766,35.7715],[139.22734,35.77205],[139.22654,35.77187],[139.22593,35.77186],[139.22471,35.77245],[139.22432,35.77282],[139.22389,35.77284],[139.22309,35.77245],[139.22258,35.77245],[139.22152,35.77316],[139.22077,35.774],[139.22024,35.77363],[139.21902,35.77325],[139.21838,35.7732],[139.2179,35.77293],[139.21668,35.77282],[139.21625,35.77313],[139.21559,35.7731],[139.21525,35.77324],[139.21438,35.77407],[139.21333,35.77395],[139.21288,35.77398],[139.2124,35.77371],[139.21176,35.77358],[139.21053,35.77318],[139.21018,35.77394],[139.20974,35.77411],[139.20931,35.7746],[139.20945,35.77536],[139.20938,35.77587],[139.2088,35.77625],[139.20818,35.7764],[139.20728,35.7773],[139.20644,35.77844],[139.20567,35.77829],[139.20496,35.77911],[139.205,35.77952],[139.20449,35.77996],[139.20357,35.78016],[139.20339,35.78046],[139.20312,35.7813],[139.20256,35.78154],[139.20253,35.78189],[139.20213,35.78248],[139.2016,35.78261],[139.20123,35.78316],[139.20072,35.78328],[139.20061,35.78374],[139.20007,35.78409],[139.19916,35.78429],[139.1989,35.78445],[139.19847,35.78528],[139.19864,35.78581],[139.19854,35.78618],[139.19824,35.78644],[139.19771,35.78647],[139.19723,35.78676],[139.19553,35.78683],[139.19487,35.78721],[139.19412,35.78747],[139.1933,35.78793],[139.19297,35.78884],[139.19217,35.78919],[139.19163,35.78879],[139.1912,35.78868],[139.19031,35.78876],[139.18943,35.78907],[139.18879,35.78908],[139.18742,35.78852],[139.18657,35.78791],[139.18618,35.78778],[139.18484,35.78779],[139.18444,35.78784],[139.18333,35.78753],[139.1828,35.7875],[139.18195,35.78763],[139.18153,35.7875],[139.18015,35.78679],[139.17922,35.78613],[139.17786,35.78575],[139.17751,35.78545],[139.17562,35.78486],[139.17407,35.78385],[139.17262,35.78257],[139.17213,35.78221],[139.17095,35.78177],[139.17012,35.78168],[139.16724,35.78112],[139.16657,35.78092],[139.16615,35.78062],[139.16586,35.78016],[139.16568,35.77956],[139.16425,35.77902],[139.16338,35.77856],[139.16304,35.77824]]]},"properties":{"code":"13305","name":"日の出町"}},{"type":"Feature","geometry":{"type":"Polygon","coordinates":[[[139.17141,35.68874],[139.17087,35.68891],[139.17012,35.68951],[139.16972,35.68974],[139.16956,35.69005],[139.16968,35.69087],[139.17066,35.69147],[139.17102,35.69198],[139.17183,35.69264],[139.17227,35.69362],[139.17211,35.69438],[139.17215,35.69578],[139.1726,35.69685],[139.17252,35.69762],[139.1723,35.69819],[139.1724,35.69885],[139.17246,35.70018],[139.17241,35.70094],[139.17211,35.70169],[139.17107,35.7023],[139.17077,35.70255],[139.17032,35.70324],[139.16949,35.70355],[139.16796,35.70406],[139.16734,35.70461],[139.16645,35.70582],[139.16611,35.70601],[139.16532,35.70624],[139.16537,35.70674],[139.1653,35.70767],[139.16509,35.70851],[139.16521,35.70911],[139.16504,35.71019],[139.16532,35.71088],[139.16513,35.71121],[139.16522,35.71155],[139.16576,35.71229],[139.16625,35.71327],[139.16644,35.71406],[139.16627,35.71576],[139.16599,35.71644],[139.1659,35.71717],[139.166,35.71771],[139.16592,35.71817],[139.16573,35.71843],[139.16585,35.71875],[139.16636,35.71901],[139.16676,35.71962],[139.16672,35.71996],[139.16642,35.72036],[139.16703,35.72065],[139.16684,35.72116],[139.16722,35.72177],[139.16724,35.72207],[139.16694,35.7228],[139.16639,35.72264],[139.16549,35.72258],[139.1655,35.72424],[139.16555,35.72506],[139.16542,35.7256],[139.16535,35.7271],[139.16541,35.72735],[139.16611,35.72868],[139.1662,35.7294],[139.1656,35.72996],[139.16498,35.73033],[139.16484,35.73136],[139.16446,35.7318],[139.16432,35.73249],[139.16504,35.73344],[139.16532,35.73421],[139.16548,35.73508],[139.16583,35.7359],[139.16585,35.73618],[139.1653,35.73689],[139.16476,35.73734],[139.16452,35.73776],[139.16437,35.73852],[139.16433,35.73969],[139.16407,35.74063],[139.1641,35.74133],[139.16337,35.74146],[139.16202,35.74219],[139.16146,35.74286],[139.16118,35.74304],[139.15906,35.74352],[139.15779,35.7443],[139.15658,35.7447],[139.15629,35.74499],[139.15601,35.74568],[139.15598,35.74662],[139.15541,35.74741],[139.15421,35.74828],[139.15394,35.74869],[139.15403,35.74901],[139.15393,35.74981],[139.15398,35.7501],[139.15325,35.75056],[139.15195,35.75149],[139.15168,35.75191],[139.15095,35.75277],[139.15031,35.75321],[139.14934,35.75425],[139.14884,35.7543],[139.1474,35.75403],[139.14669,35.75423],[139.14554,35.75466],[139.14483,35.7552],[139.14354,35.75548],[139.14309,35.7555],[139.14212,35.75569],[139.14073,35.75545],[139.14027,35.75602],[139.13993,35.75764],[139.14041,35.75901],[139.14065,35.75923],[139.14164,35.75957],[139.14218,35.75998],[139.14273,35.76009],[139.14385,35.7601],[139.14465,35.76021],[139.14537,35.76078],[139.14552,35.76099],[139.14619,35.76129],[139.14638,35.76169],[139.14714,35.76195],[139.14721,35.76213],[139.1466,35.76268],[139.14559,35.76376],[139.14507,35.76403],[139.14478,35.7647],[139.14436,35.7654],[139.1435,35.76632],[139.14279,35.76662],[139.14115,35.76742],[139.13993,35.76773],[139.13914,35.768],[139.13856,35.76838],[139.13784,35.76899],[139.13741,35.76908],[139.13615,35.77013],[139.1361,35.77026],[139.13456,35.76825],[139.13413,35.76791],[139.1335,35.76764],[139.13322,35.76733],[139.13284,35.76642],[139.13266,35.76623],[139.13201,35.76596],[139.13113,35.76543],[139.13075,35.76512],[139.12982,35.76549],[139.12922,35.76595],[139.12846,35.76682],[139.12821,35.76698],[139.12683,35.76714],[139.12656,35.7673],[139.12557,35.76742],[139.12513,35.7676],[139.12458,35.76842],[139.12376,35.76889],[139.12296,35.76943],[139.12221,35.76963],[139.12115,35.76956],[139.12044,35.77008],[139.11975,35.77038],[139.11929,35.77076],[139.11816,35.77144],[139.11711,35.77144],[139.11678,35.77157],[139.11588,35.77218],[139.11502,35.7726],[139.11435,35.77354],[139.11384,35.77385],[139.1129,35.77415],[139.11232,35.77449],[139.11196,35.7748],[139.1113,35.77506],[139.10972,35.77552],[139.10923,35.77601],[139.10849,35.77648],[139.10754,35.77684],[139.10722,35.77721],[139.10693,35.77775],[139.10611,35.77867],[139.10585,35.77911],[139.10492,35.77902],[139.10416,35.77863],[139.10337,35.7787],[139.10221,35.77838],[139.1012,35.7776],[139.10022,35.7771],[139.09943,35.77684],[139.09853,35.77679],[139.09662,35.77592],[139.09627,35.77535],[139.09539,35.77472],[139.09531,35.77352],[139.09541,35.77268],[139.09493,35.77163],[139.09459,35.77101],[139.09421,35.77056],[139.09342,35.76996],[139.09295,35.76984],[139.09219,35.76989],[139.09143,35.77037],[139.09039,35.76999],[139.09006,35.76998],[139.08906,35.77019],[139.08847,35.77019],[139.08755,35.7707],[139.08678,35.77124],[139.08569,35.77107],[139.08498,35.77061],[139.08355,35.77007],[139.0829,35.7699],[139.08172,35.76989],[139.08007,35.7701],[139.07935,35.77039],[139.07901,35.7707],[139.07848,35.77098],[139.07768,35.77103],[139.07691,35.77138],[139.07634,35.77174],[139.07503,35.772],[139.07477,35.77183],[139.0745,35.77129],[139.07359,35.77003],[139.07328,35.76973],[139.07258,35.76953],[139.07213,35.7691],[139.0706,35.76852],[139.07009,35.76806],[139.06904,35.76686],[139.06825,35.76684],[139.06804,35.76674],[139.06729,35.76605],[139.06649,35.76564],[139.06582,35.76546],[139.06528,35.76544],[139.06362,35.7656],[139.06283,35.76498],[139.06213,35.7647],[139.06095,35.7641],[139.05976,35.76412],[139.05886,35.76438],[139.0583,35.76439],[139.05776,35.76418],[139.05693,35.76366],[139.05661,35.76329],[139.05591,35.76193],[139.05576,35.76128],[139.05537,35.76067],[139.05489,35.76018],[139.05415,35.7598],[139.05319,35.75965],[139.05206,35.75978],[139.05056,35.75974],[139.04977,35.76],[139.04917,35.76006],[139.0482,35.75988],[139.04758,35.75955],[139.04712,35.75894],[139.04641,35.75832],[139.04579,35.75805],[139.04454,35.75791],[139.04388,35.75762],[139.04312,35.75767],[139.04272,35.7574],[139.04265,35.75715],[139.04289,35.75589],[139.0427,35.75511],[139.04208,35.75412],[139.04132,35.75322],[139.0408,35.75241],[139.04048,35.75137],[139.04007,35.75138],[139.03997,35.75086],[139.03969,35.75041],[139.03968,35.75011],[139.04067,35.74874],[139.04108,35.74783],[139.04117,35.74725],[139.04114,35.74662],[139.04138,35.74606],[139.04069,35.74514],[139.03987,35.74451],[139.03858,35.7439],[139.03743,35.74367],[139.03694,35.74332],[139.03618,35.743],[139.03554,35.74254],[139.03521,35.74241],[139.03446,35.74246],[139.03381,35.74291],[139.03348,35.74304],[139.03322,35.74335],[139.03278,35.74349],[139.03197,35.74419],[139.03158,35.74436],[139.031,35.74429],[139.02964,35.74445],[139.02896,35.74428],[139.02832,35.74452],[139.02786,35.74429],[139.02737,35.74353],[139.02731,35.74275],[139.02712,35.74238],[139.02641,35.74198],[139.02595,35.74189],[139.02491,35.74153],[139.02401,35.74129],[139.02341,35.74103],[139.0222,35.74031],[139.02168,35.74013],[139.02,35.74009],[139.01795,35.73969],[139.01748,35.73964],[139.01722,35.73923],[139.01659,35.73909],[139.01602,35.73913],[139.01557,35.73882],[139.01462,35.73858],[139.01399,35.7387],[139.01359,35.73914],[139.01256,35.739],[139.01229,35.73867],[139.01242,35.73849],[139.01291,35.73688],[139.01343,35.73607],[139.01379,35.73499],[139.01452,35.73436],[139.01498,35.73323],[139.01575,35.73311],[139.01666,35.73203],[139.01796,35.73111],[139.01804,35.7306],[139.0183,35.73012],[139.01917,35.72898],[139.02001,35.72816],[139.02048,35.72779],[139.0209,35.72728],[139.02145,35.72622],[139.02199,35.72504],[139.02213,35.72441],[139.02195,35.72318],[139.02208,35.72266],[139.02253,35.72199],[139.02294,35.7216],[139.02377,35.72107],[139.02412,35.72053],[139.02466,35.71989],[139.02547,35.71915],[139.02637,35.71867],[139.02692,35.7181],[139.02806,35.71747],[139.02898,35.71677],[139.02974,35.71641],[139.03026,35.71629],[139.03139,35.71632],[139.03235,35.71621],[139.03292,35.71597],[139.03331,35.71558],[139.03396,35.71524],[139.03478,35.71496],[139.03616,35.71353],[139.03664,35.71322],[139.03717,35.71301],[139.03776,35.71257],[139.03822,35.71177],[139.03872,35.71129],[139.03903,35.71112],[139.03957,35.71108],[139.04014,35.71088],[139.04069,35.71087],[139.04215,35.71022],[139.04284,35.70975],[139.04338,35.70957],[139.04421,35.70945],[139.04589,35.70947],[139.04625,35.70938],[139.04667,35.70948],[139.04738,35.70925],[139.04771,35.70896],[139.04795,35.70834],[139.04842,35.70801],[139.04905,35.70779],[139.04967,35.70774],[139.05033,35.70734],[139.05068,35.70737],[139.05104,35.70679],[139.05162,35.70618],[139.05185,35.7058],[139.05202,35.7049],[139.05262,35.70481],[139.05318,35.70459],[139.05449,35.70387],[139.05619,35.70304],[139.05777,35.70255],[139.05854,35.70207],[139.06143,35.70131],[139.06272,35.70073],[139.06312,35.70046],[139.06425,35.69927],[139.06486,35.69815],[139.06531,35.69784],[139.06586,35.69785],[139.06674,35.6984],[139.06785,35.69831],[139.06897,35.69791],[139.07061,35.69763],[139.07154,35.69651],[139.07211,35.69541],[139.07296,35.69534],[139.07386,35.69543],[139.07429,35.69558],[139.07481,35.69556],[139.07511,35.6954],[139.07549,35.69497],[139.07655,35.6949],[139.0771,35.6951],[139.07792,35.69563],[139.07869,35.69573],[139.07931,35.69563],[139.08166,35.69552],[139.08201,35.69555],[139.08228,35.69538],[139.08307,35.69452],[139.08358,35.69438],[139.0844,35.69308],[139.08571,35.6931],[139.08611,35.6929],[139.087,35.6921],[139.08813,35.69163],[139.08918,35.69147],[139.09013,35.69109],[139.09087,35.69095],[139.09225,35.69057],[139.09297,35.69147],[139.09354,35.69148],[139.09389,35.69131],[139.09466,35.69138],[139.09542,35.69107],[139.09571,35.69112],[139.09606,35.69148],[139.09711,35.69227],[139.09741,35.69233],[139.09832,35.69224],[139.09928,35.69235],[139.10002,35.69201],[139.10144,35.69176],[139.10332,35.69139],[139.10388,35.69113],[139.10502,35.69085],[139.10562,35.69102],[139.1063,35.69067],[139.10716,35.69037],[139.10826,35.68974],[139.10868,35.68915],[139.10909,35.68873],[139.10993,35.68806],[139.11049,35.68774],[139.11087,35.68716],[139.11105,35.68666],[139.11135,35.68627],[139.11228,35.68543],[139.11262,35.68496],[139.11302,35.68481],[139.11363,35.68436],[139.11438,35.68436],[139.11503,35.68407],[139.1159,35.6839],[139.11634,35.68389],[139.11691,35.68331],[139.11893,35.68149],[139.11913,35.68123],[139.11935,35.68051],[139.11971,35.68013],[139.1204,35.67991],[139.12107,35.67941],[139.12143,35.67929],[139.12234,35.6787],[139.12271,35.67838],[139.12333,35.67752],[139.12357,35.67747],[139.12413,35.67774],[139.12483,35.67771],[139.12547,35.67738],[139.12685,35.67686],[139.12774,35.67625],[139.12872,35.67538],[139.12962,35.6742],[139.12985,35.67358],[139.13065,35.67284],[139.13104,35.67205],[139.13136,35.67199],[139.13191,35.67238],[139.13352,35.6729],[139.13575,35.67232],[139.13634,35.67245],[139.13673,35.67241],[139.13784,35.67154],[139.13812,35.67136],[139.13893,35.67054],[139.13946,35.67046],[139.14026,35.67061],[139.14076,35.67058],[139.14123,35.6704],[139.14285,35.66996],[139.1429,35.66935],[139.14344,35.66888],[139.14436,35.66859],[139.14567,35.66747],[139.14626,35.66711],[139.14716,35.66682],[139.14901,35.6668],[139.1514,35.66672],[139.15313,35.66632],[139.1536,35.66602],[139.15431,35.66615],[139.15549,35.66652],[139.15615,35.66661],[139.15708,35.66646],[139.15742,35.66677],[139.15838,35.66707],[139.15934,35.66752],[139.16026,35.66776],[139.1616,35.66791],[139.16206,35.66814],[139.16294,35.66889],[139.16359,35.66922],[139.16382,35.66966],[139.16456,35.6701],[139.16477,35.67045],[139.16475,35.67124],[139.16501,35.67165],[139.16551,35.67211],[139.16582,35.67286],[139.16606,35.67423],[139.16598,35.67499],[139.16616,35.67542],[139.16677,35.67601],[139.16761,35.6765],[139.16805,35.67699],[139.16825,35.67745],[139.16842,35.67813],[139.1686,35.6784],[139.16958,35.67938],[139.17,35.68011],[139.16988,35.68088],[139.16999,35.6814],[139.17041,35.68203],[139.17053,35.68288],[139.1708,35.68347],[139.17175,35.68401],[139.17173,35.68462],[139.17114,35.68589],[139.17169,35.68723],[139.1717,35.68808],[139.17141,35.68874]]]},"properties":{"code":"13307","name":"檜原村"}},{"type":"Feature","geometry":{"type":"Polygon","coordinates":[[[139.16353,35.85087],[139.16325,35.85097],[139.16215,35.85211],[139.16149,35.8533],[139.16126,35.85418],[139.1608,35.85483],[139.16,35.85564],[139.15973,35.8561],[139.1594,35.85707],[139.15877,35.8574],[139.15725,35.85778],[139.15665,35.85799],[139.15553,35.85848],[139.15512,35.85857],[139.15427,35.8591],[139.15343,35.85927],[139.15283,35.85955],[139.15244,35.85989],[139.15149,35.86049],[139.15028,35.86094],[139.14977,35.86124],[139.14845,35.86229],[139.14754,35.86271],[139.14678,35.86285],[139.14556,35.86292],[139.14436,35.86286],[139.14372,35.86317],[139.14307,35.86339],[139.14196,35.86325],[139.14119,35.86342],[139.14037,35.86378],[139.13979,35.86378],[139.13891,35.86401],[139.13818,35.86437],[139.13649,35.8649],[139.13571,35.86532],[139.13536,35.86539],[139.134,35.86505],[139.13319,35.86458],[139.13248,35.86444],[139.13124,35.86447],[139.1307,35.86473],[139.13032,35.86506],[139.1292,35.86556],[139.12781,35.86555],[139.12742,35.86564],[139.12681,35.86531],[139.12608,35.86504],[139.12566,35.86505],[139.12416,35.86486],[139.12316,35.86507],[139.12182,35.86493],[139.11988,35.86434],[139.11927,35.86429],[139.11825,35.8645],[139.11735,35.86459],[139.11601,35.86446],[139.11524,35.86472],[139.11445,35.86537],[139.11331,35.86516],[139.11173,35.86468],[139.10967,35.86571],[139.10819,35.86566],[139.10698,35.86575],[139.10613,35.86592],[139.10551,35.86625],[139.10439,35.86633],[139.10268,35.86658],[139.10219,35.86647],[139.10186,35.86623],[139.10144,35.86572],[139.10112,35.86603],[139.10028,35.86719],[139.09949,35.86791],[139.09909,35.86867],[139.09785,35.86887],[139.09606,35.86938],[139.0945,35.86951],[139.09339,35.86928],[139.09284,35.86929],[139.09166,35.86903],[139.09086,35.86968],[139.09026,35.87006],[139.08923,35.87103],[139.08826,35.87151],[139.08769,35.87189],[139.08646,35.87246],[139.08588,35.87281],[139.08399,35.87343],[139.08331,35.87396],[139.08254,35.87487],[139.08134,35.875],[139.07997,35.87532],[139.07867,35.87539],[139.07776,35.87534],[139.07655,35.87502],[139.07569,35.87462],[139.0749,35.87409],[139.07427,35.87328],[139.07323,35.87238],[139.07255,35.87172],[139.07205,35.87158],[139.07045,35.87155],[139.06992,35.87162],[139.06956,35.87183],[139.06873,35.87206],[139.06706,35.8724],[139.0662,35.8728],[139.06522,35.87272],[139.06457,35.87285],[139.06419,35.87308],[139.0632,35.87334],[139.062,35.87353],[139.06145,35.87371],[139.06014,35.87463],[139.05943,35.87483],[139.05919,35.87505],[139.0582,35.87718],[139.05782,35.8775],[139.05667,35.87757],[139.05558,35.87746],[139.05384,35.87789],[139.0524,35.87819],[139.05117,35.87825],[139.04984,35.87883],[139.0489,35.8802],[139.04866,35.88075],[139.04833,35.88121],[139.04729,35.8815],[139.04699,35.88182],[139.04663,35.88241],[139.04622,35.88282],[139.04575,35.88343],[139.04526,35.88367],[139.04454,35.88377],[139.0435,35.88473],[139.04311,35.88538],[139.04287,35.8856],[139.04197,35.88601],[139.04079,35.88616],[139.04035,35.88631],[139.03911,35.88722],[139.03817,35.88858],[139.03761,35.88909],[139.03662,35.88958],[139.03528,35.89013],[139.03498,35.8904],[139.03404,35.89093],[139.03253,35.89161],[139.03072,35.89223],[139.02933,35.89291],[139.02678,35.89468],[139.02624,35.89509],[139.02545,35.89553],[139.02497,35.89599],[139.02411,35.8972],[139.02356,35.89736],[139.02216,35.89715],[139.02089,35.89716],[139.02035,35.89736],[139.01941,35.89813],[139.0188,35.89838],[139.0184,35.89842],[139.01572,35.89818],[139.01338,35.89826],[139.01288,35.89812],[139.01158,35.89748],[139.01055,35.8971],[139.01032,35.89717],[139.00953,35.89639],[139.0087,35.89538],[139.00752,35.89447],[139.00681,35.89364],[139.00665,35.89286],[139.00654,35.891],[139.00669,35.88983],[139.00666,35.88962],[139.00568,35.88824],[139.00496,35.88738],[139.00439,35.88705],[139.00354,35.88669],[139.00289,35.88622],[139.00116,35.8842],[139.00076,35.884],[138.99938,35.88421],[138.99833,35.88426],[138.99712,35.88415],[138.9966,35.88443],[138.99588,35.88445],[138.99521,35.88414],[138.99458,35.88326],[138.99327,35.88309],[138.99227,35.88251],[138.99137,35.88215],[138.98987,35.88168],[138.98875,35.88115],[138.98809,35.88115],[138.98721,35.88134],[138.98628,35.88131],[138.98526,35.88118],[138.98427,35.88181],[138.98367,35.88256],[138.98306,35.88299],[138.9824,35.88335],[138.981,35.88397],[138.98029,35.88447],[138.97947,35.8849],[138.97893,35.88501],[138.97783,35.8845],[138.97759,35.88429],[138.97678,35.88396],[138.9759,35.88324],[138.97501,35.88299],[138.9741,35.88268],[138.97303,35.88212],[138.97249,35.88198],[138.97044,35.88199],[138.96802,35.88221],[138.96758,35.88203],[138.96726,35.8816],[138.9667,35.88064],[138.96674,35.87964],[138.96641,35.87897],[138.9652,35.87779],[138.96468,35.87754],[138.96372,35.87737],[138.96284,35.87695],[138.96208,35.87675],[138.96132,35.87687],[138.96008,35.87678],[138.95894,35.87649],[138.95821,35.87621],[138.95697,35.87597],[138.95619,35.87556],[138.95523,35.8753],[138.95446,35.87491],[138.95439,35.87418],[138.95424,35.87387],[138.95387,35.87363],[138.95226,35.87216],[138.95112,35.87098],[138.95068,35.87028],[138.94993,35.86949],[138.94926,35.86902],[138.94867,35.86898],[138.94823,35.86881],[138.94712,35.8688],[138.94637,35.86868],[138.94544,35.86827],[138.94514,35.86793],[138.94533,35.86704],[138.94579,35.86655],[138.94599,35.86587],[138.946,35.86532],[138.94655,35.86459],[138.94654,35.86436],[138.94576,35.86354],[138.94501,35.86291],[138.94447,35.86179],[138.94407,35.86132],[138.9439,35.86086],[138.94327,35.86062],[138.94287,35.86016],[138.94306,35.85971],[138.94303,35.8591],[138.94322,35.85819],[138.94302,35.8572],[138.94337,35.85644],[138.94375,35.856],[138.9439,35.85539],[138.94393,35.85482],[138.94415,35.85456],[138.94459,35.85465],[138.94518,35.85445],[138.94575,35.85409],[138.94612,35.85373],[138.9468,35.85284],[138.94721,35.85212],[138.94747,35.85144],[138.94786,35.85096],[138.948,35.85042],[138.94855,35.84954],[138.9486,35.84907],[138.94842,35.84839],[138.94787,35.84776],[138.94777,35.8468],[138.94793,35.84573],[138.94798,35.84482],[138.9476,35.84366],[138.94734,35.8433],[138.94748,35.84271],[138.94791,35.84215],[138.9484,35.84171],[138.94912,35.84047],[138.9495,35.84014],[138.9502,35.83935],[138.95106,35.83862],[138.95183,35.83812],[138.95264,35.83732],[138.95326,35.83652],[138.95411,35.836],[138.95529,35.83495],[138.95596,35.83462],[138.9566,35.83398],[138.95751,35.8333],[138.95832,35.83291],[138.95854,35.83269],[138.95908,35.83154],[138.95951,35.83121],[138.96048,35.83097],[138.96139,35.83066],[138.96177,35.83027],[138.96182,35.82999],[138.9622,35.82961],[138.96268,35.8294],[138.96351,35.82929],[138.96425,35.82938],[138.96592,35.83014],[138.96684,35.83024],[138.96738,35.83054],[138.9693,35.83138],[138.96977,35.83123],[138.96978,35.83061],[138.97027,35.82883],[138.97027,35.82839],[138.97048,35.82736],[138.97014,35.82599],[138.97009,35.825],[138.96973,35.82451],[138.96973,35.82373],[138.96965,35.82273],[138.97007,35.82128],[138.96998,35.82026],[138.96956,35.81953],[138.96945,35.81885],[138.96959,35.81846],[138.96976,35.81745],[138.96963,35.81621],[138.96977,35.81585],[138.97148,35.81478],[138.97185,35.81438],[138.97206,35.8137],[138.9719,35.813],[138.97209,35.81256],[138.97221,35.81113],[138.97195,35.81051],[138.97108,35.80998],[138.97079,35.80923],[138.97098,35.80875],[138.97094,35.80796],[138.97063,35.80696],[138.97059,35.8057],[138.97021,35.80502],[138.97032,35.80458],[138.971,35.80403],[138.97124,35.8037],[138.9714,35.80308],[138.97111,35.80142],[138.97138,35.80045],[138.97137,35.80006],[138.9718,35.799],[138.97242,35.79841],[138.97305,35.79813],[138.97341,35.79781],[138.97397,35.79693],[138.97452,35.79515],[138.97478,35.79483],[138.97524,35.79475],[138.97565,35.7945],[138.97592,35.79373],[138.97669,35.79329],[138.97711,35.79275],[138.97714,35.79238],[138.97681,35.79208],[138.97631,35.79211],[138.97608,35.79187],[138.97606,35.79109],[138.97644,35.79011],[138.97637,35.78991],[138.97688,35.78903],[138.97754,35.78853],[138.97909,35.78781],[138.97952,35.78709],[138.98014,35.78707],[138.98055,35.7873],[138.9811,35.78729],[138.98188,35.78708],[138.98251,35.78653],[138.98366,35.78594],[138.98464,35.78574],[138.98505,35.78527],[138.98466,35.78418],[138.98469,35.78384],[138.98498,35.78345],[138.98605,35.78268],[138.98643,35.78225],[138.9861,35.78166],[138.98617,35.78144],[138.98671,35.78123],[138.9867,35.78089],[138.98613,35.77978],[138.98596,35.77849],[138.98564,35.77805],[138.98568,35.77725],[138.98544,35.77565],[138.98532,35.77442],[138.98511,35.77395],[138.98423,35.77324],[138.98389,35.77277],[138.98366,35.77202],[138.98392,35.77127],[138.9839,35.77016],[138.98377,35.76948],[138.98428,35.76878],[138.9843,35.76799],[138.9844,35.76776],[138.98511,35.76718],[138.98651,35.76646],[138.98688,35.76594],[138.98734,35.76503],[138.98782,35.76471],[138.98824,35.76419],[138.98898,35.76384],[138.98936,35.76349],[138.9896,35.76289],[138.99003,35.76211],[138.99013,35.7615],[138.99064,35.7608],[138.99102,35.75953],[138.99123,35.75914],[138.9925,35.75793],[138.99275,35.75758],[138.99275,35.75696],[138.99243,35.75552],[138.99348,35.75494],[138.99407,35.75454],[138.99513,35.75406],[138.99561,35.75377],[138.99603,35.7533],[138.99653,35.75255],[138.99722,35.75198],[138.99769,35.75185],[138.99824,35.75144],[138.99883,35.75114],[138.99988,35.75078],[139.00038,35.75049],[139.00194,35.75015],[139.00321,35.7505],[139.00382,35.75056],[139.00516,35.75045],[139.00502,35.74958],[139.00518,35.74896],[139.00569,35.74813],[139.00642,35.74714],[139.00712,35.74627],[139.00762,35.74581],[139.00817,35.74546],[139.00859,35.7444],[139.00947,35.74354],[139.01039,35.74229],[139.01063,35.74179],[139.01068,35.74122],[139.01143,35.74059],[139.01175,35.73956],[139.01188,35.73886],[139.01229,35.73867],[139.01256,35.739],[139.01359,35.73914],[139.01399,35.7387],[139.01462,35.73858],[139.01557,35.73882],[139.01602,35.73913],[139.01659,35.73909],[139.01722,35.73923],[139.01748,35.73964],[139.01795,35.73969],[139.02,35.74009],[139.02168,35.74013],[139.0222,35.74031],[139.02341,35.74103],[139.02401,35.74129],[139.02491,35.74153],[139.02595,35.74189],[139.02641,35.74198],[139.02712,35.74238],[139.02731,35.74275],[139.02737,35.74353],[139.02786,35.74429],[139.02832,35.74452],[139.02896,35.74428],[139.02964,35.74445],[139.031,35.74429],[139.03158,35.74436],[139.03197,35.74419],[139.03278,35.74349],[139.03322,35.74335],[139.03348,35.74304],[139.03381,35.74291],[139.03446,35.74246],[139.03521,35.74241],[139.03554,35.74254],[139.03618,35.743],[139.03694,35.74332],[139.03743,35.74367],[139.03858,35.7439],[139.03987,35.74451],[139.04069,35.74514],[139.04138,35.74606],[139.04114,35.74662],[139.04117,35.74725],[139.04108,35.74783],[139.04067,35.74874],[139.03968,35.75011],[139.03969,35.75041],[139.03997,35.75086],[139.04007,35.75138],[139.04048,35.75137],[139.0408,35.75241],[139.04132,35.75322],[139.04208,35.75412],[139.0427,35.75511],[139.04289,35.75589],[139.04265,35.75715],[139.04272,35.7574],[139.04312,35.75767],[139.04388,35.75762],[139.04454,35.75791],[139.04579,35.75805],[139.04641,35.75832],[139.04712,35.75894],[139.04758,35.75955],[139.0482,35.75988],[139.04917,35.76006],[139.04977,35.76],[139.05056,35.75974],[139.05206,35.75978],[139.05319,35.75965],[139.05415,35.7598],[139.05489,35.76018],[139.05537,35.76067],[139.05576,35.76128],[139.05591,35.76193],[139.05661,35.76329],[139.05693,35.76366],[139.05776,35.76418],[139.0583,35.76439],[139.05886,35.76438],[139.05976,35.76412],[139.06095,35.7641],[139.06213,35.7647],[139.06283,35.76498],[139.06362,35.7656],[139.06528,35.76544],[139.06582,35.76546],[139.06649,35.76564],[139.06729,35.76605],[139.06804,35.76674],[139.06825,35.76684],[139.06904,35.76686],[139.07009,35.76806],[139.0706,35.76852],[139.07213,35.7691],[139.07258,35.76953],[139.07328,35.76973],[139.07359,35.77003],[139.0745,35.77129],[139.07477,35.77183],[139.07503,35.772],[139.07634,35.77174],[139.07691,35.77138],[139.07768,35.77103],[139.07848,35.77098],[139.07901,35.7707],[139.07935,35.77039],[139.08007,35.7701],[139.08172,35.76989],[139.0829,35.7699],[139.08355,35.77007],[139.08498,35.77061],[139.08569,35.77107],[139.08678,35.77124],[139.08755,35.7707],[139.08847,35.77019],[139.08906,35.77019],[139.09006,35.76998],[139.09039,35.76999],[139.09143,35.77037],[139.09219,35.76989],[139.09295,35.76984],[139.09342,35.76996],[139.09421,35.77056],[139.09459,35.77101],[139.09493,35.77163],[139.09541,35.77268],[139.09531,35.77352],[139.09539,35.77472],[139.09627,35.77535],[139.09662,35.77592],[139.09853,35.77679],[139.09943,35.77684],[139.10022,35.7771],[139.1012,35.7776],[139.10221,35.77838],[139.10337,35.7787],[139.10416,35.77863],[139.10492,35.77902],[139.10585,35.77911],[139.10611,35.77867],[139.10693,35.77775],[139.10722,35.77721],[139.10754,35.77684],[139.10849,35.77648],[139.10923,35.77601],[139.10972,35.77552],[139.1113,35.77506],[139.11196,35.7748],[139.11232,35.77449],[139.1129,35.77415],[139.11384,35.77385],[139.11435,35.77354],[139.11502,35.7726],[139.11588,35.77218],[139.11678,35.77157],[139.11711,35.77144],[139.11816,35.77144],[139.11929,35.77076],[139.11975,35.77038],[139.12044,35.77008],[139.12115,35.76956],[139.12221,35.76963],[139.12296,35.76943],[139.12376,35.76889],[139.12458,35.76842],[139.12513,35.7676],[139.12557,35.76742],[139.12656,35.7673],[139.12683,35.76714],[139.12821,35.76698],[139.12846,35.76682],[139.12922,35.76595],[139.12982,35.76549],[139.13075,35.76512],[139.13113,35.76543],[139.13201,35.76596],[139.13266,35.76623],[139.13284,35.76642],[139.13322,35.76733],[139.1335,35.76764],[139.13413,35.76791],[139.13456,35.76825],[139.1361,35.77026],[139.13624,35.77068],[139.13663,35.77105],[139.13696,35.7718],[139.13764,35.77243],[139.13774,35.77278],[139.13771,35.7743],[139.13746,35.77504],[139.13739,35.77575],[139.13742,35.77643],[139.13727,35.7771],[139.13732,35.77755],[139.13716,35.77804],[139.13743,35.77838],[139.13834,35.77885],[139.13926,35.77887],[139.13967,35.77904],[139.14048,35.77899],[139.14095,35.77951],[139.14176,35.77977],[139.1425,35.78084],[139.14281,35.78105],[139.14372,35.78098],[139.14508,35.78127],[139.14557,35.78151],[139.14627,35.7816],[139.14664,35.78143],[139.14739,35.78187],[139.14781,35.78202],[139.14709,35.78317],[139.14699,35.78415],[139.14678,35.78463],[139.14688,35.78506],[139.14648,35.78575],[139.14742,35.78608],[139.14736,35.78697],[139.14699,35.78712],[139.14665,35.78746],[139.14663,35.78769],[139.14689,35.78821],[139.14729,35.78855],[139.14757,35.78901],[139.14754,35.78988],[139.14773,35.79048],[139.14756,35.79163],[139.14696,35.79219],[139.14678,35.79263],[139.14692,35.79303],[139.14784,35.79386],[139.14873,35.79446],[139.14982,35.79638],[139.15029,35.79668],[139.15081,35.79663],[139.15155,35.79695],[139.15273,35.79704],[139.15408,35.79754],[139.15464,35.79769],[139.15527,35.79819],[139.15631,35.79863],[139.1571,35.79853],[139.15826,35.79829],[139.15914,35.79843],[139.16016,35.79883],[139.16093,35.7992],[139.16173,35.8],[139.16223,35.80008],[139.16277,35.8003],[139.16379,35.80084],[139.16482,35.8016],[139.1659,35.80153],[139.16732,35.80173],[139.16855,35.80251],[139.16941,35.80271],[139.17017,35.80311],[139.17112,35.80335],[139.17153,35.80355],[139.17164,35.80398],[139.17167,35.80509],[139.17187,35.8052],[139.17315,35.80643],[139.17365,35.80679],[139.17457,35.80703],[139.17551,35.80684],[139.17579,35.8075],[139.17581,35.80814],[139.17528,35.80891],[139.17503,35.80955],[139.17493,35.8103],[139.17462,35.81093],[139.17465,35.81196],[139.17433,35.81237],[139.17421,35.81283],[139.1743,35.81333],[139.17465,35.81415],[139.17498,35.81519],[139.17581,35.81638],[139.17629,35.81735],[139.17667,35.81825],[139.17699,35.81943],[139.17741,35.82019],[139.17725,35.8208],[139.17672,35.82128],[139.17663,35.82161],[139.17683,35.822],[139.17664,35.82296],[139.17609,35.82414],[139.17591,35.82468],[139.17586,35.82541],[139.17564,35.82605],[139.17524,35.82683],[139.17526,35.82719],[139.17589,35.82774],[139.1771,35.82929],[139.17794,35.83018],[139.17843,35.83059],[139.17778,35.83094],[139.17761,35.83115],[139.17762,35.83184],[139.17736,35.83276],[139.1769,35.83306],[139.17693,35.83337],[139.17724,35.83392],[139.17721,35.83445],[139.17735,35.83515],[139.17677,35.83547],[139.1763,35.83591],[139.17534,35.83607],[139.17471,35.83654],[139.17433,35.83711],[139.17434,35.83792],[139.17388,35.83799],[139.17327,35.83828],[139.17224,35.83956],[139.17206,35.83989],[139.17172,35.84003],[139.17109,35.83998],[139.17015,35.84052],[139.16955,35.84052],[139.1693,35.84113],[139.16849,35.84124],[139.16789,35.84187],[139.16707,35.84232],[139.16612,35.84297],[139.16597,35.84328],[139.16642,35.84435],[139.16642,35.84457],[139.16586,35.8452],[139.16559,35.84592],[139.1651,35.84639],[139.1647,35.84725],[139.16376,35.84792],[139.16339,35.84848],[139.1629,35.84876],[139.16268,35.84906],[139.16258,35.84955],[139.16315,35.85026],[139.16353,35.85087]]]},"properties":{"code":"13308","name":"奥多摩町"}},{"type":"Feature","geometry":{"type":"MultiPolygon","coordinates":[[[[139.44501,34.68333],[139.44464,34.68342],[139.4453,34.68218],[139.44555,34.68226],[139.44501,34.68333]]],[[[139.375,34.69758],[139.37473,34.69714],[139.37548,34.69678],[139.3758,34.69682],[139.37661,34.69585],[139.37683,34.6962],[139.37717,34.69568],[139.37761,34.69588],[139.37828,34.69601],[139.37861,34.69596],[139.37948,34.69616],[139.38067,34.69585],[139.38218,34.695],[139.38396,34.69363],[139.38353,34.69293],[139.38383,34.69271],[139.3843,34.69277],[139.3846,34.69252],[139.38469,34.69201],[139.38513,34.69186],[139.38564,34.69134],[139.38592,34.69129],[139.38616,34.69081],[139.38615,34.69046],[139.38633,34.69017],[139.38729,34.68996],[139.38793,34.68951],[139.38815,34.68914],[139.3886,34.68921],[139.38902,34.68898],[139.38972,34.68837],[139.39009,34.68815],[139.39054,34.6877],[139.391,34.68778],[139.39124,34.68714],[139.39088,34.68665],[139.3915,34.68648],[139.39191,34.6869],[139.39269,34.687],[139.39293,34.68734],[139.39322,34.68704],[139.39392,34.68735],[139.39409,34.68699],[139.39445,34.68723],[139.39472,34.6872],[139.39475,34.68615],[139.39496,34.68572],[139.39539,34.68531],[139.39517,34.68491],[139.39573,34.68444],[139.39573,34.68393],[139.39642,34.68396],[139.39673,34.68383],[139.39726,34.68389],[139.39726,34.68358],[139.39816,34.68395],[139.39877,34.6838],[139.39942,34.68409],[139.39994,34.68386],[139.40004,34.68337],[139.40023,34.68325],[139.40015,34.68272],[139.40086,34.68231],[139.40199,34.68194],[139.4027,34.68205],[139.40279,34.68238],[139.40411,34.68256],[139.40486,34.68233],[139.40551,34.68164],[139.40619,34.68158],[139.40647,34.68118],[139.40697,34.68112],[139.40851,34.68072],[139.4088,34.68105],[139.40934,34.68071],[139.41027,34.68064],[139.41059,34.68092],[139.41055,34.68116],[139.41097,34.68131],[139.41134,34.68162],[139.41181,34.68139],[139.41229,34.68142],[139.41291,34.68182],[139.41364,34.68136],[139.41477,34.68135],[139.41501,34.68109],[139.41454,34.6809],[139.4138,34.68102],[139.4132,34.68093],[139.41325,34.68072],[139.4139,34.68084],[139.41449,34.68069],[139.41518,34.68091],[139.41548,34.6812],[139.41593,34.68085],[139.4161,34.68111],[139.41721,34.68122],[139.41735,34.68138],[139.41802,34.68146],[139.41884,34.68182],[139.4192,34.68189],[139.4208,34.68241],[139.42182,34.68254],[139.42221,34.68253],[139.42285,34.68226],[139.42356,34.6821],[139.42395,34.68223],[139.42406,34.68274],[139.42527,34.68267],[139.42582,34.68237],[139.42593,34.68204],[139.42677,34.68109],[139.42746,34.68117],[139.42803,34.68139],[139.42824,34.68131],[139.42829,34.68078],[139.42901,34.68057],[139.42909,34.67989],[139.42949,34.67971],[139.42952,34.67944],[139.43004,34.67928],[139.43003,34.67876],[139.43071,34.67856],[139.43121,34.67853],[139.43116,34.67889],[139.43192,34.67902],[139.43211,34.67866],[139.43254,34.67876],[139.43375,34.6782],[139.43523,34.6781],[139.43631,34.67847],[139.43738,34.67847],[139.43868,34.67867],[139.43889,34.67902],[139.43941,34.67916],[139.44004,34.67958],[139.44025,34.67988],[139.44007,34.68034],[139.44065,34.68064],[139.44044,34.68111],[139.441,34.68122],[139.44185,34.68118],[139.44255,34.68129],[139.44273,34.68159],[139.44066,34.68127],[139.44043,34.68139],[139.44031,34.68181],[139.44078,34.68199],[139.44039,34.68241],[139.44031,34.68279],[139.43946,34.68339],[139.43955,34.6837],[139.43914,34.68405],[139.43855,34.68487],[139.43849,34.68517],[139.43777,34.6851],[139.43725,34.68585],[139.43722,34.68625],[139.43682,34.68646],[139.43638,34.68754],[139.43659,34.68809],[139.43721,34.68874],[139.43787,34.6887],[139.43878,34.6882],[139.43928,34.68773],[139.43941,34.68723],[139.43891,34.68669],[139.43935,34.68546],[139.43987,34.68528],[139.44093,34.68522],[139.44159,34.68496],[139.44224,34.68484],[139.44248,34.68455],[139.44287,34.68442],[139.44366,34.68432],[139.44411,34.68457],[139.44474,34.68454],[139.44482,34.68492],[139.44469,34.68579],[139.44447,34.68625],[139.4446,34.68695],[139.44444,34.68733],[139.44449,34.68783],[139.44432,34.68811],[139.4443,34.68858],[139.44462,34.68935],[139.4452,34.68949],[139.44579,34.68984],[139.44605,34.69031],[139.44596,34.69058],[139.44628,34.69134],[139.44625,34.69192],[139.44661,34.6925],[139.44658,34.69293],[139.44695,34.69346],[139.44724,34.6941],[139.44761,34.69452],[139.44811,34.69478],[139.44874,34.69489],[139.44899,34.69511],[139.44939,34.69586],[139.45,34.69653],[139.4499,34.69705],[139.44942,34.69741],[139.44937,34.69799],[139.44954,34.69828],[139.44898,34.69871],[139.44887,34.69899],[139.44772,34.69999],[139.44729,34.70023],[139.44593,34.70056],[139.44548,34.70117],[139.44551,34.70147],[139.44502,34.70191],[139.4443,34.70232],[139.4437,34.70298],[139.4436,34.70364],[139.44365,34.70492],[139.44379,34.70587],[139.4437,34.7067],[139.44385,34.70708],[139.44404,34.70833],[139.44418,34.70894],[139.44438,34.70923],[139.44455,34.71015],[139.4449,34.71069],[139.44544,34.7109],[139.446,34.71149],[139.4463,34.71156],[139.44683,34.71197],[139.44741,34.71191],[139.44747,34.7122],[139.44788,34.71254],[139.44817,34.71256],[139.44869,34.71313],[139.44898,34.71318],[139.44884,34.71383],[139.44911,34.71443],[139.44906,34.7147],[139.44932,34.7151],[139.44964,34.71533],[139.44927,34.71564],[139.44935,34.71607],[139.44919,34.71676],[139.44893,34.7169],[139.44882,34.71728],[139.44899,34.71785],[139.44889,34.71823],[139.44902,34.71869],[139.44878,34.7196],[139.44899,34.71988],[139.44839,34.71999],[139.44825,34.72023],[139.44747,34.72072],[139.44744,34.72132],[139.44611,34.72243],[139.44593,34.72293],[139.44643,34.72343],[139.44621,34.72368],[139.44562,34.7236],[139.44519,34.72462],[139.44482,34.72521],[139.44474,34.726],[139.44475,34.72679],[139.44483,34.72714],[139.44521,34.72777],[139.44549,34.72807],[139.44518,34.72946],[139.44493,34.72994],[139.44509,34.73028],[139.44504,34.73073],[139.44451,34.73107],[139.44434,34.73146],[139.4441,34.73141],[139.44388,34.73199],[139.44404,34.73295],[139.44428,34.73332],[139.44462,34.7335],[139.44423,34.73378],[139.44449,34.73401],[139.4448,34.73454],[139.44489,34.73507],[139.44534,34.73524],[139.44552,34.73572],[139.44623,34.73559],[139.44621,34.73611],[139.4467,34.73611],[139.44672,34.73657],[139.44705,34.73678],[139.44748,34.73769],[139.44808,34.73828],[139.44824,34.73892],[139.44812,34.73949],[139.44817,34.73984],[139.44888,34.74103],[139.44881,34.74143],[139.44858,34.74169],[139.44862,34.74241],[139.44835,34.74267],[139.44821,34.74325],[139.44829,34.74372],[139.44813,34.74442],[139.44746,34.74529],[139.44718,34.7453],[139.44682,34.74578],[139.44624,34.74674],[139.44566,34.74723],[139.44548,34.74767],[139.44512,34.74764],[139.44494,34.74728],[139.44411,34.74734],[139.44337,34.7477],[139.44272,34.7486],[139.44253,34.74907],[139.44242,34.74972],[139.44209,34.75001],[139.4419,34.75097],[139.44207,34.75127],[139.44174,34.75142],[139.44165,34.75184],[139.44118,34.75196],[139.44138,34.75225],[139.44071,34.75246],[139.44052,34.75357],[139.44069,34.75471],[139.44145,34.75545],[139.44099,34.75584],[139.44126,34.75609],[139.44088,34.75629],[139.44095,34.7569],[139.44079,34.7574],[139.44049,34.75758],[139.44038,34.75792],[139.44011,34.75813],[139.44006,34.75863],[139.43982,34.75878],[139.43958,34.75958],[139.43972,34.7602],[139.43885,34.76113],[139.43871,34.76152],[139.43883,34.76179],[139.43845,34.76233],[139.43835,34.76301],[139.43807,34.76306],[139.43784,34.76349],[139.43788,34.76432],[139.43762,34.7646],[139.43717,34.76476],[139.43714,34.76592],[139.43701,34.7666],[139.43682,34.7668],[139.43669,34.76745],[139.43679,34.76763],[139.43625,34.76805],[139.4357,34.76883],[139.4354,34.76962],[139.43557,34.76985],[139.43504,34.77019],[139.4346,34.77019],[139.43414,34.77051],[139.43377,34.77117],[139.4336,34.77128],[139.4332,34.77236],[139.43284,34.77272],[139.43234,34.77287],[139.43212,34.77331],[139.43179,34.77321],[139.43064,34.77391],[139.43022,34.77438],[139.43032,34.77465],[139.4294,34.77515],[139.42926,34.77538],[139.42883,34.77524],[139.42837,34.77583],[139.4278,34.77601],[139.42701,34.77681],[139.42667,34.77689],[139.42644,34.77747],[139.42581,34.77768],[139.42559,34.77811],[139.4247,34.77867],[139.42433,34.77914],[139.42465,34.77931],[139.42444,34.77959],[139.42408,34.77976],[139.42411,34.78022],[139.42347,34.78029],[139.42335,34.78086],[139.42253,34.78103],[139.42259,34.78128],[139.42235,34.78167],[139.42211,34.78175],[139.42145,34.78119],[139.42085,34.78142],[139.42065,34.78107],[139.42015,34.78123],[139.4197,34.78155],[139.41912,34.78165],[139.41893,34.7818],[139.41794,34.78195],[139.41795,34.78235],[139.41754,34.78235],[139.41726,34.78283],[139.41651,34.78282],[139.41605,34.78348],[139.41535,34.78332],[139.41527,34.78374],[139.41477,34.78451],[139.41459,34.78441],[139.41502,34.78396],[139.41467,34.78377],[139.41432,34.78394],[139.41405,34.78428],[139.4138,34.78516],[139.41349,34.785],[139.41336,34.78555],[139.41306,34.78571],[139.41305,34.78597],[139.41275,34.78628],[139.41337,34.78677],[139.41295,34.78695],[139.41198,34.78683],[139.41178,34.78706],[139.41128,34.7864],[139.41061,34.78655],[139.41044,34.78634],[139.40967,34.78623],[139.40936,34.7861],[139.4089,34.7862],[139.40797,34.78619],[139.40735,34.78654],[139.40711,34.78701],[139.40569,34.78762],[139.405,34.78726],[139.40456,34.78735],[139.40458,34.7876],[139.40381,34.78758],[139.40372,34.78737],[139.40322,34.78727],[139.40313,34.78708],[139.40254,34.78717],[139.40217,34.78747],[139.40135,34.78765],[139.40092,34.78813],[139.40099,34.78848],[139.40018,34.78861],[139.39999,34.78806],[139.39906,34.78792],[139.3985,34.78799],[139.39801,34.78788],[139.39734,34.78815],[139.39607,34.78879],[139.39527,34.78881],[139.39496,34.78871],[139.39464,34.78886],[139.39413,34.78938],[139.39395,34.78973],[139.39342,34.78987],[139.39292,34.78985],[139.39006,34.79204],[139.38938,34.79313],[139.3885,34.79276],[139.38925,34.79155],[139.39162,34.78973],[139.39124,34.78944],[139.3916,34.78919],[139.39108,34.78886],[139.38993,34.78861],[139.38979,34.78904],[139.38943,34.78896],[139.38873,34.78931],[139.38838,34.78895],[139.38821,34.78926],[139.38779,34.78932],[139.38744,34.78953],[139.38629,34.78982],[139.38552,34.78965],[139.3848,34.78978],[139.38422,34.79],[139.38297,34.7907],[139.38211,34.79137],[139.38179,34.79185],[139.38181,34.79219],[139.38105,34.79316],[139.38088,34.79349],[139.38098,34.79388],[139.3805,34.79433],[139.37908,34.79418],[139.37795,34.7939],[139.37747,34.79397],[139.37664,34.79435],[139.37584,34.79494],[139.37558,34.79543],[139.37475,34.79635],[139.3744,34.79686],[139.37395,34.79711],[139.37364,34.7976],[139.37312,34.79813],[139.3723,34.79844],[139.37165,34.79828],[139.37093,34.798],[139.37062,34.79767],[139.36928,34.79703],[139.36903,34.79679],[139.36814,34.79639],[139.36758,34.79626],[139.36679,34.79642],[139.3661,34.7967],[139.36468,34.79739],[139.36402,34.798],[139.36352,34.79828],[139.36174,34.79896],[139.36094,34.7991],[139.36042,34.79886],[139.36041,34.79811],[139.36068,34.79771],[139.36082,34.79689],[139.36036,34.79651],[139.35998,34.79644],[139.36015,34.79595],[139.36011,34.79542],[139.35991,34.79488],[139.35938,34.79502],[139.35903,34.79435],[139.35878,34.79321],[139.35839,34.79283],[139.3577,34.79258],[139.3577,34.79231],[139.35719,34.79176],[139.35687,34.79184],[139.35593,34.79152],[139.35581,34.79122],[139.35462,34.79026],[139.35434,34.79024],[139.35421,34.7898],[139.3539,34.78933],[139.3537,34.78926],[139.35366,34.78841],[139.35355,34.78798],[139.35317,34.78746],[139.3533,34.78728],[139.35294,34.78683],[139.35323,34.78651],[139.35318,34.78594],[139.3526,34.78533],[139.35278,34.78481],[139.35233,34.78425],[139.35129,34.78408],[139.35094,34.78415],[139.3504,34.78388],[139.35006,34.7834],[139.35004,34.78298],[139.34976,34.78296],[139.34956,34.78255],[139.34972,34.78237],[139.34988,34.78168],[139.34976,34.78119],[139.34986,34.77999],[139.34994,34.7798],[139.34975,34.77937],[139.34975,34.77878],[139.34917,34.77862],[139.34943,34.77828],[139.34928,34.77749],[139.34964,34.7769],[139.34998,34.77537],[139.34934,34.775],[139.34969,34.7746],[139.34962,34.77431],[139.35007,34.7741],[139.35004,34.77366],[139.35034,34.77347],[139.35094,34.7726],[139.35115,34.77217],[139.35154,34.77168],[139.3516,34.77128],[139.35106,34.7705],[139.35114,34.7701],[139.35197,34.76952],[139.3521,34.76922],[139.35195,34.76864],[139.35148,34.76881],[139.35125,34.7685],[139.3513,34.7672],[139.35088,34.76673],[139.35004,34.76655],[139.34975,34.76634],[139.34891,34.76604],[139.34877,34.76569],[139.3487,34.76508],[139.34905,34.7644],[139.34919,34.76356],[139.34879,34.76244],[139.34913,34.76213],[139.34902,34.76156],[139.34942,34.76032],[139.34922,34.7592],[139.3491,34.75903],[139.34935,34.75865],[139.3497,34.75785],[139.35066,34.75681],[139.35077,34.75654],[139.35065,34.7559],[139.35133,34.7553],[139.35158,34.75452],[139.352,34.7535],[139.35171,34.75327],[139.35164,34.7521],[139.34862,34.75222],[139.3486,34.75177],[139.35182,34.75165],[139.35253,34.7515],[139.35243,34.75113],[139.35295,34.75087],[139.3529,34.75052],[139.35313,34.75033],[139.35292,34.74967],[139.35308,34.74963],[139.35294,34.74883],[139.35278,34.74854],[139.35309,34.74737],[139.35268,34.74682],[139.35323,34.74617],[139.35373,34.74505],[139.35372,34.74464],[139.35402,34.74443],[139.35473,34.74466],[139.35522,34.74431],[139.35623,34.74326],[139.35654,34.74276],[139.35689,34.74191],[139.35647,34.74164],[139.35657,34.74113],[139.35626,34.74085],[139.35615,34.74049],[139.35621,34.74008],[139.35606,34.73986],[139.35661,34.73934],[139.35678,34.73899],[139.35655,34.73828],[139.35664,34.73811],[139.35636,34.73742],[139.35655,34.73692],[139.35679,34.73667],[139.35688,34.73568],[139.35684,34.73506],[139.35644,34.73473],[139.35616,34.73397],[139.35557,34.73334],[139.35511,34.73316],[139.35499,34.73262],[139.35466,34.73264],[139.3539,34.73149],[139.35344,34.73125],[139.35308,34.73176],[139.35406,34.73347],[139.35379,34.73359],[139.35292,34.73211],[139.35281,34.73172],[139.35326,34.73105],[139.3531,34.73086],[139.35324,34.72958],[139.35316,34.7291],[139.35326,34.72883],[139.35291,34.728],[139.35318,34.72742],[139.35323,34.72698],[139.35293,34.72613],[139.35269,34.72606],[139.35273,34.72539],[139.35237,34.72508],[139.3525,34.72291],[139.35237,34.72247],[139.35257,34.72126],[139.35255,34.71978],[139.3525,34.71917],[139.35277,34.71851],[139.35267,34.71842],[139.35333,34.71785],[139.35352,34.71724],[139.3543,34.71672],[139.35464,34.7164],[139.35493,34.71634],[139.35612,34.71568],[139.3565,34.71521],[139.35648,34.71475],[139.35691,34.71424],[139.3577,34.71349],[139.35874,34.71258],[139.35907,34.71244],[139.35976,34.7115],[139.36012,34.71146],[139.36045,34.71113],[139.36105,34.7103],[139.36122,34.70962],[139.36106,34.70914],[139.36066,34.70869],[139.36042,34.70812],[139.36015,34.70788],[139.35988,34.70737],[139.3599,34.70637],[139.35972,34.70574],[139.35971,34.7052],[139.35952,34.70483],[139.35939,34.70421],[139.35904,34.70406],[139.35887,34.70327],[139.35897,34.70253],[139.35836,34.70196],[139.35803,34.70134],[139.35852,34.7011],[139.35919,34.702],[139.35976,34.70193],[139.36024,34.70152],[139.36098,34.70199],[139.36116,34.70179],[139.36188,34.70187],[139.36248,34.70171],[139.36281,34.70126],[139.36346,34.70113],[139.36398,34.70125],[139.36382,34.70084],[139.36479,34.70053],[139.36599,34.70049],[139.36775,34.7005],[139.36784,34.69975],[139.36824,34.6997],[139.36829,34.70012],[139.36871,34.70019],[139.36928,34.6999],[139.3707,34.69994],[139.3721,34.6995],[139.37257,34.69962],[139.37364,34.69871],[139.37372,34.69851],[139.37346,34.69806],[139.3741,34.69799],[139.37427,34.69772],[139.37415,34.69737],[139.37458,34.69737],[139.375,34.69758]]]]},"properties":{"code":"13361","name":"大島町"}},{"type":"Feature","geometry":{"type":"Polygon","coordinates":[[[139.275,34.51136],[139.27545,34.5112],[139.27667,34.51095],[139.27756,34.51094],[139.27919,34.51117],[139.28008,34.51143],[139.28093,34.51175],[139.28168,34.51218],[139.28243,34.51286],[139.28312,34.51371],[139.28412,34.51477],[139.28498,34.51557],[139.2862,34.51651],[139.28659,34.51693],[139.28733,34.51755],[139.28824,34.51847],[139.28917,34.51909],[139.28925,34.51928],[139.28987,34.51977],[139.29015,34.51974],[139.29034,34.52012],[139.29105,34.52073],[139.2914,34.52146],[139.29215,34.52226],[139.29256,34.52301],[139.29284,34.52384],[139.29283,34.52465],[139.29244,34.52568],[139.29239,34.52598],[139.29178,34.52695],[139.29173,34.52715],[139.29086,34.52812],[139.2908,34.52832],[139.28995,34.52916],[139.28926,34.52944],[139.28849,34.53004],[139.28753,34.53065],[139.28701,34.53087],[139.28629,34.53103],[139.2852,34.53161],[139.28402,34.53193],[139.28307,34.5324],[139.28218,34.53398],[139.28227,34.53447],[139.28196,34.5345],[139.28188,34.53401],[139.28214,34.53355],[139.28239,34.53335],[139.28273,34.53279],[139.28282,34.53202],[139.28189,34.53201],[139.28055,34.53189],[139.28067,34.53262],[139.28034,34.53266],[139.28062,34.53436],[139.28085,34.53462],[139.28092,34.53509],[139.2806,34.53512],[139.2805,34.53465],[139.2801,34.53221],[139.27913,34.53179],[139.27753,34.53183],[139.27736,34.53196],[139.27668,34.53183],[139.27564,34.53189],[139.27563,34.53207],[139.27614,34.53525],[139.27587,34.53528],[139.27551,34.53298],[139.27546,34.53187],[139.27463,34.53194],[139.27366,34.53184],[139.27277,34.53125],[139.27148,34.5301],[139.27029,34.52874],[139.26992,34.52847],[139.26938,34.52777],[139.26887,34.52687],[139.26825,34.526],[139.26789,34.52515],[139.26766,34.524],[139.26743,34.52238],[139.26747,34.52183],[139.2674,34.52115],[139.26779,34.51854],[139.26821,34.51731],[139.27061,34.51397],[139.27129,34.51317],[139.27238,34.51237],[139.27328,34.51208],[139.27435,34.51156],[139.275,34.51136]]]},"properties":{"code":"13362","name":"利島村"}},{"type":"Feature","geometry":{"type":"MultiPolygon","coordinates":[[[[139.26363,34.33333],[139.26593,34.3329],[139.26734,34.33241],[139.26806,34.332],[139.26981,34.33139],[139.27064,34.33095],[139.27093,34.33088],[139.27185,34.33089],[139.2716,34.33252],[139.27202,34.33358],[139.27224,34.33577],[139.27224,34.33677],[139.27275,34.33883],[139.27288,34.33905],[139.27299,34.33987],[139.27319,34.34075],[139.27355,34.34137],[139.27403,34.34189],[139.2747,34.34236],[139.27547,34.34256],[139.27586,34.34342],[139.27599,34.34392],[139.27597,34.34448],[139.2758,34.34512],[139.27584,34.34608],[139.27628,34.34782],[139.27639,34.34875],[139.27633,34.35028],[139.27617,34.35104],[139.2762,34.35151],[139.27601,34.35341],[139.276,34.35455],[139.27609,34.35491],[139.2761,34.3558],[139.276,34.35636],[139.27611,34.3578],[139.27602,34.35807],[139.27598,34.35969],[139.27602,34.36051],[139.2759,34.36169],[139.27601,34.36218],[139.27591,34.3631],[139.27599,34.36355],[139.27594,34.36494],[139.27585,34.36607],[139.27587,34.36685],[139.2758,34.36863],[139.27581,34.36962],[139.2759,34.37008],[139.27602,34.37218],[139.27603,34.37319],[139.27616,34.37394],[139.27617,34.37522],[139.27625,34.37613],[139.27629,34.37751],[139.27645,34.37949],[139.27654,34.38186],[139.2768,34.38459],[139.27706,34.38616],[139.27739,34.38747],[139.27748,34.38803],[139.27786,34.38937],[139.27788,34.39035],[139.27803,34.39053],[139.27839,34.39149],[139.27915,34.39244],[139.27973,34.39361],[139.28036,34.39442],[139.28115,34.39502],[139.28185,34.39571],[139.28197,34.39599],[139.28393,34.39459],[139.2857,34.39641],[139.28549,34.39654],[139.28501,34.39605],[139.28485,34.39606],[139.28416,34.39534],[139.28324,34.39596],[139.28375,34.39648],[139.28382,34.39672],[139.28461,34.39618],[139.28472,34.39645],[139.28311,34.39744],[139.28314,34.39774],[139.28342,34.39808],[139.28412,34.39826],[139.28451,34.39853],[139.28503,34.39984],[139.28524,34.40008],[139.28625,34.40039],[139.28663,34.40059],[139.28772,34.40075],[139.28822,34.40089],[139.28918,34.40141],[139.28942,34.4017],[139.28965,34.40233],[139.28985,34.40257],[139.28943,34.40411],[139.2891,34.40499],[139.28934,34.40609],[139.28926,34.40636],[139.28966,34.40649],[139.2899,34.40636],[139.29019,34.40668],[139.29036,34.40717],[139.29071,34.40711],[139.29142,34.40748],[139.29136,34.40817],[139.29082,34.40843],[139.29007,34.40894],[139.28868,34.40975],[139.28825,34.40977],[139.28778,34.41069],[139.28728,34.41095],[139.2866,34.41151],[139.28648,34.41176],[139.28649,34.41235],[139.28676,34.41417],[139.28774,34.41518],[139.28886,34.41573],[139.28868,34.41608],[139.28928,34.41624],[139.28953,34.41647],[139.28953,34.41676],[139.29034,34.41735],[139.29038,34.41782],[139.29062,34.41814],[139.29108,34.41815],[139.29156,34.41845],[139.29226,34.41869],[139.29237,34.41895],[139.29194,34.41901],[139.29168,34.41886],[139.29112,34.41922],[139.29097,34.42023],[139.29121,34.42125],[139.29101,34.42181],[139.29103,34.42299],[139.29136,34.42319],[139.29107,34.42368],[139.29094,34.42427],[139.2906,34.42415],[139.2898,34.42437],[139.2893,34.42462],[139.28875,34.42511],[139.28845,34.42552],[139.28838,34.42602],[139.2885,34.42623],[139.28852,34.42686],[139.28835,34.42719],[139.28768,34.42782],[139.28712,34.42796],[139.28666,34.42842],[139.28583,34.42884],[139.28498,34.42877],[139.28436,34.42846],[139.28408,34.42858],[139.28377,34.42918],[139.28335,34.42972],[139.28319,34.43055],[139.28268,34.43047],[139.2814,34.43094],[139.2808,34.43048],[139.28026,34.43076],[139.27945,34.43135],[139.2786,34.4313],[139.27889,34.4308],[139.27879,34.43065],[139.279,34.43012],[139.27949,34.42955],[139.28048,34.42941],[139.28069,34.42913],[139.28061,34.42837],[139.28036,34.4281],[139.28055,34.42761],[139.28052,34.42686],[139.28071,34.42681],[139.28094,34.42621],[139.28129,34.42583],[139.2816,34.42482],[139.28174,34.42403],[139.28168,34.42275],[139.28115,34.42084],[139.28081,34.42014],[139.28016,34.41916],[139.27994,34.41843],[139.27955,34.41802],[139.27917,34.41792],[139.2788,34.41799],[139.27877,34.41755],[139.27859,34.41723],[139.27805,34.41688],[139.27681,34.41796],[139.27676,34.4177],[139.2778,34.41682],[139.27732,34.41645],[139.27647,34.416],[139.27589,34.41677],[139.27575,34.41669],[139.27639,34.41595],[139.27643,34.41577],[139.27473,34.41549],[139.27472,34.41526],[139.27386,34.41528],[139.27394,34.41618],[139.27512,34.41659],[139.27523,34.41739],[139.27606,34.41807],[139.27678,34.41923],[139.27637,34.41944],[139.27569,34.41818],[139.27488,34.41747],[139.27475,34.41681],[139.27334,34.41628],[139.27311,34.41652],[139.27248,34.41668],[139.27182,34.41629],[139.27098,34.416],[139.27025,34.41605],[139.27001,34.41628],[139.26941,34.41637],[139.26938,34.41615],[139.26977,34.41593],[139.26969,34.41534],[139.26941,34.41521],[139.26869,34.41539],[139.26858,34.41507],[139.26871,34.41468],[139.26828,34.41463],[139.26804,34.41431],[139.26799,34.41379],[139.26742,34.41433],[139.26729,34.4143],[139.26737,34.41363],[139.26702,34.41338],[139.26752,34.41254],[139.26783,34.4118],[139.26784,34.41158],[139.2675,34.41103],[139.26698,34.41096],[139.2668,34.41061],[139.26611,34.41009],[139.26655,34.40973],[139.26705,34.40879],[139.26686,34.40854],[139.26715,34.40819],[139.26671,34.40778],[139.26597,34.40736],[139.26534,34.40714],[139.26506,34.40717],[139.2645,34.40668],[139.26444,34.40648],[139.26379,34.40597],[139.26228,34.40533],[139.26168,34.40491],[139.26132,34.40488],[139.26078,34.40455],[139.25997,34.40384],[139.25954,34.40285],[139.25907,34.40292],[139.25897,34.40214],[139.25837,34.40186],[139.25733,34.40123],[139.25698,34.4013],[139.25682,34.4016],[139.25632,34.40129],[139.25632,34.40071],[139.25587,34.40072],[139.25572,34.40028],[139.25586,34.3997],[139.25616,34.39944],[139.25605,34.39917],[139.25649,34.39875],[139.25623,34.39834],[139.25584,34.39826],[139.25573,34.39797],[139.2554,34.3978],[139.25542,34.39745],[139.25519,34.39725],[139.25529,34.3966],[139.2552,34.3962],[139.25578,34.39572],[139.25585,34.39541],[139.25632,34.39542],[139.25721,34.39515],[139.25734,34.39462],[139.25729,34.39409],[139.25727,34.39246],[139.2569,34.39084],[139.25666,34.39027],[139.25662,34.38867],[139.25651,34.38772],[139.25591,34.38484],[139.25559,34.38383],[139.25513,34.38332],[139.25464,34.38293],[139.25507,34.38267],[139.25456,34.38175],[139.25421,34.38033],[139.25391,34.37996],[139.25371,34.37907],[139.25302,34.37779],[139.25274,34.37748],[139.25246,34.37644],[139.25177,34.37533],[139.25108,34.3746],[139.25087,34.37386],[139.25055,34.37363],[139.24941,34.3743],[139.2489,34.37423],[139.24767,34.37308],[139.24792,34.37306],[139.24912,34.37418],[139.24992,34.37372],[139.25038,34.37305],[139.2489,34.37097],[139.2485,34.37083],[139.24689,34.37176],[139.24677,34.37176],[139.24547,34.37019],[139.24564,34.37006],[139.24695,34.37157],[139.24814,34.37086],[139.2477,34.37023],[139.24754,34.37028],[139.24663,34.36923],[139.24666,34.36868],[139.24648,34.36839],[139.24585,34.36787],[139.24498,34.36758],[139.24408,34.36755],[139.2441,34.3688],[139.24295,34.36964],[139.24164,34.37053],[139.24176,34.37023],[139.24128,34.36992],[139.24003,34.37079],[139.23989,34.37065],[139.24124,34.36971],[139.24112,34.36962],[139.24258,34.36864],[139.24334,34.36788],[139.24304,34.36699],[139.24323,34.36665],[139.24332,34.36607],[139.24319,34.36522],[139.24295,34.36486],[139.24242,34.36436],[139.24208,34.36421],[139.24204,34.36386],[139.24252,34.36352],[139.24282,34.36315],[139.24267,34.36291],[139.24198,34.36283],[139.24163,34.36247],[139.24175,34.36211],[139.24217,34.362],[139.24257,34.3623],[139.24263,34.36271],[139.24331,34.36246],[139.24384,34.36195],[139.24431,34.36122],[139.24505,34.35955],[139.24524,34.35896],[139.24552,34.35726],[139.24554,34.35643],[139.24567,34.3554],[139.24573,34.35434],[139.24507,34.35361],[139.24502,34.35303],[139.24509,34.35222],[139.24494,34.35178],[139.2446,34.35131],[139.24448,34.35062],[139.24441,34.3496],[139.24452,34.34901],[139.24449,34.34849],[139.24534,34.34773],[139.24663,34.34691],[139.24657,34.34677],[139.24699,34.34636],[139.24797,34.34609],[139.2488,34.34557],[139.24916,34.34507],[139.24976,34.3432],[139.2502,34.3426],[139.25047,34.34191],[139.25077,34.34165],[139.25146,34.34059],[139.25144,34.34046],[139.25212,34.33982],[139.25256,34.3393],[139.25341,34.33898],[139.25388,34.33897],[139.25455,34.33877],[139.25537,34.33827],[139.25606,34.33747],[139.25713,34.33657],[139.25715,34.33645],[139.25775,34.33576],[139.25818,34.33564],[139.25848,34.33532],[139.25893,34.33505],[139.25921,34.33503],[139.25965,34.33475],[139.26091,34.33414],[139.26172,34.33389],[139.26298,34.33362],[139.26363,34.33333]]],[[[139.225,34.37333],[139.22547,34.37276],[139.22602,34.37254],[139.22604,34.37232],[139.22691,34.37179],[139.2276,34.37151],[139.22798,34.37091],[139.22782,34.37035],[139.22791,34.36996],[139.22734,34.36937],[139.22744,34.36898],[139.2271,34.36869],[139.22699,34.36826],[139.22643,34.36833],[139.22652,34.36772],[139.22607,34.36773],[139.22643,34.36732],[139.22697,34.36711],[139.22724,34.36729],[139.22763,34.36703],[139.22798,34.36734],[139.22821,34.36725],[139.22892,34.36749],[139.22881,34.3683],[139.22846,34.36874],[139.2285,34.3696],[139.22869,34.37026],[139.22874,34.3708],[139.22934,34.37121],[139.22925,34.37157],[139.2294,34.37204],[139.22934,34.37259],[139.2286,34.37324],[139.22806,34.37326],[139.22767,34.37342],[139.22672,34.37406],[139.22654,34.37452],[139.22604,34.37442],[139.2259,34.37482],[139.22533,34.37517],[139.22482,34.3756],[139.22438,34.37569],[139.22356,34.37543],[139.224,34.37473],[139.22372,34.37459],[139.22382,34.37428],[139.22425,34.37385],[139.22444,34.3734],[139.225,34.37333]]],[[[139.22289,34.37431],[139.22274,34.37371],[139.22307,34.37352],[139.22351,34.37389],[139.22289,34.37431]]],[[[139.30097,34.47392],[139.30073,34.47372],[139.30097,34.4733],[139.30131,34.4733],[139.30145,34.47368],[139.30097,34.47392]]],[[[139.30113,34.47312],[139.30098,34.47286],[139.30105,34.47251],[139.30144,34.47261],[139.30146,34.47289],[139.30113,34.47312]]],[[[139.28202,34.47687],[139.28246,34.47707],[139.28292,34.47697],[139.2834,34.47714],[139.28337,34.47736],[139.28226,34.47744],[139.28186,34.47776],[139.28151,34.47761],[139.28132,34.47722],[139.28128,34.47676],[139.28202,34.47687]]],[[[139.29585,34.47492],[139.2955,34.47482],[139.29552,34.47456],[139.29595,34.47448],[139.29585,34.47492]]],[[[139.27899,34.325],[139.27924,34.32517],[139.27971,34.32462],[139.28049,34.32481],[139.28076,34.32513],[139.28054,34.32541],[139.27966,34.32552],[139.2788,34.3266],[139.27822,34.3269],[139.27831,34.32705],[139.27756,34.32733],[139.27684,34.32727],[139.27585,34.32746],[139.27568,34.32679],[139.27521,34.32649],[139.27519,34.32597],[139.27563,34.32573],[139.27655,34.32467],[139.27689,34.32437],[139.27744,34.32414],[139.27801,34.32463],[139.27851,34.3246],[139.27899,34.325]]],[[[139.22905,34.36617],[139.22853,34.36599],[139.22843,34.36564],[139.22916,34.3656],[139.22925,34.36605],[139.22905,34.36617]]],[[[139.29167,34.46898],[139.29197,34.46894],[139.29221,34.46918],[139.29215,34.46977],[139.2918,34.46977],[139.29145,34.46905],[139.29167,34.46898]]],[[[139.28985,34.47403],[139.29026,34.47334],[139.29069,34.47327],[139.2907,34.47287],[139.29097,34.47265],[139.29097,34.47221],[139.29142,34.47187],[139.29181,34.47109],[139.29163,34.47068],[139.29167,34.47013],[139.29249,34.4701],[139.29284,34.46991],[139.29379,34.4698],[139.29466,34.46978],[139.29558,34.46988],[139.29722,34.46997],[139.29784,34.46976],[139.29847,34.46989],[139.29899,34.4703],[139.2989,34.47099],[139.29932,34.47135],[139.29888,34.47177],[139.29839,34.4719],[139.29743,34.473],[139.29662,34.47348],[139.2957,34.47396],[139.29566,34.47444],[139.29465,34.47443],[139.29386,34.47463],[139.29367,34.47479],[139.29243,34.47528],[139.29183,34.47537],[139.29093,34.47623],[139.29054,34.47644],[139.28949,34.47652],[139.28861,34.47683],[139.28904,34.47755],[139.28885,34.47785],[139.28818,34.4779],[139.28688,34.47835],[139.28631,34.47831],[139.28646,34.47797],[139.28746,34.47758],[139.28768,34.47734],[139.28747,34.47715],[139.28814,34.47664],[139.28837,34.47605],[139.28879,34.47574],[139.28896,34.4754],[139.28946,34.47506],[139.28952,34.47454],[139.28985,34.47403]]],[[[139.226,34.33056],[139.22601,34.33029],[139.22661,34.33036],[139.22637,34.33064],[139.226,34.33056]]],[[[139.20153,34.31599],[139.20106,34.31563],[139.20025,34.31564],[139.20037,34.31529],[139.20155,34.31524],[139.20153,34.31599]]],[[[139.20701,34.33075],[139.20691,34.33118],[139.20656,34.33089],[139.20701,34.33075]]],[[[139.22284,34.32193],[139.2237,34.32218],[139.22326,34.32265],[139.22273,34.32288],[139.22204,34.32281],[139.22201,34.32258],[139.22224,34.32206],[139.22264,34.3221],[139.22261,34.32161],[139.22272,34.32124],[139.22308,34.32123],[139.22315,34.32164],[139.22284,34.32193]]],[[[139.22621,34.325],[139.22558,34.32494],[139.22569,34.32423],[139.22596,34.32382],[139.22629,34.32404],[139.22621,34.325]]],[[[139.21136,34.33733],[139.21068,34.33684],[139.21107,34.33676],[139.21223,34.33676],[139.21245,34.33686],[139.21246,34.33723],[139.21216,34.33781],[139.21178,34.33764],[139.2115,34.33806],[139.21088,34.33793],[139.21066,34.3384],[139.21022,34.33805],[139.20967,34.33786],[139.20965,34.33764],[139.21013,34.33743],[139.21041,34.33755],[139.21111,34.3375],[139.21136,34.33733]]],[[[139.21135,34.31576],[139.21106,34.31603],[139.21073,34.31571],[139.21112,34.31562],[139.21135,34.31576]]],[[[139.21671,34.33333],[139.21587,34.33342],[139.21569,34.33307],[139.21507,34.33302],[139.21484,34.33273],[139.21476,34.33226],[139.21428,34.33226],[139.21411,34.33249],[139.21429,34.3329],[139.21467,34.3331],[139.21487,34.33416],[139.21591,34.33467],[139.2163,34.33412],[139.21654,34.33423],[139.21546,34.33576],[139.21552,34.33537],[139.21463,34.33494],[139.21422,34.33488],[139.21408,34.33528],[139.21328,34.33654],[139.21284,34.33695],[139.21205,34.33657],[139.21189,34.33619],[139.21138,34.33586],[139.211,34.33586],[139.21075,34.33609],[139.21077,34.33656],[139.2097,34.33681],[139.20923,34.33674],[139.20867,34.33612],[139.20872,34.33591],[139.20916,34.33575],[139.20925,34.33537],[139.20879,34.33528],[139.20879,34.33483],[139.20827,34.33491],[139.20802,34.3353],[139.20755,34.33521],[139.20688,34.33525],[139.20679,34.33498],[139.20609,34.33468],[139.20643,34.33413],[139.2071,34.33433],[139.20741,34.33461],[139.20759,34.33416],[139.20727,34.33352],[139.20691,34.33322],[139.20749,34.33291],[139.20729,34.33251],[139.20803,34.33226],[139.20819,34.33181],[139.2088,34.3312],[139.20836,34.33055],[139.20856,34.33018],[139.20811,34.32992],[139.20762,34.32992],[139.20715,34.33034],[139.20669,34.33043],[139.20655,34.32984],[139.20637,34.32968],[139.20654,34.32921],[139.20659,34.32826],[139.20631,34.32793],[139.20582,34.32783],[139.20547,34.32814],[139.20552,34.32867],[139.20514,34.32867],[139.20471,34.32847],[139.2052,34.32811],[139.20512,34.32798],[139.20554,34.32748],[139.20516,34.32684],[139.20486,34.32671],[139.20436,34.32672],[139.20398,34.32717],[139.20336,34.32753],[139.20282,34.3276],[139.20244,34.32816],[139.20178,34.32895],[139.20129,34.32905],[139.201,34.32929],[139.20055,34.32928],[139.20026,34.32904],[139.20061,34.32831],[139.20118,34.32796],[139.20135,34.32772],[139.20118,34.32738],[139.20082,34.32721],[139.20072,34.32658],[139.20168,34.32604],[139.20107,34.32568],[139.20092,34.32538],[139.20055,34.32538],[139.20034,34.32515],[139.19954,34.3249],[139.19892,34.32499],[139.19882,34.32453],[139.19826,34.32459],[139.19821,34.32418],[139.19767,34.32434],[139.19742,34.3242],[139.1973,34.32385],[139.19693,34.32384],[139.19676,34.32326],[139.19619,34.32319],[139.19585,34.32283],[139.19551,34.32271],[139.19535,34.32238],[139.19532,34.3218],[139.19494,34.32158],[139.19483,34.3208],[139.19456,34.32081],[139.19392,34.32027],[139.19428,34.31986],[139.19416,34.31961],[139.19426,34.31915],[139.19474,34.31856],[139.19491,34.3182],[139.19601,34.31784],[139.19631,34.31793],[139.19662,34.31759],[139.1976,34.31753],[139.19687,34.3171],[139.19608,34.31687],[139.1963,34.31635],[139.19682,34.31666],[139.19731,34.31626],[139.19785,34.3161],[139.19893,34.31638],[139.19924,34.31622],[139.19977,34.31643],[139.20007,34.31623],[139.20092,34.31613],[139.20124,34.31632],[139.20162,34.31692],[139.20173,34.31765],[139.20198,34.31769],[139.20218,34.31806],[139.20194,34.3183],[139.20192,34.3187],[139.2025,34.31944],[139.20235,34.32031],[139.20255,34.32081],[139.20284,34.32099],[139.20412,34.31995],[139.2045,34.32017],[139.20466,34.3205],[139.20429,34.32129],[139.20391,34.32167],[139.20428,34.32189],[139.20476,34.32136],[139.20519,34.32114],[139.20626,34.32137],[139.20669,34.32167],[139.20685,34.32133],[139.20747,34.32112],[139.20717,34.32074],[139.20732,34.32012],[139.20699,34.31974],[139.2071,34.31918],[139.20738,34.31908],[139.20744,34.31875],[139.20698,34.31822],[139.2072,34.31765],[139.20788,34.31795],[139.20808,34.31749],[139.2087,34.31745],[139.20881,34.31775],[139.20935,34.31776],[139.2096,34.31752],[139.20991,34.31788],[139.21028,34.31798],[139.21056,34.31765],[139.21102,34.31812],[139.21135,34.31796],[139.21136,34.31748],[139.21193,34.3165],[139.21141,34.31612],[139.21196,34.31574],[139.21261,34.3163],[139.21308,34.31589],[139.21345,34.31622],[139.21331,34.31714],[139.21375,34.317],[139.21406,34.31779],[139.2144,34.31735],[139.21501,34.31777],[139.21511,34.31715],[139.21562,34.31733],[139.21598,34.31717],[139.216,34.31782],[139.21663,34.31755],[139.21651,34.3171],[139.21665,34.31669],[139.21688,34.31671],[139.21717,34.31708],[139.21763,34.31715],[139.21759,34.31781],[139.21712,34.31801],[139.21744,34.31834],[139.21765,34.31944],[139.21807,34.32036],[139.21847,34.32039],[139.21847,34.32078],[139.21899,34.32094],[139.21937,34.31986],[139.21959,34.31966],[139.22118,34.31999],[139.22065,34.32008],[139.22059,34.32026],[139.21958,34.3202],[139.21968,34.32072],[139.21997,34.32086],[139.21993,34.32139],[139.21958,34.32134],[139.21958,34.32185],[139.2198,34.32214],[139.22028,34.32247],[139.22133,34.32282],[139.2216,34.32301],[139.22204,34.32302],[139.22209,34.32336],[139.22263,34.32378],[139.22377,34.32363],[139.22446,34.32335],[139.22501,34.32355],[139.22489,34.32376],[139.22415,34.32426],[139.22459,34.32443],[139.22484,34.32421],[139.22542,34.32445],[139.22518,34.32482],[139.22552,34.32549],[139.22582,34.32553],[139.22581,34.32593],[139.2265,34.32563],[139.22697,34.32618],[139.22663,34.32649],[139.22682,34.32679],[139.22661,34.32701],[139.22649,34.32754],[139.22665,34.32772],[139.22643,34.32889],[139.2267,34.32913],[139.22627,34.32935],[139.22623,34.32967],[139.22664,34.32978],[139.22648,34.33003],[139.22548,34.33023],[139.22551,34.33093],[139.22483,34.33093],[139.22387,34.33082],[139.22379,34.33038],[139.22287,34.33004],[139.22262,34.33029],[139.22273,34.33062],[139.22196,34.33119],[139.22234,34.3312],[139.22306,34.33074],[139.22356,34.33101],[139.22351,34.33138],[139.22313,34.33155],[139.22295,34.33139],[139.22252,34.33153],[139.22225,34.33182],[139.22193,34.33172],[139.22167,34.33194],[139.22134,34.33188],[139.22087,34.33213],[139.22078,34.33268],[139.2202,34.33281],[139.21956,34.33258],[139.21864,34.33278],[139.21816,34.33306],[139.21767,34.33288],[139.21748,34.33311],[139.21671,34.33333]]]]},"properties":{"code":"13363","name":"新島村"}},{"type":"Feature","geometry":{"type":"MultiPolygon","coordinates":[[[[139.12805,34.18492],[139.12801,34.18423],[139.12841,34.18435],[139.12805,34.18492]]],[[[139.1253,34.18681],[139.12549,34.18636],[139.12587,34.18662],[139.1253,34.18681]]],[[[139.13646,34.24021],[139.13616,34.23972],[139.13647,34.23947],[139.13663,34.23991],[139.13646,34.24021]]],[[[139.13694,34.24073],[139.13714,34.24194],[139.13648,34.24166],[139.13666,34.24133],[139.13622,34.24087],[139.13625,34.24059],[139.13673,34.24028],[139.13694,34.24073]]],[[[139.125,34.18968],[139.1252,34.18935],[139.12502,34.18911],[139.12533,34.18882],[139.1253,34.18857],[139.12564,34.18819],[139.12561,34.18766],[139.12535,34.18758],[139.12535,34.18719],[139.12558,34.18682],[139.12631,34.18695],[139.12642,34.18724],[139.12688,34.18695],[139.12734,34.18707],[139.12805,34.1871],[139.12836,34.187],[139.1283,34.18669],[139.12849,34.18639],[139.12841,34.18606],[139.12867,34.18571],[139.12851,34.18512],[139.12868,34.18477],[139.12928,34.18528],[139.12959,34.18523],[139.12994,34.18479],[139.13038,34.18474],[139.13093,34.18529],[139.13134,34.18549],[139.13176,34.18546],[139.13261,34.18562],[139.13258,34.18592],[139.13284,34.18632],[139.13254,34.1867],[139.13298,34.18686],[139.13299,34.18708],[139.13402,34.18695],[139.13374,34.18677],[139.13353,34.18641],[139.13434,34.18655],[139.13468,34.18647],[139.13498,34.18689],[139.13545,34.18712],[139.13572,34.18661],[139.1361,34.18678],[139.13618,34.18624],[139.13691,34.18641],[139.13777,34.18624],[139.13805,34.18573],[139.13808,34.18545],[139.1385,34.18546],[139.13834,34.1861],[139.13941,34.18616],[139.13979,34.18702],[139.13997,34.18655],[139.14025,34.18635],[139.14067,34.1865],[139.14052,34.18698],[139.14109,34.18736],[139.14137,34.18796],[139.14159,34.18783],[139.14145,34.18706],[139.14172,34.18611],[139.14203,34.18576],[139.14239,34.18593],[139.14223,34.1863],[139.14245,34.18683],[139.1423,34.18702],[139.14277,34.18733],[139.14299,34.18767],[139.1429,34.18804],[139.14315,34.18855],[139.14314,34.18897],[139.14345,34.18937],[139.14348,34.18977],[139.14394,34.18962],[139.14367,34.18899],[139.14437,34.18876],[139.14453,34.18842],[139.14521,34.18776],[139.14562,34.18808],[139.14561,34.18829],[139.14638,34.18893],[139.14644,34.18947],[139.14616,34.18994],[139.14597,34.19047],[139.14558,34.19059],[139.14581,34.19106],[139.14624,34.19125],[139.14652,34.19155],[139.14627,34.19173],[139.14641,34.19323],[139.1461,34.19415],[139.1461,34.19445],[139.14633,34.19551],[139.14664,34.19599],[139.14715,34.19653],[139.14782,34.1968],[139.14889,34.19696],[139.14918,34.19672],[139.1491,34.19633],[139.14911,34.19543],[139.14944,34.19543],[139.14999,34.19485],[139.1506,34.19496],[139.15074,34.19469],[139.15144,34.19414],[139.15094,34.19367],[139.15115,34.19348],[139.15157,34.19275],[139.15213,34.19291],[139.15226,34.19331],[139.15268,34.19362],[139.15316,34.19358],[139.15372,34.19402],[139.15255,34.19486],[139.15301,34.19503],[139.1533,34.1949],[139.15324,34.19454],[139.15359,34.19432],[139.15434,34.19436],[139.15452,34.19464],[139.15451,34.19516],[139.15507,34.19528],[139.15529,34.1952],[139.15598,34.19651],[139.15594,34.19699],[139.15634,34.19716],[139.15648,34.19748],[139.15875,34.20007],[139.15841,34.20028],[139.15762,34.19938],[139.15749,34.19932],[139.15655,34.19816],[139.15636,34.19807],[139.15582,34.19831],[139.15574,34.19874],[139.15584,34.19913],[139.15524,34.19936],[139.15506,34.19995],[139.15539,34.20053],[139.15512,34.20064],[139.1547,34.19998],[139.15507,34.1989],[139.15424,34.19887],[139.15351,34.19958],[139.15351,34.20046],[139.15338,34.20052],[139.15342,34.20119],[139.15378,34.20187],[139.15481,34.20139],[139.15552,34.20122],[139.15755,34.20045],[139.15766,34.20065],[139.15587,34.20135],[139.15557,34.20162],[139.15503,34.20182],[139.15465,34.20217],[139.15477,34.20251],[139.1554,34.20346],[139.15647,34.2046],[139.15728,34.20506],[139.15804,34.2052],[139.15931,34.20557],[139.16059,34.20613],[139.16137,34.20626],[139.16202,34.2066],[139.16255,34.20719],[139.16309,34.20741],[139.16368,34.20751],[139.16402,34.20773],[139.16559,34.20831],[139.167,34.20854],[139.16721,34.20863],[139.16806,34.20857],[139.16849,34.20862],[139.16897,34.20845],[139.16928,34.20803],[139.16886,34.20759],[139.16983,34.20679],[139.17,34.2057],[139.17038,34.20488],[139.17033,34.20458],[139.17105,34.20447],[139.17093,34.20476],[139.17144,34.20491],[139.17163,34.20519],[139.17127,34.20562],[139.17152,34.20589],[139.17188,34.20595],[139.17277,34.20536],[139.1731,34.20533],[139.17366,34.20556],[139.17384,34.20532],[139.17496,34.20473],[139.17529,34.20516],[139.17533,34.20575],[139.17466,34.2066],[139.17494,34.20701],[139.1757,34.20698],[139.17585,34.20736],[139.17622,34.20766],[139.17574,34.2081],[139.17467,34.20823],[139.17454,34.20875],[139.17488,34.20925],[139.17472,34.21007],[139.1745,34.21043],[139.17365,34.21135],[139.17345,34.21149],[139.17327,34.21195],[139.17339,34.21242],[139.17328,34.21329],[139.17329,34.21375],[139.17363,34.21414],[139.17396,34.2152],[139.17459,34.2156],[139.1751,34.21628],[139.17561,34.21628],[139.17574,34.21647],[139.17483,34.21714],[139.17486,34.21736],[139.17436,34.2179],[139.17411,34.21777],[139.17387,34.21806],[139.17336,34.21834],[139.17299,34.21825],[139.17249,34.21858],[139.17198,34.21923],[139.17174,34.21975],[139.17183,34.22038],[139.17228,34.22039],[139.17192,34.22097],[139.17158,34.22197],[139.17166,34.22288],[139.17159,34.22385],[139.17176,34.22429],[139.17153,34.22476],[139.17138,34.2256],[139.17147,34.22645],[139.17128,34.22674],[139.17076,34.22885],[139.17082,34.22944],[139.17064,34.22994],[139.17073,34.23019],[139.17041,34.23067],[139.17035,34.23112],[139.17005,34.23152],[139.16936,34.23219],[139.16882,34.23247],[139.16828,34.23317],[139.1681,34.23326],[139.1677,34.23415],[139.16715,34.23421],[139.16647,34.23444],[139.16597,34.2348],[139.16507,34.2351],[139.16434,34.23543],[139.16337,34.23565],[139.16282,34.23603],[139.16255,34.23609],[139.16225,34.23642],[139.16166,34.23664],[139.16113,34.2366],[139.16058,34.23698],[139.16011,34.23718],[139.15902,34.23749],[139.15866,34.2375],[139.1582,34.23776],[139.15763,34.23847],[139.15653,34.23927],[139.15549,34.23959],[139.15479,34.23974],[139.15406,34.23979],[139.15327,34.23976],[139.15222,34.23996],[139.15137,34.2398],[139.15027,34.2393],[139.14942,34.23942],[139.14876,34.23969],[139.14826,34.24027],[139.14803,34.24074],[139.1474,34.24083],[139.14653,34.24137],[139.14621,34.24252],[139.14485,34.2425],[139.14425,34.24275],[139.14424,34.24314],[139.1432,34.24378],[139.14253,34.24358],[139.14221,34.24364],[139.14076,34.24336],[139.14007,34.24336],[139.13961,34.24324],[139.13889,34.2427],[139.13882,34.24214],[139.13862,34.24192],[139.13827,34.24193],[139.13809,34.24215],[139.13768,34.24206],[139.1377,34.24173],[139.13714,34.24124],[139.13708,34.24022],[139.13731,34.23978],[139.1373,34.23937],[139.13767,34.23902],[139.13767,34.23839],[139.1375,34.23797],[139.13759,34.23775],[139.13739,34.23733],[139.13672,34.23712],[139.13603,34.23724],[139.13573,34.2368],[139.13539,34.23668],[139.13532,34.23628],[139.13494,34.2362],[139.13493,34.23586],[139.13459,34.23563],[139.13474,34.23532],[139.13424,34.23495],[139.13474,34.23461],[139.13494,34.23419],[139.13532,34.23407],[139.13605,34.23343],[139.13619,34.23293],[139.13604,34.23269],[139.13494,34.23183],[139.13566,34.2316],[139.1361,34.23125],[139.13649,34.23075],[139.13656,34.23022],[139.13648,34.22952],[139.13631,34.22923],[139.13696,34.22849],[139.13686,34.22682],[139.13689,34.22597],[139.13652,34.22515],[139.13582,34.22432],[139.1354,34.22407],[139.1348,34.22404],[139.13471,34.22382],[139.13418,34.22346],[139.13351,34.22337],[139.13253,34.22366],[139.13202,34.22369],[139.13139,34.22349],[139.13118,34.22306],[139.13076,34.22286],[139.13037,34.22283],[139.12992,34.22303],[139.12946,34.22302],[139.12838,34.22281],[139.12854,34.22254],[139.12847,34.22202],[139.1286,34.22165],[139.12843,34.22115],[139.12875,34.22071],[139.1284,34.22033],[139.12876,34.22018],[139.129,34.22042],[139.12925,34.22006],[139.12993,34.22033],[139.1306,34.21998],[139.13097,34.21948],[139.13096,34.21903],[139.13161,34.21868],[139.13263,34.21886],[139.13358,34.21839],[139.13377,34.2179],[139.13363,34.21715],[139.13271,34.21675],[139.13226,34.21671],[139.13148,34.21644],[139.13112,34.21645],[139.13065,34.21625],[139.13045,34.21586],[139.13045,34.21524],[139.13072,34.21505],[139.13112,34.21452],[139.13112,34.21352],[139.13085,34.21329],[139.131,34.21304],[139.13114,34.21213],[139.13155,34.21165],[139.13113,34.21091],[139.13133,34.21081],[139.13166,34.21138],[139.13218,34.21138],[139.13276,34.21073],[139.13283,34.21022],[139.13272,34.20994],[139.13259,34.20891],[139.13276,34.20835],[139.13169,34.20835],[139.13129,34.20909],[139.13099,34.20926],[139.13113,34.2096],[139.13157,34.20969],[139.13141,34.21017],[139.13112,34.20988],[139.12733,34.20927],[139.12739,34.20901],[139.13004,34.20942],[139.13026,34.20876],[139.131,34.20782],[139.13262,34.20731],[139.13277,34.20714],[139.13309,34.20612],[139.13312,34.20506],[139.13297,34.20416],[139.1325,34.2023],[139.13203,34.20151],[139.13164,34.20123],[139.13124,34.20135],[139.13067,34.20123],[139.12907,34.20132],[139.12883,34.20108],[139.12767,34.20079],[139.12739,34.20066],[139.12643,34.20057],[139.12618,34.2009],[139.12571,34.20071],[139.12597,34.20033],[139.12556,34.2003],[139.12495,34.19979],[139.12424,34.19998],[139.12355,34.19961],[139.12358,34.19935],[139.12261,34.19907],[139.12226,34.19929],[139.12178,34.19902],[139.1216,34.1986],[139.1218,34.19828],[139.12153,34.19792],[139.12188,34.19719],[139.12136,34.19615],[139.12101,34.19595],[139.12097,34.19555],[139.12062,34.19567],[139.12037,34.19526],[139.12058,34.19486],[139.11984,34.19408],[139.11989,34.19357],[139.12034,34.19406],[139.12075,34.19385],[139.12056,34.19355],[139.12061,34.19325],[139.12017,34.19302],[139.12051,34.19182],[139.12088,34.19136],[139.12006,34.19163],[139.11981,34.19147],[139.11993,34.19116],[139.11981,34.19084],[139.12017,34.19059],[139.12063,34.1905],[139.12139,34.18992],[139.12177,34.1894],[139.12144,34.18919],[139.12089,34.18948],[139.12056,34.19007],[139.12032,34.18995],[139.11987,34.19034],[139.11963,34.19084],[139.11925,34.19072],[139.11953,34.1903],[139.11936,34.19015],[139.1201,34.1896],[139.12092,34.18931],[139.12126,34.18896],[139.12166,34.18894],[139.12222,34.18866],[139.12278,34.18819],[139.12299,34.18824],[139.1231,34.1887],[139.12334,34.1889],[139.12274,34.18961],[139.12301,34.1897],[139.12327,34.18928],[139.12369,34.18903],[139.12401,34.18915],[139.12414,34.18963],[139.125,34.18968]]],[[[139.18847,34.21115],[139.1887,34.2113],[139.19084,34.2117],[139.19093,34.21197],[139.19042,34.21209],[139.18934,34.21252],[139.18883,34.21251],[139.18847,34.21236],[139.1876,34.21245],[139.18673,34.21152],[139.18721,34.21116],[139.1877,34.21054],[139.18794,34.21057],[139.18816,34.20985],[139.18839,34.20942],[139.18885,34.20958],[139.18862,34.20983],[139.18841,34.21056],[139.18825,34.21085],[139.18847,34.21115]]],[[[139.18963,34.2079],[139.18998,34.20733],[139.19071,34.2068],[139.19093,34.20652],[139.19187,34.20603],[139.1924,34.20614],[139.19207,34.20671],[139.19284,34.20741],[139.19306,34.20786],[139.19308,34.20867],[139.19266,34.20929],[139.19222,34.20936],[139.19153,34.20919],[139.19109,34.2087],[139.19049,34.20855],[139.18944,34.20875],[139.18923,34.20854],[139.18963,34.2079]]],[[[139.1932,34.20434],[139.1931,34.20467],[139.19337,34.20491],[139.19308,34.20526],[139.19262,34.20517],[139.19261,34.20458],[139.19297,34.20402],[139.19331,34.20392],[139.1939,34.20412],[139.19369,34.20446],[139.1932,34.20434]]],[[[139.19374,34.20593],[139.19314,34.20584],[139.1928,34.2056],[139.19331,34.20536],[139.1938,34.20548],[139.19396,34.2057],[139.19374,34.20593]]],[[[139.07898,34.18596],[139.07862,34.18671],[139.07861,34.18727],[139.07836,34.18732],[139.0781,34.18697],[139.07813,34.1867],[139.07852,34.1864],[139.07865,34.18612],[139.07898,34.18596]]],[[[139.07414,34.18594],[139.07321,34.18547],[139.07238,34.18475],[139.07196,34.18415],[139.07213,34.18382],[139.07261,34.18345],[139.07319,34.18343],[139.07396,34.18429],[139.07409,34.18451],[139.07485,34.18485],[139.07577,34.1843],[139.07613,34.18446],[139.07516,34.18515],[139.07516,34.18532],[139.07451,34.18584],[139.07414,34.18594]]],[[[139.075,34.18714],[139.07494,34.18633],[139.07562,34.18615],[139.07603,34.18592],[139.07667,34.18575],[139.07687,34.18646],[139.07741,34.18692],[139.07755,34.18719],[139.07735,34.1877],[139.07698,34.18812],[139.07615,34.18802],[139.07611,34.18781],[139.07563,34.1874],[139.075,34.18714]]],[[[139.15646,34.1967],[139.1561,34.1965],[139.15608,34.19618],[139.15645,34.19601],[139.15665,34.19637],[139.15646,34.1967]]],[[[139.17601,34.20608],[139.17577,34.20598],[139.17571,34.2056],[139.17614,34.20538],[139.17601,34.20608]]],[[[139.18285,34.22319],[139.18291,34.22304],[139.18346,34.22285],[139.18368,34.22372],[139.18308,34.22374],[139.18285,34.22319]]]]},"properties":{"code":"13364","name":"神津島村"}},{"type":"Feature","geometry":{"type":"MultiPolygon","coordinates":[[[[139.37998,34.04693],[139.37984,34.04648],[139.37959,34.04617],[139.38015,34.04596],[139.38036,34.04676],[139.37998,34.04693]]],[[[139.38327,34.04928],[139.38303,34.04913],[139.38326,34.04841],[139.38379,34.048],[139.38428,34.04791],[139.38481,34.0483],[139.38498,34.04881],[139.38488,34.04901],[139.38432,34.04937],[139.38354,34.04941],[139.38327,34.04928]]],[[[139.47761,34.06557],[139.47791,34.06558],[139.47781,34.06685],[139.47751,34.06684],[139.47761,34.06557]]],[[[139.5,34.04676],[139.50061,34.0463],[139.50059,34.04598],[139.50111,34.04578],[139.50192,34.04574],[139.50186,34.04603],[139.50267,34.04619],[139.50309,34.046],[139.50331,34.04648],[139.50379,34.0466],[139.50415,34.04689],[139.5046,34.04677],[139.50472,34.04712],[139.50523,34.04704],[139.50551,34.04747],[139.50636,34.04763],[139.5064,34.04777],[139.50799,34.04767],[139.5084,34.04741],[139.50897,34.04772],[139.50931,34.04762],[139.50972,34.04837],[139.51053,34.04838],[139.51119,34.04849],[139.51233,34.04882],[139.51376,34.04866],[139.51407,34.04848],[139.51521,34.04819],[139.51663,34.04798],[139.5168,34.04807],[139.51734,34.04791],[139.51897,34.0481],[139.51927,34.04733],[139.51947,34.04768],[139.51985,34.04757],[139.5201,34.04706],[139.52063,34.04736],[139.52101,34.04714],[139.52172,34.04718],[139.52175,34.04765],[139.52243,34.04843],[139.5232,34.04899],[139.52371,34.04921],[139.52535,34.04944],[139.52603,34.04919],[139.52686,34.04836],[139.5269,34.04813],[139.52747,34.04774],[139.52752,34.04759],[139.52863,34.04677],[139.52842,34.04652],[139.52916,34.0465],[139.52922,34.04685],[139.52946,34.04706],[139.52985,34.04664],[139.52991,34.04726],[139.53045,34.04731],[139.53085,34.04717],[139.53123,34.04686],[139.53187,34.04705],[139.53213,34.04753],[139.53195,34.04804],[139.53158,34.04855],[139.53247,34.04829],[139.53278,34.04875],[139.5334,34.04888],[139.53349,34.04933],[139.53388,34.04948],[139.53407,34.04981],[139.53401,34.05013],[139.53358,34.05054],[139.53394,34.05106],[139.53405,34.05194],[139.53373,34.05275],[139.53455,34.05315],[139.53545,34.05333],[139.53645,34.05343],[139.53736,34.05376],[139.53777,34.05378],[139.53859,34.05332],[139.53869,34.05365],[139.53836,34.05398],[139.53875,34.05449],[139.53929,34.0547],[139.53973,34.05545],[139.5404,34.05622],[139.54074,34.05645],[139.54148,34.0567],[139.5423,34.05629],[139.54324,34.05631],[139.54412,34.05679],[139.54452,34.05662],[139.54524,34.05593],[139.54621,34.0561],[139.54615,34.05635],[139.5452,34.05616],[139.54458,34.05667],[139.54415,34.05688],[139.54319,34.05641],[139.5427,34.05661],[139.54368,34.0571],[139.54371,34.05738],[139.5456,34.0582],[139.54604,34.05749],[139.54634,34.05785],[139.54741,34.0581],[139.54902,34.05827],[139.5502,34.05867],[139.55055,34.05857],[139.55099,34.05877],[139.55079,34.0591],[139.55099,34.05941],[139.55214,34.06007],[139.5527,34.06028],[139.55316,34.06015],[139.55355,34.06026],[139.55396,34.06078],[139.55404,34.06121],[139.55437,34.0613],[139.5546,34.06189],[139.55565,34.06237],[139.55533,34.06253],[139.55538,34.06305],[139.5552,34.06336],[139.55558,34.0636],[139.55672,34.06405],[139.55755,34.06459],[139.55794,34.06459],[139.55815,34.06441],[139.55874,34.06435],[139.55866,34.06466],[139.55904,34.06518],[139.55874,34.06574],[139.55937,34.06549],[139.55957,34.06567],[139.55982,34.06637],[139.55969,34.06649],[139.55985,34.06724],[139.56024,34.06718],[139.56073,34.06742],[139.56063,34.06798],[139.56098,34.06876],[139.5616,34.06863],[139.56272,34.0687],[139.56322,34.06908],[139.56279,34.06989],[139.5627,34.07059],[139.56294,34.07098],[139.56276,34.07112],[139.56312,34.07174],[139.56341,34.07184],[139.56326,34.07264],[139.56374,34.0737],[139.56365,34.07425],[139.5637,34.0746],[139.56332,34.07461],[139.56325,34.07534],[139.56303,34.07555],[139.5631,34.07643],[139.56293,34.07679],[139.563,34.07741],[139.56293,34.07771],[139.56315,34.07859],[139.56342,34.07905],[139.56389,34.07944],[139.56438,34.07938],[139.56693,34.07962],[139.56684,34.08024],[139.56736,34.08033],[139.56904,34.08047],[139.56992,34.08141],[139.5697,34.08156],[139.56883,34.08063],[139.56418,34.08015],[139.5633,34.08001],[139.5629,34.08063],[139.5629,34.08111],[139.56274,34.08182],[139.5622,34.08239],[139.56182,34.08242],[139.56163,34.08267],[139.5613,34.08352],[139.56117,34.0852],[139.56133,34.08638],[139.56167,34.08701],[139.56232,34.08747],[139.56269,34.08741],[139.56298,34.0876],[139.56325,34.08806],[139.56342,34.08863],[139.56314,34.08915],[139.56287,34.0899],[139.56287,34.0903],[139.56351,34.09108],[139.56431,34.09119],[139.56432,34.09141],[139.56393,34.0918],[139.56422,34.09215],[139.56453,34.09202],[139.56455,34.09257],[139.56519,34.09292],[139.56616,34.09317],[139.56649,34.09344],[139.56643,34.09366],[139.56601,34.09398],[139.56525,34.09376],[139.56511,34.09395],[139.56495,34.0947],[139.5653,34.09541],[139.56561,34.09577],[139.56564,34.09667],[139.5654,34.09686],[139.56533,34.09795],[139.56504,34.09826],[139.56446,34.09943],[139.5642,34.09947],[139.56385,34.09978],[139.56367,34.10031],[139.56376,34.10068],[139.56423,34.10078],[139.56475,34.10104],[139.56525,34.10095],[139.5655,34.1013],[139.56522,34.10221],[139.56384,34.10244],[139.56323,34.10263],[139.56298,34.1036],[139.56291,34.10424],[139.56322,34.1046],[139.56336,34.10549],[139.56299,34.10567],[139.56261,34.10632],[139.56249,34.10681],[139.56202,34.10708],[139.56177,34.10766],[139.56194,34.1079],[139.56159,34.10811],[139.5619,34.10855],[139.56106,34.10879],[139.56046,34.10916],[139.56031,34.10908],[139.55942,34.11006],[139.55896,34.11089],[139.55886,34.11162],[139.5583,34.11143],[139.55758,34.11185],[139.55684,34.11183],[139.55654,34.11221],[139.55544,34.11258],[139.55453,34.11339],[139.55423,34.11354],[139.55378,34.11407],[139.55372,34.11454],[139.55425,34.11476],[139.55435,34.11499],[139.55381,34.11515],[139.55359,34.11501],[139.5524,34.11492],[139.5519,34.11537],[139.55144,34.11556],[139.55116,34.11591],[139.55126,34.11622],[139.55033,34.11661],[139.54936,34.1168],[139.5491,34.11668],[139.54824,34.11663],[139.54764,34.11676],[139.54735,34.11699],[139.54712,34.11738],[139.54723,34.11821],[139.5471,34.11888],[139.54721,34.11904],[139.54687,34.11935],[139.54676,34.1198],[139.54622,34.12021],[139.54476,34.1209],[139.54437,34.12135],[139.5439,34.12144],[139.54332,34.12178],[139.54292,34.12175],[139.54227,34.12205],[139.54217,34.12225],[139.54137,34.12238],[139.54087,34.12274],[139.54043,34.1234],[139.53972,34.12371],[139.53975,34.12414],[139.53936,34.12409],[139.53934,34.12381],[139.53798,34.12342],[139.53742,34.12334],[139.53705,34.12348],[139.53673,34.12332],[139.53594,34.12339],[139.53603,34.12373],[139.5356,34.12406],[139.53504,34.12378],[139.53436,34.12407],[139.53395,34.1239],[139.53312,34.12455],[139.53279,34.12443],[139.53239,34.12455],[139.53244,34.12485],[139.53219,34.12543],[139.532,34.12531],[139.53231,34.12458],[139.53241,34.12406],[139.53235,34.12373],[139.52992,34.1241],[139.52986,34.12466],[139.53125,34.12445],[139.5312,34.1242],[139.53205,34.12408],[139.5321,34.12427],[139.5314,34.12431],[139.53122,34.12471],[139.53034,34.12501],[139.52951,34.12515],[139.5288,34.12494],[139.52818,34.125],[139.52748,34.1252],[139.52728,34.12499],[139.52681,34.1249],[139.52662,34.12463],[139.52611,34.12425],[139.52507,34.12411],[139.52406,34.12431],[139.52347,34.1246],[139.52264,34.12489],[139.52139,34.12479],[139.52058,34.1246],[139.52033,34.12439],[139.51923,34.12385],[139.51895,34.1233],[139.51835,34.12271],[139.51793,34.12243],[139.51753,34.12201],[139.51673,34.12187],[139.51556,34.12125],[139.5147,34.12097],[139.51391,34.12053],[139.51307,34.12035],[139.51217,34.12026],[139.51101,34.12035],[139.51015,34.12069],[139.50936,34.12111],[139.50911,34.12136],[139.50927,34.12197],[139.50861,34.1228],[139.50845,34.1227],[139.50913,34.12193],[139.50876,34.12129],[139.50817,34.12156],[139.50785,34.12219],[139.50737,34.12254],[139.50654,34.12268],[139.50608,34.12257],[139.50571,34.12228],[139.50523,34.12208],[139.50424,34.12181],[139.50365,34.12155],[139.50316,34.12156],[139.50274,34.12139],[139.50157,34.12131],[139.50031,34.12162],[139.50013,34.12177],[139.49895,34.12185],[139.49851,34.12181],[139.49807,34.12143],[139.49806,34.12125],[139.49763,34.12075],[139.49717,34.12064],[139.49673,34.12036],[139.4957,34.12013],[139.49504,34.12019],[139.49467,34.11996],[139.49371,34.11994],[139.49311,34.11952],[139.49279,34.11963],[139.49234,34.11889],[139.49154,34.11794],[139.49131,34.11784],[139.49131,34.11738],[139.49101,34.11696],[139.49105,34.11664],[139.49051,34.11556],[139.49017,34.11536],[139.48978,34.11393],[139.48929,34.11339],[139.48921,34.11254],[139.48984,34.11188],[139.49002,34.11155],[139.49056,34.11098],[139.49065,34.11075],[139.49109,34.11035],[139.49142,34.10967],[139.49183,34.10923],[139.4918,34.10809],[139.49217,34.10737],[139.4931,34.10678],[139.49358,34.10624],[139.49395,34.10554],[139.49393,34.10511],[139.49414,34.10456],[139.4937,34.10357],[139.49292,34.10304],[139.49296,34.1025],[139.49244,34.10203],[139.49142,34.10128],[139.49086,34.10104],[139.49018,34.10102],[139.48992,34.10075],[139.48952,34.10065],[139.48899,34.10127],[139.48879,34.10119],[139.48907,34.10072],[139.48855,34.10049],[139.48834,34.10073],[139.48845,34.10128],[139.48986,34.10195],[139.48884,34.10331],[139.48856,34.10316],[139.48946,34.102],[139.48797,34.10121],[139.48784,34.10066],[139.48832,34.10043],[139.48817,34.10005],[139.48811,34.09891],[139.48747,34.09831],[139.48781,34.09787],[139.48783,34.09737],[139.48808,34.09691],[139.48805,34.09664],[139.48839,34.09598],[139.48829,34.0956],[139.48788,34.09525],[139.48774,34.09491],[139.4869,34.09435],[139.48678,34.09404],[139.4863,34.09379],[139.48571,34.09315],[139.48522,34.09297],[139.48443,34.09286],[139.48389,34.09235],[139.48325,34.09194],[139.48284,34.09125],[139.48254,34.091],[139.48251,34.09062],[139.48224,34.09029],[139.48209,34.08915],[139.48224,34.08878],[139.48173,34.08837],[139.48224,34.08769],[139.4823,34.0873],[139.48196,34.08724],[139.48145,34.08695],[139.48094,34.08684],[139.48073,34.08647],[139.4803,34.08624],[139.48032,34.08606],[139.481,34.08595],[139.48139,34.08638],[139.48148,34.08592],[139.4812,34.08548],[139.48192,34.08537],[139.48226,34.08484],[139.4822,34.08416],[139.48169,34.08317],[139.48057,34.08222],[139.48002,34.08199],[139.47948,34.08153],[139.47931,34.08107],[139.47901,34.0807],[139.47822,34.08022],[139.47768,34.08016],[139.47648,34.07979],[139.47622,34.07992],[139.47585,34.07956],[139.47551,34.07904],[139.47524,34.07911],[139.47491,34.07868],[139.47401,34.07835],[139.47402,34.07808],[139.4735,34.07788],[139.47332,34.07748],[139.47338,34.07707],[139.47317,34.07699],[139.47312,34.07653],[139.47344,34.07658],[139.47429,34.07567],[139.47399,34.07503],[139.47431,34.07498],[139.47463,34.07472],[139.4744,34.07446],[139.47455,34.07394],[139.47506,34.0739],[139.47546,34.07326],[139.47573,34.07302],[139.47608,34.07301],[139.47636,34.07273],[139.47678,34.07292],[139.47817,34.07267],[139.47874,34.07221],[139.47891,34.07183],[139.47967,34.07127],[139.48018,34.07064],[139.48021,34.07017],[139.48049,34.0697],[139.48044,34.06929],[139.48025,34.06912],[139.48017,34.06859],[139.47949,34.0688],[139.47723,34.06783],[139.47731,34.0677],[139.47906,34.06846],[139.47989,34.0682],[139.47907,34.0663],[139.47928,34.0664],[139.47991,34.06786],[139.48051,34.06769],[139.48026,34.06708],[139.48056,34.067],[139.48077,34.06751],[139.48109,34.06742],[139.48123,34.06773],[139.48183,34.06755],[139.4814,34.06654],[139.48077,34.06672],[139.48074,34.06622],[139.48127,34.06606],[139.48087,34.06528],[139.48029,34.06544],[139.48044,34.066],[139.48011,34.0661],[139.47993,34.06562],[139.47959,34.0656],[139.47878,34.06524],[139.47851,34.06461],[139.47822,34.06417],[139.47784,34.06396],[139.47829,34.06343],[139.47786,34.06286],[139.47793,34.06193],[139.47774,34.06147],[139.47778,34.0611],[139.47761,34.0602],[139.47776,34.06001],[139.47834,34.06023],[139.47882,34.05938],[139.47875,34.05843],[139.47847,34.05812],[139.47902,34.05775],[139.47887,34.05741],[139.47915,34.05699],[139.47973,34.05737],[139.47976,34.05762],[139.48014,34.05768],[139.48066,34.05741],[139.4811,34.05696],[139.48106,34.05673],[139.48128,34.05624],[139.48134,34.05496],[139.48123,34.05454],[139.48099,34.05418],[139.48107,34.05373],[139.48141,34.0531],[139.48128,34.05282],[139.48161,34.0526],[139.48137,34.05205],[139.48198,34.05207],[139.48181,34.05174],[139.48204,34.05148],[139.48238,34.05149],[139.48244,34.05185],[139.48288,34.05185],[139.48309,34.05161],[139.48387,34.05212],[139.48431,34.05227],[139.48471,34.05255],[139.4852,34.05264],[139.48645,34.05224],[139.48689,34.05245],[139.4878,34.05238],[139.48837,34.05207],[139.48901,34.05159],[139.48881,34.05126],[139.48912,34.05111],[139.48956,34.05154],[139.48981,34.05143],[139.49019,34.05088],[139.49076,34.05053],[139.49083,34.04996],[139.49064,34.04965],[139.49116,34.04956],[139.4916,34.04934],[139.49197,34.04936],[139.49209,34.04876],[139.49265,34.04856],[139.49261,34.04824],[139.4929,34.04814],[139.49338,34.0483],[139.49358,34.04864],[139.49406,34.0489],[139.49522,34.04886],[139.49618,34.04845],[139.49634,34.04826],[139.49685,34.04833],[139.49717,34.048],[139.4979,34.04774],[139.49895,34.04689],[139.5,34.04676]]],[[[139.38486,34.04619],[139.38455,34.04635],[139.38441,34.04587],[139.38492,34.04525],[139.38589,34.04516],[139.38613,34.04533],[139.38584,34.0456],[139.38486,34.04619]]],[[[139.37821,34.04576],[139.37804,34.04544],[139.37904,34.04558],[139.37854,34.04581],[139.37821,34.04576]]]]},"properties":{"code":"13381","name":"三宅村"}},{"type":"Feature","geometry":{"type":"MultiPolygon","coordinates":[[[[139.62009,33.85139],[139.61967,33.85163],[139.61935,33.85159],[139.61917,33.85117],[139.61936,33.85083],[139.61984,33.8507],[139.62011,33.85046],[139.62078,33.85053],[139.62085,33.85073],[139.62009,33.85139]]],[[[139.625,33.8839],[139.62449,33.88448],[139.62314,33.88622],[139.62253,33.88675],[139.62155,33.8879],[139.61999,33.88988],[139.61878,33.89156],[139.61838,33.89189],[139.61833,33.89232],[139.618,33.89227],[139.61771,33.89248],[139.61704,33.89251],[139.61596,33.89311],[139.61556,33.89363],[139.61458,33.89439],[139.6136,33.89493],[139.61303,33.8954],[139.61213,33.89627],[139.61068,33.89787],[139.60921,33.89892],[139.60835,33.89909],[139.60669,33.90003],[139.60648,33.90024],[139.60541,33.90079],[139.60458,33.90097],[139.60405,33.90092],[139.60336,33.90107],[139.60233,33.90092],[139.60111,33.90084],[139.60036,33.90074],[139.59986,33.90035],[139.59911,33.90004],[139.59793,33.89986],[139.59759,33.8997],[139.59506,33.89905],[139.59433,33.899],[139.59303,33.89868],[139.59158,33.89824],[139.59123,33.89807],[139.59034,33.89872],[139.58963,33.89802],[139.58936,33.89786],[139.5894,33.8974],[139.59041,33.89839],[139.5909,33.89807],[139.59082,33.89782],[139.59032,33.89733],[139.59049,33.89705],[139.59026,33.89666],[139.58945,33.89591],[139.58866,33.89623],[139.58684,33.89753],[139.58666,33.89736],[139.58833,33.89616],[139.58861,33.896],[139.58899,33.89545],[139.58879,33.89503],[139.58786,33.89435],[139.58706,33.89494],[139.58694,33.89482],[139.58752,33.89424],[139.58693,33.89334],[139.58625,33.89263],[139.58573,33.89222],[139.58442,33.89076],[139.58394,33.89028],[139.58235,33.88845],[139.5821,33.88799],[139.58125,33.88681],[139.58087,33.8865],[139.58006,33.88532],[139.57943,33.88466],[139.57874,33.8836],[139.57809,33.88247],[139.57809,33.88233],[139.57753,33.8809],[139.57726,33.88006],[139.57692,33.87935],[139.5767,33.87768],[139.57696,33.87697],[139.57728,33.87484],[139.57723,33.87395],[139.5773,33.87335],[139.57725,33.87213],[139.57712,33.87155],[139.57709,33.86917],[139.577,33.86908],[139.577,33.86821],[139.57678,33.86714],[139.57672,33.8665],[139.57681,33.86554],[139.57715,33.86436],[139.57766,33.86311],[139.57833,33.86175],[139.579,33.86079],[139.57919,33.86042],[139.57961,33.85999],[139.58043,33.85938],[139.58153,33.85876],[139.58344,33.85783],[139.58459,33.85744],[139.58574,33.857],[139.58726,33.85627],[139.58796,33.85604],[139.5894,33.85542],[139.59017,33.8552],[139.591,33.85486],[139.59175,33.85464],[139.59247,33.85452],[139.59411,33.85474],[139.59478,33.85478],[139.59576,33.8547],[139.59682,33.85468],[139.59716,33.85474],[139.59955,33.8547],[139.60046,33.85479],[139.60225,33.85466],[139.60378,33.8546],[139.60511,33.85439],[139.60612,33.85434],[139.60708,33.85414],[139.60844,33.85392],[139.61012,33.85374],[139.61192,33.85333],[139.61415,33.85244],[139.6168,33.85216],[139.61742,33.85225],[139.61895,33.85206],[139.6194,33.8519],[139.62001,33.85185],[139.62037,33.85226],[139.6211,33.85263],[139.62156,33.85319],[139.62194,33.85388],[139.62304,33.85471],[139.62308,33.85484],[139.62385,33.85538],[139.62444,33.85624],[139.6245,33.85684],[139.6248,33.8575],[139.62541,33.85829],[139.62574,33.85893],[139.62613,33.85943],[139.62673,33.85999],[139.6276,33.86127],[139.62818,33.86191],[139.6282,33.86237],[139.62849,33.86283],[139.62879,33.86359],[139.6292,33.86416],[139.62933,33.86453],[139.6302,33.86599],[139.63044,33.86622],[139.63088,33.8673],[139.63128,33.86776],[139.63191,33.86999],[139.63185,33.87051],[139.63191,33.87117],[139.63166,33.8719],[139.63079,33.87276],[139.63003,33.87395],[139.62961,33.87522],[139.6295,33.87615],[139.62876,33.87731],[139.62848,33.87732],[139.62824,33.87775],[139.62795,33.87792],[139.62758,33.87869],[139.62725,33.87954],[139.62741,33.87979],[139.62695,33.88001],[139.62642,33.88117],[139.62564,33.88247],[139.62536,33.88323],[139.625,33.8839]]],[[[139.29951,33.65139],[139.29945,33.65182],[139.29918,33.65227],[139.29872,33.65227],[139.2985,33.65195],[139.2988,33.65108],[139.29937,33.6511],[139.29951,33.65139]]]]},"properties":{"code":"13382","name":"御蔵島村"}},{"type":"Feature","geometry":{"type":"MultiPolygon","coordinates":[[[[139.68333,33.11578],[139.68385,33.116],[139.68359,33.11629],[139.68312,33.11595],[139.68333,33.11578]]],[[[139.67501,33.13057],[139.67504,33.13001],[139.67544,33.12998],[139.67535,33.13055],[139.67501,33.13057]]],[[[139.70143,33.11833],[139.70129,33.118],[139.7016,33.11779],[139.70166,33.1183],[139.70143,33.11833]]],[[[139.83682,33.11907],[139.83693,33.11882],[139.83727,33.11882],[139.83725,33.11916],[139.83682,33.11907]]],[[[139.83819,33.11927],[139.83823,33.11868],[139.83863,33.11896],[139.83864,33.11936],[139.83819,33.11927]]],[[[139.68215,33.12266],[139.68239,33.12218],[139.68267,33.12132],[139.683,33.12077],[139.68349,33.12022],[139.68363,33.1199],[139.68383,33.11857],[139.6843,33.11807],[139.68495,33.11762],[139.68519,33.11758],[139.68598,33.11717],[139.68649,33.11713],[139.68756,33.11672],[139.68773,33.11648],[139.68825,33.11624],[139.68883,33.11617],[139.68942,33.11675],[139.68987,33.117],[139.69175,33.11746],[139.69286,33.11763],[139.69299,33.11753],[139.6938,33.11762],[139.69582,33.1174],[139.69723,33.11695],[139.69817,33.11676],[139.6983,33.11658],[139.69817,33.11599],[139.69827,33.11573],[139.69865,33.11553],[139.69912,33.11583],[139.69875,33.11601],[139.69959,33.11619],[139.70015,33.11643],[139.6998,33.11691],[139.70102,33.11759],[139.70128,33.11826],[139.70078,33.11859],[139.69999,33.11838],[139.69966,33.11904],[139.6994,33.11937],[139.69932,33.12006],[139.69914,33.12064],[139.69921,33.12102],[139.69911,33.12164],[139.69914,33.12282],[139.69899,33.12418],[139.69902,33.12455],[139.69846,33.12506],[139.69817,33.1257],[139.69807,33.12629],[139.69776,33.12668],[139.69769,33.12702],[139.69739,33.12733],[139.69724,33.12774],[139.69632,33.12859],[139.69526,33.12925],[139.69461,33.12932],[139.6939,33.12963],[139.69254,33.12986],[139.69146,33.13028],[139.69063,33.131],[139.69019,33.13115],[139.68953,33.13165],[139.68818,33.13324],[139.68765,33.13404],[139.68768,33.13432],[139.68738,33.13541],[139.68718,33.13568],[139.68746,33.13588],[139.68723,33.13612],[139.68676,33.13601],[139.68598,33.1364],[139.6858,33.13666],[139.68529,33.13639],[139.68416,33.13637],[139.684,33.1365],[139.683,33.13661],[139.6825,33.13637],[139.6822,33.13566],[139.68111,33.13497],[139.68039,33.13476],[139.67998,33.13501],[139.67968,33.13486],[139.67933,33.13422],[139.67859,33.1345],[139.67837,33.13498],[139.67842,33.13528],[139.67803,33.13546],[139.67747,33.13627],[139.6771,33.13649],[139.67666,33.13636],[139.67635,33.13611],[139.67589,33.13542],[139.67652,33.13476],[139.67621,33.13469],[139.67595,33.13434],[139.67593,33.13396],[139.67537,33.13352],[139.67558,33.13294],[139.67612,33.13277],[139.6766,33.13277],[139.67665,33.13203],[139.6761,33.13148],[139.67567,33.13132],[139.67538,33.13099],[139.6754,33.13076],[139.67589,33.13003],[139.67592,33.12969],[139.67613,33.12946],[139.67661,33.1297],[139.67706,33.12951],[139.6775,33.12896],[139.67807,33.12856],[139.67871,33.12777],[139.67909,33.12754],[139.67928,33.12715],[139.6801,33.12628],[139.68065,33.12581],[139.68152,33.12375],[139.68215,33.12266]]],[[[139.78019,33.08333],[139.78044,33.08184],[139.78037,33.08111],[139.78042,33.07958],[139.78027,33.07899],[139.78033,33.07834],[139.78045,33.0781],[139.7802,33.07784],[139.78036,33.07744],[139.78025,33.07694],[139.78042,33.07664],[139.78026,33.07624],[139.78039,33.07608],[139.78027,33.07564],[139.77985,33.07537],[139.78034,33.07525],[139.78065,33.07459],[139.78068,33.07408],[139.78093,33.07378],[139.78106,33.07316],[139.78147,33.07261],[139.78153,33.07227],[139.78187,33.07193],[139.7823,33.07172],[139.78254,33.07135],[139.78318,33.07085],[139.78326,33.07058],[139.78389,33.06998],[139.78428,33.06971],[139.78462,33.06975],[139.78547,33.06938],[139.7859,33.06937],[139.78687,33.0689],[139.78759,33.06838],[139.78798,33.06783],[139.78865,33.06744],[139.78896,33.06739],[139.78956,33.06693],[139.79046,33.06649],[139.79085,33.06654],[139.79217,33.06602],[139.79301,33.06593],[139.79383,33.06547],[139.79468,33.06461],[139.7948,33.06423],[139.79531,33.0634],[139.79524,33.06316],[139.79592,33.06297],[139.79587,33.0627],[139.7962,33.06256],[139.79707,33.06298],[139.79713,33.06266],[139.79873,33.06288],[139.79953,33.06308],[139.79968,33.06336],[139.80028,33.06373],[139.80108,33.06394],[139.80208,33.06385],[139.80353,33.06328],[139.80448,33.06256],[139.80513,33.06221],[139.80599,33.06124],[139.80627,33.06044],[139.80565,33.06032],[139.80579,33.06003],[139.80639,33.06002],[139.80684,33.05985],[139.80761,33.05934],[139.80832,33.0593],[139.80919,33.05891],[139.81001,33.05874],[139.81057,33.05877],[139.81092,33.059],[139.81228,33.05963],[139.81315,33.05963],[139.81375,33.05925],[139.814,33.05933],[139.81396,33.0584],[139.81425,33.05823],[139.81467,33.05827],[139.81493,33.05809],[139.81554,33.05809],[139.81556,33.05834],[139.81505,33.05832],[139.81436,33.05857],[139.81439,33.05894],[139.81518,33.05952],[139.81586,33.05919],[139.81612,33.05942],[139.81708,33.05931],[139.81862,33.0588],[139.81934,33.05845],[139.82001,33.05791],[139.82081,33.05695],[139.82177,33.05594],[139.82216,33.05531],[139.82261,33.05499],[139.82342,33.05427],[139.82409,33.05352],[139.82438,33.05338],[139.8248,33.05257],[139.82533,33.05224],[139.8257,33.05188],[139.82599,33.05123],[139.82655,33.05081],[139.82723,33.05003],[139.82749,33.04997],[139.82822,33.04946],[139.82864,33.04896],[139.82962,33.0484],[139.83029,33.04756],[139.8302,33.04717],[139.83045,33.04694],[139.83117,33.0466],[139.83163,33.04599],[139.83211,33.0459],[139.83222,33.0454],[139.83255,33.04525],[139.83289,33.04572],[139.8319,33.04631],[139.83298,33.04624],[139.833,33.04648],[139.83366,33.0466],[139.83421,33.04691],[139.83465,33.04734],[139.83566,33.04848],[139.83618,33.04931],[139.83646,33.04925],[139.837,33.0495],[139.83696,33.04975],[139.83659,33.04995],[139.83691,33.05063],[139.83654,33.05106],[139.8364,33.0519],[139.83602,33.05231],[139.83539,33.0528],[139.83511,33.05322],[139.83455,33.05381],[139.8342,33.05399],[139.83393,33.05438],[139.83347,33.05474],[139.83339,33.05523],[139.83354,33.05618],[139.83358,33.05683],[139.83369,33.05703],[139.83396,33.05905],[139.83364,33.05894],[139.83383,33.06045],[139.83415,33.06151],[139.83434,33.06257],[139.8338,33.06254],[139.83394,33.06299],[139.83375,33.06379],[139.83389,33.06413],[139.83349,33.06514],[139.83324,33.06535],[139.83315,33.06572],[139.8333,33.06689],[139.83355,33.06738],[139.83382,33.06762],[139.83468,33.06797],[139.83533,33.06796],[139.8366,33.06903],[139.83741,33.07012],[139.83803,33.07178],[139.83887,33.07313],[139.83913,33.07398],[139.83916,33.07443],[139.83895,33.075],[139.84003,33.076],[139.8403,33.07582],[139.84034,33.07553],[139.84073,33.07507],[139.8408,33.07417],[139.84097,33.07417],[139.84092,33.0751],[139.84122,33.07549],[139.84118,33.07567],[139.84056,33.07544],[139.8405,33.07572],[139.84103,33.07592],[139.84131,33.07579],[139.84183,33.0759],[139.84211,33.07628],[139.84239,33.07637],[139.84426,33.07569],[139.8449,33.07575],[139.84541,33.07562],[139.84581,33.07612],[139.84668,33.07702],[139.84718,33.07715],[139.8481,33.07767],[139.84884,33.07791],[139.84995,33.07801],[139.85032,33.07774],[139.85068,33.07775],[139.85112,33.07752],[139.85171,33.07743],[139.85274,33.07761],[139.85319,33.07749],[139.85389,33.07754],[139.85481,33.07745],[139.85524,33.07772],[139.8562,33.07806],[139.85641,33.07827],[139.85719,33.07861],[139.8575,33.07892],[139.85802,33.07887],[139.85843,33.07908],[139.8586,33.07936],[139.85843,33.07997],[139.85775,33.07982],[139.85742,33.08018],[139.85744,33.08042],[139.85802,33.08119],[139.85818,33.08126],[139.85831,33.08227],[139.85849,33.08299],[139.85925,33.08376],[139.85917,33.08404],[139.85871,33.08433],[139.85856,33.08468],[139.85855,33.08521],[139.85865,33.08583],[139.85832,33.08608],[139.85791,33.08662],[139.85728,33.08712],[139.85685,33.08766],[139.85623,33.08815],[139.85629,33.08855],[139.85579,33.08923],[139.85579,33.08965],[139.85512,33.09017],[139.85507,33.09049],[139.85465,33.09077],[139.8544,33.09143],[139.85464,33.09265],[139.85449,33.09276],[139.85437,33.09357],[139.85453,33.09403],[139.85491,33.0944],[139.8549,33.0948],[139.85523,33.09504],[139.85504,33.09536],[139.85544,33.09607],[139.85662,33.09713],[139.8574,33.09839],[139.8572,33.0994],[139.85686,33.09971],[139.85625,33.09986],[139.85579,33.10036],[139.85525,33.10119],[139.85502,33.10134],[139.8552,33.10165],[139.8541,33.10193],[139.85378,33.10248],[139.85303,33.10291],[139.85259,33.10356],[139.85226,33.10383],[139.85156,33.10463],[139.85068,33.10606],[139.85037,33.10683],[139.84987,33.10787],[139.84962,33.1091],[139.84923,33.10995],[139.84923,33.11089],[139.84896,33.11164],[139.84848,33.11207],[139.84845,33.11225],[139.84795,33.11255],[139.84782,33.11313],[139.84709,33.11392],[139.84689,33.11422],[139.84652,33.11437],[139.8463,33.11472],[139.84598,33.11487],[139.8463,33.11544],[139.84581,33.11544],[139.84532,33.11608],[139.84552,33.11657],[139.84605,33.11655],[139.84649,33.11675],[139.84625,33.11697],[139.8456,33.11704],[139.84498,33.11665],[139.84487,33.11629],[139.84394,33.1164],[139.8438,33.11628],[139.84236,33.11634],[139.84191,33.11657],[139.84162,33.11655],[139.8405,33.11687],[139.84002,33.11693],[139.8389,33.1173],[139.83877,33.11751],[139.83803,33.1178],[139.83769,33.11801],[139.83677,33.11812],[139.83606,33.11814],[139.83485,33.11786],[139.83445,33.11821],[139.83429,33.11792],[139.83387,33.11776],[139.83298,33.11766],[139.8329,33.11746],[139.83236,33.11732],[139.83089,33.11713],[139.83041,33.11712],[139.82916,33.11731],[139.8288,33.11722],[139.82836,33.11735],[139.82782,33.1173],[139.82732,33.11739],[139.8263,33.1177],[139.8255,33.11813],[139.82491,33.11878],[139.82395,33.11933],[139.82319,33.11942],[139.82282,33.11971],[139.82191,33.11985],[139.82147,33.11979],[139.82083,33.12008],[139.82,33.12023],[139.81961,33.12001],[139.81894,33.11988],[139.81838,33.11996],[139.81791,33.11982],[139.81767,33.12002],[139.81704,33.12022],[139.81722,33.1205],[139.81689,33.12137],[139.81693,33.12177],[139.81715,33.12188],[139.82139,33.12356],[139.82259,33.12319],[139.82267,33.12338],[139.82143,33.12375],[139.81974,33.12305],[139.81946,33.12355],[139.8178,33.12304],[139.81697,33.12335],[139.81689,33.12392],[139.81641,33.1245],[139.81621,33.12517],[139.81639,33.12569],[139.81533,33.12636],[139.81521,33.1269],[139.81551,33.12733],[139.81515,33.12763],[139.81502,33.12795],[139.81447,33.12831],[139.81417,33.12813],[139.81353,33.12834],[139.81279,33.1281],[139.81194,33.12818],[139.81149,33.12838],[139.81057,33.12899],[139.81029,33.12937],[139.80999,33.13006],[139.80956,33.13023],[139.80873,33.13014],[139.8077,33.13037],[139.80759,33.13088],[139.80728,33.13112],[139.80741,33.1314],[139.80699,33.13194],[139.80684,33.13193],[139.80603,33.13369],[139.8057,33.13358],[139.80657,33.13182],[139.8068,33.13153],[139.80672,33.1311],[139.80717,33.13015],[139.80677,33.12983],[139.80557,33.12944],[139.80561,33.13001],[139.805,33.12976],[139.80441,33.13049],[139.80415,33.13112],[139.80321,33.13157],[139.80309,33.13132],[139.802,33.13169],[139.80236,33.13245],[139.80345,33.13207],[139.80336,33.13189],[139.80376,33.1316],[139.80432,33.13175],[139.80447,33.13146],[139.80485,33.13158],[139.80533,33.13054],[139.8056,33.13063],[139.80499,33.13193],[139.80583,33.13203],[139.80555,33.13245],[139.80492,33.13236],[139.80475,33.1322],[139.80431,33.13254],[139.80366,33.13266],[139.80326,33.13252],[139.80285,33.13289],[139.80228,33.13282],[139.80185,33.1324],[139.80081,33.13248],[139.80022,33.13279],[139.79935,33.13299],[139.79935,33.1333],[139.79871,33.13347],[139.79803,33.13352],[139.79789,33.13368],[139.79811,33.13445],[139.79863,33.13461],[139.79879,33.1349],[139.79832,33.13537],[139.79807,33.13522],[139.79756,33.1352],[139.79742,33.13546],[139.79702,33.1353],[139.79678,33.13562],[139.79676,33.13628],[139.79702,33.13656],[139.79691,33.13714],[139.79696,33.13749],[139.79671,33.13782],[139.79647,33.13845],[139.7961,33.13887],[139.7962,33.13955],[139.79609,33.14052],[139.7963,33.14088],[139.79602,33.14105],[139.79642,33.14146],[139.79601,33.14163],[139.79624,33.142],[139.79598,33.14215],[139.79608,33.14247],[139.79544,33.14254],[139.79498,33.14216],[139.79372,33.14312],[139.79315,33.14336],[139.79318,33.14382],[139.79279,33.14379],[139.7922,33.14393],[139.792,33.14413],[139.79136,33.14422],[139.7909,33.14457],[139.79032,33.14518],[139.78967,33.14522],[139.78955,33.14541],[139.7889,33.1453],[139.78844,33.1461],[139.788,33.14639],[139.7877,33.14639],[139.78755,33.1468],[139.78715,33.14704],[139.78691,33.14735],[139.78675,33.14786],[139.78614,33.14793],[139.78585,33.14774],[139.78527,33.14797],[139.78419,33.14862],[139.78394,33.14854],[139.78348,33.14887],[139.78326,33.14928],[139.7825,33.14976],[139.78242,33.15003],[139.7819,33.15072],[139.7815,33.15102],[139.78158,33.15136],[139.78078,33.15131],[139.78075,33.15167],[139.78021,33.15233],[139.77983,33.15237],[139.7791,33.15314],[139.7785,33.15364],[139.778,33.15391],[139.77796,33.15424],[139.7782,33.15442],[139.77784,33.15481],[139.77733,33.15444],[139.7764,33.15496],[139.7761,33.15543],[139.77632,33.1559],[139.77595,33.15626],[139.77507,33.15638],[139.7745,33.1568],[139.77421,33.15721],[139.77425,33.15773],[139.77382,33.15742],[139.77298,33.15753],[139.77288,33.15739],[139.77234,33.1575],[139.772,33.1578],[139.77196,33.15809],[139.77223,33.15864],[139.77184,33.15872],[139.77089,33.15819],[139.76992,33.15813],[139.76946,33.15803],[139.76813,33.1575],[139.76775,33.15781],[139.76767,33.15822],[139.76707,33.15808],[139.76687,33.15829],[139.76634,33.15807],[139.76568,33.15811],[139.76526,33.15803],[139.76498,33.15822],[139.76354,33.15882],[139.76282,33.15881],[139.76263,33.15906],[139.76133,33.15922],[139.76079,33.15918],[139.76051,33.15898],[139.76001,33.15898],[139.75987,33.15923],[139.7594,33.15957],[139.75843,33.15955],[139.75743,33.15918],[139.75737,33.15881],[139.75685,33.15831],[139.75644,33.15846],[139.75607,33.15807],[139.75523,33.15804],[139.75499,33.15771],[139.7544,33.15769],[139.75424,33.15796],[139.75316,33.15794],[139.75276,33.15755],[139.75226,33.15772],[139.75212,33.15735],[139.75142,33.15718],[139.75049,33.15722],[139.74958,33.15697],[139.74914,33.15699],[139.74859,33.15671],[139.7483,33.15671],[139.74739,33.15627],[139.7472,33.15589],[139.74692,33.15573],[139.74601,33.15562],[139.74501,33.15479],[139.74444,33.15383],[139.74406,33.15396],[139.7434,33.15396],[139.74325,33.15369],[139.74383,33.15333],[139.74367,33.15305],[139.74385,33.15269],[139.74356,33.15237],[139.7434,33.1514],[139.74278,33.15055],[139.74233,33.14923],[139.74178,33.14904],[139.74162,33.14881],[139.74201,33.14802],[139.74171,33.14807],[139.74136,33.14733],[139.74095,33.14731],[139.74104,33.14697],[139.74067,33.14687],[139.74057,33.14654],[139.73959,33.14616],[139.73933,33.14581],[139.73879,33.14591],[139.73899,33.14552],[139.73952,33.14537],[139.73926,33.14497],[139.73961,33.14375],[139.73947,33.14309],[139.73884,33.14261],[139.73901,33.14237],[139.7386,33.14194],[139.73851,33.14161],[139.73866,33.14112],[139.73859,33.14077],[139.73878,33.14031],[139.73832,33.13848],[139.73856,33.13786],[139.7385,33.13756],[139.73924,33.13607],[139.73923,33.13564],[139.73972,33.13472],[139.73988,33.13414],[139.73972,33.13367],[139.73937,33.1337],[139.73913,33.13343],[139.7393,33.13324],[139.7397,33.13329],[139.73995,33.13273],[139.73998,33.13228],[139.73981,33.13142],[139.74011,33.13111],[139.74033,33.1306],[139.74119,33.12932],[139.74145,33.1285],[139.7413,33.12825],[139.7416,33.1277],[139.74206,33.12767],[139.7425,33.12713],[139.742,33.12718],[139.74196,33.1267],[139.74283,33.1269],[139.74288,33.12648],[139.74322,33.12643],[139.7435,33.1261],[139.74375,33.12519],[139.74397,33.12486],[139.74435,33.1239],[139.74432,33.12327],[139.74413,33.12302],[139.74458,33.12266],[139.74457,33.122],[139.74424,33.12168],[139.74445,33.12118],[139.74468,33.12108],[139.7455,33.1213],[139.7457,33.12084],[139.7456,33.1205],[139.74607,33.12055],[139.74634,33.1204],[139.74676,33.11964],[139.74734,33.1192],[139.7479,33.11904],[139.74777,33.11864],[139.74829,33.11813],[139.74901,33.11783],[139.74932,33.1174],[139.74945,33.11701],[139.75026,33.11625],[139.75098,33.11581],[139.75188,33.114],[139.75185,33.1137],[139.75247,33.11227],[139.75255,33.11175],[139.75236,33.1116],[139.75226,33.11063],[139.75193,33.11057],[139.75183,33.11012],[139.75204,33.10987],[139.75213,33.10939],[139.75258,33.10882],[139.75289,33.10876],[139.75296,33.10832],[139.75316,33.10802],[139.75319,33.1074],[139.75347,33.10708],[139.75347,33.10635],[139.75394,33.1058],[139.75365,33.10547],[139.75363,33.10511],[139.75395,33.10491],[139.75431,33.10515],[139.75465,33.10474],[139.75505,33.10508],[139.75528,33.10487],[139.75537,33.10432],[139.75513,33.10397],[139.75566,33.10382],[139.75614,33.10382],[139.75653,33.10332],[139.75698,33.1032],[139.75757,33.10262],[139.75778,33.10264],[139.75834,33.10235],[139.7597,33.10231],[139.75983,33.10244],[139.76085,33.10245],[139.76114,33.10253],[139.76259,33.10185],[139.7629,33.10195],[139.7634,33.10158],[139.76364,33.10159],[139.76398,33.1022],[139.76471,33.10221],[139.76522,33.10206],[139.76541,33.1016],[139.76586,33.10158],[139.76616,33.10183],[139.76673,33.10155],[139.76701,33.10173],[139.76788,33.10127],[139.76796,33.10065],[139.76824,33.10056],[139.7688,33.1008],[139.76976,33.10024],[139.76977,33.09967],[139.76933,33.09971],[139.76905,33.0994],[139.76954,33.09915],[139.7698,33.09919],[139.77078,33.09988],[139.77117,33.09984],[139.77062,33.09923],[139.77042,33.09872],[139.7701,33.09672],[139.77063,33.09666],[139.77098,33.09891],[139.77157,33.09883],[139.77182,33.09837],[139.77235,33.09811],[139.77225,33.09775],[139.7728,33.09772],[139.77296,33.09812],[139.77346,33.09844],[139.77343,33.09868],[139.77421,33.09897],[139.77457,33.09887],[139.77492,33.09906],[139.77517,33.09893],[139.77549,33.09773],[139.77586,33.09761],[139.77556,33.09852],[139.77595,33.0988],[139.77589,33.09916],[139.77528,33.09943],[139.77557,33.09991],[139.77591,33.09976],[139.7765,33.0998],[139.77655,33.10026],[139.77745,33.10044],[139.77776,33.1],[139.77864,33.10039],[139.77857,33.10074],[139.77947,33.10087],[139.77963,33.10007],[139.77868,33.09993],[139.77839,33.10003],[139.77744,33.09957],[139.77676,33.09878],[139.77615,33.09841],[139.77639,33.09803],[139.77672,33.09816],[139.77744,33.09749],[139.77786,33.09684],[139.77652,33.09612],[139.77493,33.09625],[139.77486,33.09607],[139.77646,33.09595],[139.77791,33.09681],[139.77883,33.09586],[139.77893,33.09508],[139.77937,33.0946],[139.77927,33.09418],[139.77957,33.09353],[139.77933,33.09312],[139.77978,33.09261],[139.7799,33.09183],[139.77985,33.09156],[139.77994,33.09044],[139.77981,33.09027],[139.78011,33.08949],[139.77999,33.08889],[139.77988,33.08761],[139.77993,33.08736],[139.77956,33.08685],[139.77974,33.08602],[139.77975,33.08559],[139.78018,33.08399],[139.78019,33.08333]]],[[[139.6884,33.11397],[139.68871,33.11402],[139.6888,33.11432],[139.68826,33.11463],[139.6884,33.11397]]],[[[139.69903,33.12943],[139.69924,33.12951],[139.69906,33.1301],[139.69844,33.1306],[139.69797,33.13049],[139.69801,33.13005],[139.69838,33.12961],[139.69903,33.12943]]]]},"properties":{"code":"13401","name":"八丈町"}},{"type":"Feature","geometry":{"type":"Polygon","coordinates":[[[139.75833,32.44705],[139.75907,32.44774],[139.76013,32.44693],[139.76029,32.44659],[139.75965,32.44651],[139.75909,32.44599],[139.75938,32.44577],[139.75984,32.4462],[139.76029,32.44632],[139.76127,32.44612],[139.76183,32.44609],[139.76307,32.44565],[139.76408,32.44587],[139.76473,32.44553],[139.76575,32.44485],[139.76667,32.44392],[139.7669,32.44351],[139.76751,32.44322],[139.76835,32.44301],[139.76886,32.443],[139.76909,32.4432],[139.77065,32.44339],[139.77135,32.44353],[139.77198,32.44379],[139.77234,32.44416],[139.77337,32.44475],[139.77491,32.44517],[139.7763,32.44569],[139.77788,32.44685],[139.77912,32.44728],[139.77934,32.44785],[139.78007,32.44819],[139.7803,32.44878],[139.78077,32.44926],[139.78062,32.44962],[139.7811,32.45025],[139.78105,32.45137],[139.7813,32.45237],[139.78115,32.45298],[139.7807,32.45338],[139.78046,32.45335],[139.78015,32.45377],[139.7801,32.45448],[139.78038,32.45537],[139.78047,32.45657],[139.78067,32.4567],[139.78079,32.45714],[139.78125,32.4572],[139.78135,32.45744],[139.78046,32.45742],[139.78022,32.45771],[139.78015,32.45846],[139.7799,32.45857],[139.77956,32.45904],[139.77942,32.45951],[139.77874,32.46017],[139.77834,32.46034],[139.778,32.46081],[139.77799,32.46118],[139.7775,32.46161],[139.77664,32.46197],[139.77636,32.46195],[139.77584,32.4622],[139.77553,32.46265],[139.77488,32.46307],[139.77444,32.46317],[139.77412,32.46351],[139.77365,32.46378],[139.77321,32.4642],[139.77272,32.46518],[139.77176,32.46575],[139.77115,32.4672],[139.77083,32.4676],[139.76995,32.46839],[139.77005,32.46896],[139.76964,32.46901],[139.76866,32.46962],[139.76847,32.46989],[139.76794,32.46991],[139.76726,32.47028],[139.76674,32.47043],[139.76555,32.47063],[139.76508,32.47083],[139.76389,32.47103],[139.76275,32.47128],[139.76203,32.47158],[139.76173,32.47183],[139.76078,32.47236],[139.76038,32.4725],[139.76023,32.47277],[139.7593,32.47337],[139.75885,32.47355],[139.7573,32.47295],[139.75669,32.47278],[139.7563,32.47256],[139.7558,32.47208],[139.75523,32.47177],[139.75517,32.47089],[139.75496,32.47008],[139.75502,32.46973],[139.75451,32.4676],[139.75436,32.46603],[139.75447,32.46496],[139.7543,32.46364],[139.75466,32.46261],[139.75489,32.46148],[139.75496,32.46075],[139.75498,32.4587],[139.7549,32.45769],[139.75477,32.45713],[139.75481,32.45623],[139.755,32.45524],[139.75457,32.45344],[139.75474,32.45277],[139.755,32.45223],[139.75497,32.45194],[139.75469,32.4515],[139.75512,32.45071],[139.75507,32.45042],[139.75581,32.44972],[139.75616,32.44974],[139.75653,32.44952],[139.75701,32.44945],[139.75756,32.44918],[139.75811,32.44861],[139.75864,32.44827],[139.75851,32.44754],[139.75833,32.44705]]]},"properties":{"code":"13402","name":"青ヶ島村"}},{"type":"Feature","geometry":{"type":"MultiPolygon","coordinates":[[[[142.16218,27.12006],[142.16244,27.12023],[142.16237,27.12051],[142.16204,27.12064],[142.16169,27.12046],[142.16173,27.12025],[142.16218,27.12006]]],[[[142.125,27.68281],[142.12535,27.68284],[142.12587,27.68314],[142.12593,27.68353],[142.1255,27.68362],[142.12481,27.68311],[142.125,27.68281]]],[[[142.125,27.68016],[142.12508,27.67986],[142.12444,27.6797],[142.12356,27.67934],[142.12356,27.67921],[142.1241,27.67885],[142.12533,27.67849],[142.1253,27.67798],[142.12581,27.6776],[142.12623,27.67787],[142.12654,27.67833],[142.12675,27.6791],[142.12706,27.67934],[142.12715,27.67989],[142.12686,27.68044],[142.12697,27.68099],[142.12682,27.68151],[142.12657,27.68174],[142.12628,27.68142],[142.12583,27.68114],[142.12482,27.68065],[142.1247,27.6803],[142.125,27.68016]]],[[[141.28441,24.79923],[141.28465,24.79857],[141.2849,24.79821],[141.28541,24.7981],[141.28599,24.79769],[141.2863,24.79805],[141.2863,24.79859],[141.2862,24.79942],[141.28635,24.79959],[141.2865,24.80041],[141.28647,24.80148],[141.28667,24.80185],[141.28713,24.80233],[141.28707,24.80293],[141.28752,24.80329],[141.28763,24.80413],[141.28743,24.80448],[141.28765,24.80471],[141.2878,24.80571],[141.2881,24.80615],[141.28762,24.80721],[141.28703,24.80683],[141.28629,24.80653],[141.28585,24.80574],[141.2856,24.80511],[141.28552,24.80457],[141.28518,24.80352],[141.2851,24.80302],[141.2851,24.80231],[141.28476,24.80169],[141.28465,24.80043],[141.28441,24.79923]]],[[[141.275,25.42151],[141.27524,25.42047],[141.2752,25.42029],[141.27576,25.41971],[141.27614,25.41943],[141.2769,25.4191],[141.27776,25.41897],[141.27836,25.41879],[141.27904,25.41878],[141.27991,25.41891],[141.28071,25.41887],[141.28178,25.41892],[141.28264,25.41908],[141.28357,25.41934],[141.28466,25.42008],[141.28519,25.42024],[141.286,25.42032],[141.28765,25.42077],[141.28809,25.42117],[141.28873,25.4214],[141.28885,25.42155],[141.28988,25.42194],[141.29048,25.42238],[141.29139,25.42364],[141.29213,25.42442],[141.29288,25.42533],[141.29328,25.42572],[141.29352,25.42658],[141.29349,25.42733],[141.29322,25.42904],[141.29288,25.42978],[141.29283,25.43052],[141.29248,25.43189],[141.2925,25.43267],[141.29228,25.43314],[141.29234,25.43387],[141.29276,25.43462],[141.29293,25.43555],[141.29318,25.43647],[141.29298,25.43809],[141.29251,25.43927],[141.29121,25.43993],[141.29064,25.44052],[141.29031,25.44115],[141.29008,25.44195],[141.2902,25.44277],[141.29024,25.44358],[141.28996,25.44448],[141.2897,25.44493],[141.28901,25.44564],[141.28865,25.44614],[141.2885,25.44701],[141.28815,25.44733],[141.28679,25.44786],[141.28544,25.44824],[141.28504,25.4485],[141.28442,25.44864],[141.28361,25.44894],[141.28321,25.44895],[141.28244,25.44881],[141.28153,25.44845],[141.28089,25.44828],[141.28013,25.44797],[141.27902,25.44714],[141.27831,25.4465],[141.27779,25.44562],[141.27716,25.44486],[141.27636,25.44441],[141.27549,25.44348],[141.27436,25.44238],[141.27372,25.44167],[141.27314,25.44057],[141.27281,25.43942],[141.27287,25.43881],[141.27265,25.4376],[141.27275,25.43657],[141.27271,25.43524],[141.27262,25.43397],[141.27246,25.43367],[141.27243,25.43319],[141.27221,25.43267],[141.27226,25.43235],[141.27213,25.43166],[141.27213,25.43085],[141.27223,25.42939],[141.27266,25.42803],[141.27323,25.42614],[141.27382,25.425],[141.27447,25.42306],[141.27484,25.42177],[141.275,25.42151]]],[[[141.28512,24.75],[141.28541,24.74957],[141.28531,24.74923],[141.28559,24.74909],[141.28581,24.74836],[141.28589,24.7471],[141.28562,24.74593],[141.28609,24.74557],[141.2863,24.74567],[141.28721,24.74582],[141.28754,24.74595],[141.28821,24.74603],[141.28931,24.747],[141.29067,24.74788],[141.2918,24.74824],[141.29246,24.74868],[141.29324,24.74947],[141.29338,24.74994],[141.29366,24.75132],[141.29422,24.75189],[141.29516,24.75245],[141.29639,24.75336],[141.29722,24.75381],[141.29768,24.75399],[141.2988,24.75431],[141.30015,24.75494],[141.30185,24.75581],[141.3032,24.75642],[141.30363,24.75651],[141.30414,24.75648],[141.30439,24.75614],[141.30496,24.75655],[141.30514,24.7569],[141.30576,24.75722],[141.30858,24.75851],[141.30981,24.75895],[141.31193,24.75949],[141.31308,24.75989],[141.31434,24.76056],[141.31606,24.76131],[141.31674,24.76166],[141.31871,24.76244],[141.31977,24.76278],[141.32081,24.76323],[141.32171,24.76348],[141.32284,24.76369],[141.32397,24.76405],[141.32563,24.76488],[141.32705,24.76547],[141.32802,24.76604],[141.32914,24.76661],[141.32964,24.76693],[141.33099,24.76789],[141.33205,24.76853],[141.33388,24.76893],[141.33532,24.76959],[141.33641,24.76975],[141.33684,24.7696],[141.33787,24.76966],[141.33829,24.76995],[141.33927,24.77039],[141.34039,24.77096],[141.34135,24.77111],[141.34169,24.7713],[141.34246,24.77158],[141.34339,24.77165],[141.34386,24.77202],[141.34505,24.77268],[141.34576,24.77299],[141.34597,24.77325],[141.34614,24.77437],[141.34648,24.77525],[141.34674,24.77563],[141.3473,24.77578],[141.34758,24.77599],[141.34787,24.77654],[141.34801,24.77656],[141.34872,24.77756],[141.34932,24.77853],[141.34959,24.77922],[141.34986,24.78019],[141.35004,24.78139],[141.35021,24.78338],[141.35007,24.78428],[141.35007,24.7848],[141.35019,24.78609],[141.3501,24.7866],[141.34975,24.78795],[141.34919,24.78892],[141.349,24.78935],[141.34837,24.79043],[141.34779,24.79125],[141.34739,24.79204],[141.3472,24.79258],[141.34678,24.79412],[141.34689,24.79546],[141.34698,24.79606],[141.34672,24.79661],[141.34623,24.79698],[141.34507,24.79801],[141.3443,24.79882],[141.34395,24.79932],[141.34371,24.79998],[141.34282,24.80106],[141.34227,24.80181],[141.34149,24.80267],[141.34109,24.80324],[141.34103,24.80387],[141.34131,24.80403],[141.34109,24.80429],[141.34127,24.80485],[141.3407,24.80479],[141.34022,24.80494],[141.33953,24.80563],[141.33867,24.80667],[141.33822,24.80711],[141.33755,24.80809],[141.33718,24.80882],[141.33604,24.80951],[141.33472,24.81046],[141.33393,24.81092],[141.33254,24.81192],[141.33033,24.81332],[141.32905,24.8137],[141.328,24.81392],[141.32627,24.81415],[141.32515,24.81404],[141.32379,24.81398],[141.32244,24.81385],[141.32135,24.81394],[141.32011,24.81361],[141.31946,24.81332],[141.31884,24.81292],[141.31837,24.81241],[141.31786,24.81211],[141.31715,24.8119],[141.31567,24.81183],[141.31387,24.81189],[141.31309,24.81179],[141.31222,24.81145],[141.31121,24.81073],[141.3104,24.81029],[141.30995,24.80997],[141.30961,24.80954],[141.30915,24.80921],[141.30802,24.80862],[141.30582,24.8077],[141.30502,24.80725],[141.30447,24.80681],[141.30428,24.8062],[141.30435,24.80516],[141.30415,24.80464],[141.30359,24.80386],[141.30254,24.80289],[141.30179,24.80201],[141.30014,24.80065],[141.29911,24.79994],[141.29745,24.79905],[141.29636,24.79815],[141.29553,24.79767],[141.29482,24.79742],[141.29366,24.79691],[141.2917,24.79579],[141.29092,24.79548],[141.28996,24.79488],[141.28948,24.79426],[141.28944,24.79367],[141.28927,24.79332],[141.28841,24.79272],[141.28795,24.79265],[141.28743,24.7921],[141.28702,24.79121],[141.2865,24.79078],[141.28629,24.79049],[141.28624,24.7898],[141.28582,24.78917],[141.28589,24.7887],[141.28572,24.78829],[141.28582,24.78812],[141.28551,24.78755],[141.28553,24.78683],[141.28522,24.78687],[141.285,24.78662],[141.28509,24.78591],[141.28549,24.78577],[141.28599,24.78526],[141.2866,24.78509],[141.28719,24.78522],[141.2875,24.78545],[141.28801,24.78556],[141.28824,24.78577],[141.28891,24.7854],[141.28926,24.78487],[141.29014,24.78412],[141.29049,24.7837],[141.29077,24.78305],[141.29098,24.78199],[141.29119,24.78064],[141.29158,24.77914],[141.29177,24.77826],[141.29184,24.77758],[141.29161,24.77687],[141.29172,24.77638],[141.29157,24.77551],[141.29136,24.77502],[141.29142,24.77449],[141.29165,24.77423],[141.29204,24.77414],[141.29212,24.77366],[141.292,24.77298],[141.29144,24.77146],[141.29128,24.77058],[141.29072,24.76931],[141.29022,24.76837],[141.28946,24.76646],[141.28915,24.76528],[141.28915,24.76507],[141.28884,24.76419],[141.28876,24.7632],[141.28915,24.76236],[141.28915,24.76182],[141.28878,24.76073],[141.28807,24.75957],[141.28779,24.75897],[141.28727,24.75819],[141.28635,24.75701],[141.28598,24.75623],[141.28564,24.75534],[141.28526,24.75458],[141.28488,24.75341],[141.28478,24.75284],[141.28492,24.75204],[141.28493,24.75137],[141.28477,24.75072],[141.28485,24.75032],[141.28512,24.75]]],[[[142.15071,26.54642],[142.15115,26.54669],[142.15076,26.54741],[142.15047,26.54751],[142.15006,26.54729],[142.15033,26.54638],[142.15071,26.54642]]],[[[142.15807,26.54434],[142.15767,26.54506],[142.15791,26.54565],[142.15814,26.54579],[142.15794,26.54626],[142.15793,26.54675],[142.15852,26.54691],[142.15932,26.54682],[142.15955,26.54706],[142.15998,26.54709],[142.16092,26.5481],[142.16099,26.54839],[142.16087,26.54883],[142.16111,26.54908],[142.16086,26.55001],[142.16106,26.55041],[142.1605,26.55097],[142.1606,26.55125],[142.16104,26.55114],[142.16115,26.55159],[142.16089,26.55197],[142.16087,26.55279],[142.16061,26.55295],[142.15998,26.55313],[142.15994,26.5534],[142.16059,26.55377],[142.16057,26.55422],[142.16017,26.5547],[142.15992,26.55449],[142.15905,26.55441],[142.15903,26.55481],[142.15917,26.55518],[142.15901,26.55585],[142.15928,26.5562],[142.15928,26.55644],[142.15961,26.55669],[142.15934,26.55732],[142.15953,26.55784],[142.15994,26.55809],[142.16047,26.55813],[142.16065,26.55829],[142.16088,26.55885],[142.16131,26.55937],[142.16133,26.55972],[142.16095,26.56004],[142.16108,26.56019],[142.16107,26.5608],[142.16075,26.56133],[142.1603,26.56154],[142.15897,26.5618],[142.15884,26.56169],[142.15782,26.56171],[142.15677,26.56195],[142.15603,26.5624],[142.15574,26.56266],[142.15605,26.56324],[142.156,26.56355],[142.15565,26.56375],[142.15577,26.56429],[142.15499,26.56429],[142.15494,26.56471],[142.15473,26.56494],[142.15442,26.56473],[142.15446,26.56451],[142.15368,26.56457],[142.15348,26.56423],[142.15285,26.56425],[142.15266,26.56407],[142.15275,26.5636],[142.15217,26.56351],[142.15177,26.56293],[142.15158,26.56219],[142.15192,26.56195],[142.15256,26.56229],[142.15276,26.56205],[142.15268,26.56107],[142.1529,26.56053],[142.15298,26.56003],[142.15349,26.55974],[142.15318,26.5594],[142.15226,26.559],[142.15208,26.55865],[142.15229,26.55843],[142.15275,26.55832],[142.15308,26.55805],[142.15257,26.55778],[142.15255,26.55725],[142.15241,26.55701],[142.15259,26.55677],[142.15339,26.55671],[142.153,26.55626],[142.15302,26.556],[142.15346,26.55552],[142.15461,26.55567],[142.15481,26.5555],[142.15449,26.55502],[142.15495,26.55503],[142.15489,26.55459],[142.15502,26.55411],[142.15438,26.55449],[142.15401,26.55452],[142.15346,26.5544],[142.15334,26.55403],[142.1537,26.55371],[142.15348,26.55335],[142.15358,26.55271],[142.15378,26.55223],[142.15412,26.55191],[142.15478,26.55169],[142.15505,26.55097],[142.155,26.55074],[142.15518,26.55027],[142.15494,26.54986],[142.15483,26.5493],[142.1543,26.54933],[142.15379,26.54886],[142.15337,26.54895],[142.1534,26.54815],[142.15332,26.54776],[142.15239,26.54824],[142.15212,26.54854],[142.1515,26.54836],[142.15107,26.54843],[142.15084,26.54806],[142.15088,26.54736],[142.15129,26.54661],[142.15161,26.54653],[142.15227,26.54654],[142.15255,26.54682],[142.15283,26.54669],[142.15325,26.54679],[142.15347,26.54636],[142.15312,26.54597],[142.15324,26.54556],[142.1539,26.54494],[142.1542,26.545],[142.1545,26.54448],[142.15438,26.54379],[142.15504,26.54409],[142.15532,26.54401],[142.15534,26.54368],[142.15598,26.54336],[142.15659,26.5434],[142.15702,26.54325],[142.15744,26.5437],[142.15784,26.54389],[142.15807,26.54434]]],[[[142.2327,26.56654],[142.23297,26.56622],[142.23329,26.56659],[142.23389,26.56663],[142.23498,26.56731],[142.23557,26.5675],[142.23608,26.56796],[142.2363,26.56758],[142.23731,26.56771],[142.23757,26.56796],[142.2381,26.56804],[142.23842,26.56827],[142.23889,26.56794],[142.23944,26.56792],[142.23963,26.56764],[142.24,26.56763],[142.24013,26.5681],[142.24017,26.56898],[142.23978,26.56952],[142.23914,26.56944],[142.23898,26.57002],[142.2385,26.57034],[142.2382,26.57041],[142.2379,26.57024],[142.23771,26.57047],[142.23699,26.57051],[142.23669,26.57041],[142.236,26.57062],[142.23562,26.57088],[142.23497,26.57104],[142.23484,26.57139],[142.23426,26.57206],[142.23349,26.57241],[142.23353,26.57275],[142.23319,26.57301],[142.23326,26.57337],[142.23236,26.57416],[142.23187,26.57396],[142.23167,26.57475],[142.23111,26.57556],[142.23052,26.57575],[142.2303,26.57558],[142.23038,26.57501],[142.23007,26.57498],[142.22981,26.57518],[142.22948,26.57512],[142.22916,26.57414],[142.22834,26.5738],[142.22785,26.57314],[142.22785,26.57276],[142.22756,26.57229],[142.22723,26.57214],[142.22726,26.57192],[142.22682,26.57154],[142.22654,26.57096],[142.22655,26.57061],[142.22673,26.57028],[142.22704,26.57017],[142.22722,26.56988],[142.22747,26.5699],[142.22792,26.56937],[142.2283,26.56932],[142.22848,26.56906],[142.22831,26.5685],[142.22756,26.56839],[142.22734,26.56822],[142.22755,26.56728],[142.22683,26.5676],[142.22632,26.56737],[142.22619,26.567],[142.22583,26.56643],[142.2259,26.56602],[142.22613,26.56573],[142.22671,26.56557],[142.22701,26.5657],[142.22718,26.56534],[142.22651,26.56492],[142.22662,26.56449],[142.22691,26.56427],[142.22683,26.56382],[142.22758,26.56369],[142.22865,26.56381],[142.22925,26.56421],[142.2291,26.56447],[142.22939,26.56461],[142.2292,26.56494],[142.22937,26.56508],[142.22989,26.56505],[142.23005,26.56543],[142.23031,26.56558],[142.23077,26.56548],[142.23089,26.56566],[142.23062,26.56592],[142.23116,26.56638],[142.23162,26.56657],[142.2321,26.56641],[142.23226,26.56665],[142.2327,26.56654]]],[[[142.12358,26.71667],[142.12351,26.7171],[142.12318,26.71691],[142.12286,26.71725],[142.12252,26.71713],[142.12232,26.71652],[142.1221,26.71642],[142.12171,26.71585],[142.12238,26.71592],[142.1225,26.71607],[142.12328,26.71637],[142.12358,26.71667]]],[[[142.13379,26.70235],[142.13414,26.70276],[142.13385,26.70285],[142.13379,26.70235]]],[[[142.16453,26.7],[142.16432,26.70026],[142.16402,26.70002],[142.16416,26.69981],[142.16453,26.7]]],[[[142.16469,26.70042],[142.16506,26.70049],[142.16581,26.70112],[142.1653,26.70106],[142.16469,26.70042]]],[[[142.1652,27.11554],[142.16489,27.11566],[142.16419,27.11548],[142.16385,27.11517],[142.16197,27.11512],[142.16175,27.11488],[142.16181,27.11455],[142.16147,27.11407],[142.16197,27.11386],[142.16159,27.11327],[142.16209,27.11288],[142.16225,27.11311],[142.16263,27.11304],[142.16288,27.11318],[142.16396,27.11313],[142.16484,27.11292],[142.16515,27.11318],[142.16559,27.1129],[142.16579,27.11295],[142.16611,27.11332],[142.16617,27.11369],[142.1665,27.11377],[142.16638,27.11415],[142.16655,27.11457],[142.16733,27.11515],[142.1678,27.11508],[142.16837,27.11458],[142.16898,27.11466],[142.16908,27.11488],[142.1695,27.11476],[142.16971,27.11539],[142.17003,27.1153],[142.17049,27.11498],[142.17068,27.11523],[142.17064,27.11558],[142.17092,27.11593],[142.17134,27.11612],[142.17133,27.11635],[142.17178,27.11636],[142.17222,27.11623],[142.17218,27.11674],[142.17167,27.1165],[142.17106,27.11704],[142.17066,27.11777],[142.17036,27.11915],[142.17008,27.11926],[142.16954,27.12001],[142.16948,27.12057],[142.16922,27.12075],[142.16914,27.12116],[142.16893,27.12117],[142.16838,27.1216],[142.16767,27.12126],[142.16705,27.12039],[142.16674,27.12029],[142.16618,27.12033],[142.16516,27.12136],[142.16487,27.12141],[142.16441,27.12118],[142.1636,27.12154],[142.1633,27.12129],[142.1636,27.12094],[142.16383,27.12008],[142.16442,27.11941],[142.16483,27.11919],[142.16545,27.11794],[142.16489,27.11782],[142.1654,27.11733],[142.16576,27.11726],[142.16549,27.11692],[142.16544,27.1165],[142.16508,27.11594],[142.1652,27.11554]]],[[[142.19005,27.12086],[142.19016,27.12108],[142.19102,27.12108],[142.19109,27.12134],[142.19228,27.12208],[142.19278,27.12297],[142.19333,27.12326],[142.19411,27.12327],[142.19492,27.12297],[142.1955,27.12329],[142.19655,27.1232],[142.197,27.12338],[142.19787,27.12337],[142.1984,27.12319],[142.19882,27.12271],[142.19915,27.12251],[142.20007,27.12218],[142.20073,27.12225],[142.20131,27.12198],[142.20165,27.12168],[142.20156,27.12138],[142.20198,27.12135],[142.20224,27.12114],[142.2021,27.12058],[142.20214,27.12019],[142.20195,27.11993],[142.20241,27.11948],[142.20328,27.11946],[142.20387,27.1192],[142.20421,27.1189],[142.20502,27.1184],[142.20525,27.11836],[142.20562,27.11866],[142.20604,27.11845],[142.20634,27.11802],[142.20639,27.11738],[142.20632,27.11685],[142.20591,27.11644],[142.20572,27.11604],[142.20536,27.11578],[142.20453,27.1154],[142.20398,27.11535],[142.20408,27.11494],[142.20336,27.11449],[142.20309,27.11424],[142.20269,27.11424],[142.20249,27.11446],[142.20203,27.11467],[142.20132,27.11411],[142.20183,27.11391],[142.20225,27.11392],[142.2027,27.11339],[142.202,27.11295],[142.20214,27.11249],[142.20268,27.11249],[142.20274,27.11209],[142.20232,27.11187],[142.2015,27.11172],[142.20142,27.11152],[142.20058,27.11127],[142.20035,27.1108],[142.20069,27.11045],[142.20077,27.1098],[142.20176,27.10987],[142.20201,27.11015],[142.20254,27.10995],[142.20431,27.11038],[142.20491,27.11016],[142.20521,27.1095],[142.20555,27.10979],[142.2065,27.10922],[142.20674,27.10914],[142.20709,27.10953],[142.20775,27.10952],[142.20807,27.10903],[142.20907,27.10875],[142.2094,27.10887],[142.20995,27.10886],[142.21041,27.10914],[142.21059,27.10945],[142.21111,27.10963],[142.21165,27.10953],[142.21262,27.10962],[142.21325,27.10945],[142.21367,27.10924],[142.21436,27.10928],[142.21511,27.10897],[142.21553,27.10909],[142.216,27.10902],[142.2165,27.10847],[142.21753,27.10861],[142.21776,27.10913],[142.21818,27.10911],[142.21835,27.1089],[142.21875,27.10906],[142.21901,27.10876],[142.21936,27.10885],[142.2198,27.1087],[142.22004,27.10888],[142.21998,27.10971],[142.21975,27.10992],[142.21974,27.11027],[142.21998,27.11063],[142.22069,27.11086],[142.22183,27.11046],[142.22232,27.11041],[142.22275,27.11013],[142.22304,27.11027],[142.22305,27.11053],[142.22391,27.11075],[142.22414,27.11053],[142.22457,27.11039],[142.2253,27.11036],[142.22538,27.1107],[142.22566,27.11099],[142.22604,27.11114],[142.22664,27.11103],[142.2269,27.11069],[142.22706,27.11016],[142.22757,27.11051],[142.2282,27.11016],[142.22866,27.11013],[142.2291,27.10987],[142.22987,27.1098],[142.23033,27.11018],[142.23077,27.11031],[142.23093,27.11],[142.23142,27.1098],[142.23169,27.10919],[142.23238,27.10905],[142.23309,27.10903],[142.23344,27.10915],[142.23388,27.1091],[142.23406,27.10942],[142.23414,27.10998],[142.23458,27.11005],[142.23506,27.10977],[142.23557,27.10959],[142.2357,27.11016],[142.23498,27.11046],[142.23505,27.11079],[142.23543,27.11091],[142.23572,27.11133],[142.23608,27.11159],[142.23603,27.11229],[142.23585,27.11277],[142.2358,27.11326],[142.23593,27.11353],[142.23566,27.11397],[142.23534,27.11417],[142.23467,27.11429],[142.23419,27.11427],[142.234,27.1144],[142.23346,27.11429],[142.23336,27.11402],[142.23246,27.11388],[142.23249,27.11439],[142.23202,27.11444],[142.23164,27.11421],[142.2311,27.11412],[142.23103,27.11442],[142.23062,27.11449],[142.23004,27.1144],[142.22986,27.11474],[142.22898,27.1145],[142.22906,27.11486],[142.22867,27.115],[142.22768,27.11496],[142.22741,27.11516],[142.22709,27.11567],[142.22714,27.11615],[142.22683,27.11626],[142.22647,27.11614],[142.22601,27.11624],[142.22607,27.11694],[142.22667,27.11704],[142.22672,27.11747],[142.22703,27.11799],[142.2273,27.11825],[142.22703,27.11892],[142.22655,27.11939],[142.22731,27.11939],[142.22744,27.11979],[142.22702,27.11998],[142.22621,27.11984],[142.22582,27.1204],[142.22617,27.12132],[142.22655,27.12147],[142.22698,27.12129],[142.22727,27.12164],[142.22698,27.12184],[142.22659,27.12251],[142.22664,27.12321],[142.22686,27.1235],[142.22662,27.12406],[142.22613,27.12397],[142.22596,27.12419],[142.22543,27.12404],[142.22532,27.12351],[142.22473,27.1235],[142.22434,27.12312],[142.22403,27.12301],[142.22364,27.12347],[142.22382,27.12382],[142.22316,27.12453],[142.22329,27.12548],[142.22309,27.1258],[142.22256,27.1263],[142.22215,27.12649],[142.22163,27.12646],[142.22166,27.12691],[142.2214,27.12729],[142.22084,27.12733],[142.22079,27.12694],[142.22043,27.12709],[142.22027,27.12801],[142.22011,27.12833],[142.21966,27.12828],[142.21953,27.12853],[142.219,27.1289],[142.21835,27.12861],[142.2179,27.12926],[142.21857,27.12957],[142.21898,27.13025],[142.21921,27.13041],[142.21938,27.13106],[142.21912,27.13162],[142.21943,27.13166],[142.21966,27.13189],[142.21964,27.13266],[142.21887,27.13291],[142.21868,27.13311],[142.21689,27.13358],[142.21652,27.13346],[142.21646,27.13254],[142.21612,27.1323],[142.21541,27.1324],[142.21516,27.13231],[142.21496,27.13195],[142.21462,27.13178],[142.21411,27.1317],[142.21389,27.1314],[142.21357,27.13137],[142.21293,27.13108],[142.21276,27.13087],[142.21229,27.13094],[142.21186,27.13067],[142.21144,27.13084],[142.21112,27.13063],[142.21107,27.13039],[142.21054,27.13017],[142.21025,27.13052],[142.20982,27.13028],[142.20927,27.1294],[142.20845,27.12926],[142.20684,27.12919],[142.20645,27.12904],[142.20585,27.12905],[142.20565,27.12895],[142.20519,27.12824],[142.20503,27.12886],[142.20504,27.12953],[142.20485,27.12995],[142.20509,27.13055],[142.20482,27.13094],[142.2052,27.13105],[142.20564,27.13176],[142.20613,27.13208],[142.20626,27.13252],[142.20581,27.13302],[142.20679,27.13275],[142.20693,27.1332],[142.20688,27.13406],[142.2067,27.13422],[142.20621,27.13418],[142.20511,27.13486],[142.20485,27.13484],[142.20459,27.13403],[142.20407,27.13446],[142.20357,27.13454],[142.20335,27.13407],[142.20312,27.13398],[142.20282,27.13359],[142.20282,27.1333],[142.2022,27.13312],[142.20171,27.13324],[142.2013,27.13292],[142.20099,27.13308],[142.20029,27.1327],[142.20033,27.13355],[142.20012,27.13408],[142.19976,27.13438],[142.19959,27.13476],[142.19928,27.13493],[142.19884,27.13482],[142.19822,27.13479],[142.19809,27.13498],[142.19681,27.13554],[142.19706,27.13608],[142.19616,27.13688],[142.19537,27.13742],[142.19458,27.13784],[142.19525,27.13827],[142.19541,27.13871],[142.19565,27.13885],[142.19564,27.13919],[142.19599,27.13955],[142.19574,27.13989],[142.19607,27.14016],[142.19595,27.14039],[142.19537,27.14018],[142.19439,27.14017],[142.19386,27.14069],[142.19373,27.14104],[142.19391,27.14168],[142.1936,27.14193],[142.1939,27.14248],[142.19382,27.14308],[142.19408,27.14342],[142.19402,27.14364],[142.19321,27.14372],[142.19297,27.14362],[142.19259,27.14301],[142.19221,27.14295],[142.19201,27.1433],[142.19222,27.14354],[142.19221,27.14406],[142.19183,27.14418],[142.19118,27.14418],[142.19044,27.14372],[142.19045,27.14338],[142.19075,27.14279],[142.19124,27.14217],[142.19131,27.14107],[142.19085,27.14075],[142.191,27.14052],[142.19086,27.1399],[142.1904,27.13951],[142.18985,27.13936],[142.18968,27.13845],[142.18945,27.13833],[142.18929,27.13768],[142.18899,27.13697],[142.1892,27.13665],[142.18979,27.13667],[142.1902,27.13601],[142.19095,27.13604],[142.1913,27.1359],[142.19105,27.13523],[142.19136,27.13483],[142.19168,27.1346],[142.19208,27.13397],[142.19245,27.13415],[142.19292,27.13405],[142.19311,27.13351],[142.1925,27.13324],[142.19202,27.13284],[142.1914,27.13261],[142.19088,27.13226],[142.19057,27.13219],[142.1904,27.13193],[142.19007,27.13194],[142.18969,27.13156],[142.18937,27.13141],[142.18867,27.13078],[142.18857,27.13045],[142.18781,27.1304],[142.18746,27.1309],[142.18725,27.13089],[142.18681,27.13021],[142.18735,27.13027],[142.18795,27.12976],[142.18839,27.12891],[142.1885,27.12797],[142.18876,27.1274],[142.18864,27.12712],[142.18829,27.12681],[142.18913,27.12653],[142.18989,27.12589],[142.19045,27.12558],[142.19069,27.12525],[142.19081,27.12477],[142.19064,27.12411],[142.19048,27.12415],[142.1902,27.12325],[142.18987,27.12301],[142.18868,27.12287],[142.1885,27.12265],[142.18805,27.1225],[142.18767,27.12194],[142.18709,27.12197],[142.18712,27.12153],[142.18754,27.12128],[142.1881,27.12113],[142.18875,27.12123],[142.18913,27.12094],[142.18943,27.12093],[142.18995,27.12066],[142.19005,27.12086]]],[[[142.195,27.19293],[142.19512,27.19292],[142.1956,27.19369],[142.19597,27.19371],[142.19661,27.19415],[142.19769,27.19416],[142.19773,27.19439],[142.19819,27.19457],[142.19841,27.19481],[142.19869,27.19557],[142.1985,27.19573],[142.19848,27.19638],[142.19824,27.1967],[142.19777,27.19601],[142.1977,27.19562],[142.19742,27.19549],[142.19651,27.19591],[142.19523,27.19644],[142.1947,27.19596],[142.19423,27.19599],[142.19365,27.19552],[142.19344,27.19454],[142.19346,27.19391],[142.19376,27.19353],[142.19441,27.19323],[142.19433,27.193],[142.195,27.19293]]],[[[142.125,27.68357],[142.12537,27.6842],[142.12583,27.6843],[142.12647,27.68403],[142.12687,27.68355],[142.12679,27.683],[142.12704,27.6828],[142.12696,27.68239],[142.12713,27.68229],[142.12721,27.68174],[142.1276,27.68163],[142.12835,27.6817],[142.12893,27.68163],[142.12934,27.6811],[142.12913,27.68079],[142.12933,27.68063],[142.12936,27.68008],[142.12952,27.67988],[142.12993,27.67981],[142.13022,27.67923],[142.13056,27.67906],[142.13107,27.67839],[142.13149,27.67841],[142.13165,27.67861],[142.13145,27.6794],[142.13165,27.67965],[142.13237,27.67962],[142.13251,27.67904],[142.13275,27.67886],[142.13314,27.67893],[142.13325,27.67947],[142.13323,27.68017],[142.13299,27.68099],[142.13334,27.68124],[142.13398,27.68148],[142.13443,27.68144],[142.13465,27.68173],[142.13499,27.68155],[142.13517,27.68127],[142.13518,27.68052],[142.13542,27.68009],[142.13623,27.68009],[142.13664,27.6798],[142.13695,27.6798],[142.13712,27.68007],[142.13746,27.67997],[142.13746,27.67926],[142.13796,27.67903],[142.13866,27.67916],[142.1389,27.6789],[142.13913,27.67808],[142.13911,27.67789],[142.13835,27.67766],[142.13812,27.6774],[142.13809,27.67679],[142.13848,27.67625],[142.13894,27.6761],[142.1395,27.67612],[142.13903,27.67564],[142.13898,27.67539],[142.1386,27.67526],[142.13851,27.67501],[142.13781,27.67446],[142.13797,27.67422],[142.13863,27.67406],[142.13911,27.67365],[142.13934,27.67329],[142.13906,27.67307],[142.13871,27.67307],[142.13861,27.67269],[142.13927,27.67248],[142.13936,27.67216],[142.13966,27.67208],[142.14049,27.67257],[142.14083,27.67294],[142.14141,27.67281],[142.1415,27.67251],[142.14109,27.67236],[142.1408,27.67198],[142.14083,27.67164],[142.14111,27.67145],[142.14222,27.67143],[142.14259,27.67127],[142.14275,27.67145],[142.14359,27.67165],[142.1439,27.67153],[142.14438,27.67105],[142.14469,27.67088],[142.14568,27.67059],[142.146,27.67067],[142.14665,27.67104],[142.14714,27.67144],[142.1473,27.67182],[142.14762,27.67203],[142.14816,27.67268],[142.1483,27.67267],[142.14872,27.67316],[142.14881,27.67355],[142.14844,27.67396],[142.14831,27.67448],[142.14841,27.67492],[142.14832,27.67549],[142.14843,27.6769],[142.14859,27.67718],[142.14831,27.6775],[142.1483,27.67789],[142.14805,27.67814],[142.1483,27.67882],[142.14794,27.67934],[142.14794,27.67966],[142.1484,27.67997],[142.14864,27.68084],[142.14774,27.68204],[142.14764,27.6824],[142.14827,27.68241],[142.14837,27.68277],[142.14813,27.68362],[142.14737,27.68421],[142.14722,27.68458],[142.14647,27.68508],[142.14568,27.68534],[142.14538,27.68519],[142.14514,27.68565],[142.14481,27.68594],[142.14359,27.68633],[142.14319,27.68637],[142.14238,27.68732],[142.14259,27.68802],[142.14264,27.68852],[142.14248,27.68885],[142.14145,27.68895],[142.14077,27.68864],[142.14011,27.68859],[142.14002,27.68783],[142.14039,27.68688],[142.13998,27.68645],[142.1395,27.68631],[142.13872,27.68563],[142.13847,27.68577],[142.13837,27.68637],[142.13797,27.68663],[142.13765,27.68668],[142.13749,27.68697],[142.1371,27.68692],[142.13685,27.68655],[142.13646,27.68669],[142.13659,27.68716],[142.13625,27.68736],[142.1355,27.68704],[142.13526,27.68655],[142.13453,27.68629],[142.13409,27.68624],[142.13367,27.68598],[142.13328,27.6859],[142.13266,27.68553],[142.13245,27.68635],[142.1324,27.68693],[142.13223,27.68735],[142.13226,27.6879],[142.13255,27.6881],[142.13266,27.6885],[142.13288,27.68851],[142.13298,27.68893],[142.1327,27.68908],[142.13224,27.68864],[142.13155,27.68853],[142.13134,27.68861],[142.13131,27.68912],[142.13101,27.68926],[142.13065,27.6891],[142.13046,27.6888],[142.12993,27.68879],[142.12959,27.68847],[142.12977,27.68819],[142.12955,27.68789],[142.12898,27.68784],[142.12863,27.68816],[142.12816,27.68819],[142.12774,27.68785],[142.12776,27.68759],[142.12736,27.68755],[142.12711,27.68734],[142.12521,27.68699],[142.12534,27.68657],[142.12516,27.68627],[142.12506,27.68553],[142.12406,27.68538],[142.12384,27.68464],[142.12399,27.68384],[142.12392,27.68351],[142.12459,27.68336],[142.125,27.68357]]],[[[142.17375,26.62159],[142.17418,26.62192],[142.17398,26.62214],[142.17366,26.62175],[142.17375,26.62159]]],[[[142.14568,26.65243],[142.14617,26.65247],[142.14607,26.65302],[142.14569,26.65361],[142.14505,26.65357],[142.14462,26.65327],[142.14492,26.65315],[142.14525,26.65261],[142.14568,26.65243]]],[[[142.14884,26.66667],[142.14931,26.66587],[142.14904,26.66551],[142.14945,26.66541],[142.14942,26.66492],[142.14957,26.66367],[142.14926,26.66332],[142.14933,26.66276],[142.14913,26.66261],[142.14924,26.66206],[142.14881,26.66178],[142.14843,26.66133],[142.14816,26.6614],[142.14804,26.66102],[142.14762,26.66059],[142.14778,26.66031],[142.1469,26.6597],[142.14671,26.65945],[142.1467,26.65898],[142.14634,26.6585],[142.14628,26.65817],[142.14577,26.65839],[142.14521,26.65824],[142.14536,26.65765],[142.1453,26.65716],[142.14503,26.65698],[142.14518,26.65648],[142.14558,26.65624],[142.14589,26.65671],[142.14626,26.65688],[142.14656,26.65663],[142.14702,26.65683],[142.14747,26.65637],[142.14724,26.65605],[142.14726,26.65577],[142.14691,26.65545],[142.14739,26.65498],[142.14843,26.65463],[142.14885,26.65394],[142.14868,26.6534],[142.14846,26.65314],[142.14807,26.65296],[142.14782,26.65332],[142.14679,26.65376],[142.14663,26.65361],[142.1464,26.65286],[142.14663,26.6528],[142.14715,26.65237],[142.14757,26.65224],[142.14715,26.65183],[142.14745,26.65141],[142.14789,26.65138],[142.14788,26.65164],[142.14822,26.65174],[142.14875,26.65138],[142.14891,26.65092],[142.14851,26.65046],[142.14864,26.64995],[142.14847,26.64946],[142.14856,26.64918],[142.14902,26.64935],[142.14946,26.64903],[142.14942,26.64843],[142.14968,26.64819],[142.15002,26.64827],[142.15037,26.64801],[142.15111,26.64775],[142.1519,26.64775],[142.15232,26.6475],[142.15246,26.64719],[142.15284,26.64681],[142.15288,26.64636],[142.15261,26.64604],[142.15236,26.64603],[142.15169,26.6456],[142.15158,26.64533],[142.15163,26.64484],[142.15215,26.64456],[142.1523,26.64434],[142.15238,26.64349],[142.1526,26.64288],[142.1532,26.64254],[142.15326,26.64185],[142.15318,26.64152],[142.15284,26.64104],[142.15322,26.64054],[142.15307,26.64001],[142.1532,26.63948],[142.15349,26.63902],[142.15327,26.63856],[142.15363,26.63824],[142.15385,26.63785],[142.15381,26.63752],[142.15401,26.63728],[142.15396,26.63671],[142.15409,26.63594],[142.1545,26.63573],[142.15496,26.63598],[142.15512,26.63579],[142.15548,26.63592],[142.15606,26.63563],[142.15643,26.63568],[142.1574,26.63529],[142.15799,26.63496],[142.15874,26.63467],[142.1588,26.63493],[142.1567,26.63579],[142.15695,26.63633],[142.15745,26.63695],[142.15753,26.63725],[142.15828,26.63699],[142.15843,26.6372],[142.15735,26.63756],[142.15757,26.63796],[142.1585,26.63893],[142.15922,26.63836],[142.15849,26.63761],[142.15894,26.63773],[142.1601,26.63892],[142.15994,26.63975],[142.16027,26.63991],[142.16071,26.63992],[142.16106,26.63975],[142.16142,26.6394],[142.16134,26.63877],[142.16102,26.63841],[142.161,26.63784],[142.16126,26.63735],[142.16111,26.63689],[142.16118,26.63669],[142.16083,26.63622],[142.16071,26.63588],[142.16086,26.63477],[142.1613,26.63409],[142.16096,26.63355],[142.16128,26.63356],[142.16139,26.63282],[142.16083,26.63255],[142.16134,26.63209],[142.16102,26.63178],[142.16148,26.63085],[142.16183,26.63033],[142.16212,26.63031],[142.16271,26.62994],[142.16321,26.6302],[142.16333,26.62992],[142.1642,26.63009],[142.1642,26.63045],[142.16448,26.63047],[142.16491,26.63099],[142.16507,26.63136],[142.16607,26.63164],[142.16667,26.63157],[142.16739,26.6311],[142.16758,26.63156],[142.16809,26.63182],[142.16828,26.63211],[142.16853,26.63206],[142.16954,26.63227],[142.17014,26.63186],[142.17024,26.63146],[142.17065,26.63138],[142.17092,26.63096],[142.17116,26.631],[142.17143,26.6305],[142.17146,26.62987],[142.17197,26.62946],[142.17208,26.62906],[142.17185,26.6287],[142.17215,26.62826],[142.17279,26.62849],[142.1731,26.62818],[142.17296,26.62754],[142.17337,26.62716],[142.17321,26.62636],[142.17342,26.62618],[142.17324,26.62569],[142.17396,26.62577],[142.17417,26.62561],[142.17426,26.62507],[142.1745,26.62447],[142.1748,26.62431],[142.17522,26.6246],[142.17647,26.62405],[142.17615,26.62386],[142.17582,26.6239],[142.17617,26.62329],[142.17613,26.62297],[142.17556,26.62291],[142.1753,26.62276],[142.17483,26.62294],[142.17471,26.62272],[142.17419,26.6224],[142.17455,26.62176],[142.17527,26.62148],[142.1757,26.62166],[142.17605,26.62146],[142.17627,26.62154],[142.17663,26.62114],[142.17657,26.62055],[142.17601,26.6203],[142.17584,26.62011],[142.17641,26.61984],[142.1769,26.62021],[142.17718,26.62019],[142.17732,26.61925],[142.17711,26.61878],[142.17697,26.6179],[142.17726,26.61739],[142.17672,26.61757],[142.17645,26.6174],[142.1766,26.61698],[142.17639,26.61682],[142.17655,26.61642],[142.17733,26.61585],[142.17742,26.61536],[142.17786,26.61549],[142.17817,26.6149],[142.17749,26.61479],[142.17678,26.61366],[142.17628,26.61351],[142.1759,26.61321],[142.17596,26.61264],[142.17516,26.61271],[142.17526,26.61174],[142.17495,26.61145],[142.17443,26.61146],[142.1747,26.61103],[142.17443,26.61092],[142.17433,26.6102],[142.17363,26.60993],[142.17358,26.60924],[142.17384,26.60886],[142.1736,26.60844],[142.17365,26.60807],[142.17391,26.60805],[142.17465,26.60845],[142.17478,26.60927],[142.17472,26.60945],[142.17521,26.60966],[142.17646,26.60962],[142.1768,26.60921],[142.1773,26.60908],[142.17701,26.60865],[142.17726,26.60819],[142.1776,26.60779],[142.17793,26.6078],[142.17811,26.60748],[142.17882,26.60798],[142.17919,26.60868],[142.17915,26.60906],[142.17959,26.6093],[142.18005,26.60892],[142.18059,26.60929],[142.181,26.60938],[142.18075,26.60977],[142.18131,26.60975],[142.18162,26.61008],[142.18136,26.61039],[142.18145,26.61087],[142.18173,26.61089],[142.18211,26.61118],[142.18255,26.61107],[142.18306,26.61115],[142.18309,26.61157],[142.1833,26.61189],[142.18294,26.61208],[142.18252,26.61187],[142.18219,26.612],[142.1822,26.61286],[142.18208,26.61348],[142.18191,26.61376],[142.18092,26.61418],[142.18117,26.61477],[142.18098,26.61542],[142.18129,26.61548],[142.18089,26.61642],[142.18138,26.61651],[142.18139,26.61681],[142.18105,26.61722],[142.18121,26.61752],[142.18113,26.61806],[142.18084,26.61828],[142.181,26.61856],[142.18138,26.61869],[142.18187,26.61931],[142.18163,26.61965],[142.18173,26.62005],[142.18157,26.62037],[142.18179,26.6206],[142.18157,26.62094],[142.18177,26.62121],[142.18181,26.62199],[142.18215,26.62251],[142.18186,26.62267],[142.18133,26.62404],[142.18115,26.62378],[142.18078,26.62377],[142.18025,26.62428],[142.18028,26.6247],[142.18061,26.62511],[142.18045,26.62538],[142.18039,26.62623],[142.18042,26.62729],[142.18065,26.62799],[142.18111,26.62841],[142.18101,26.6287],[142.18071,26.62903],[142.18035,26.6292],[142.1801,26.6296],[142.18022,26.62989],[142.1801,26.63013],[142.18063,26.63046],[142.18045,26.63108],[142.18007,26.63151],[142.17973,26.63153],[142.17925,26.63193],[142.17908,26.6322],[142.17859,26.63251],[142.17823,26.63292],[142.17735,26.63301],[142.17713,26.63334],[142.17714,26.63361],[142.1774,26.63386],[142.17722,26.63412],[142.17588,26.63449],[142.17573,26.6347],[142.17536,26.63474],[142.17463,26.63525],[142.17404,26.6353],[142.17397,26.6355],[142.17346,26.6357],[142.17273,26.63613],[142.17258,26.63643],[142.173,26.63684],[142.17294,26.63745],[142.17317,26.63849],[142.17325,26.63919],[142.17295,26.63985],[142.17207,26.6403],[142.17219,26.64056],[142.17263,26.64069],[142.17223,26.64165],[142.17185,26.64176],[142.17152,26.64244],[142.1717,26.6426],[142.17156,26.64291],[142.17119,26.64321],[142.17123,26.64343],[142.17195,26.64367],[142.17287,26.64459],[142.17351,26.64468],[142.17334,26.64522],[142.17342,26.64578],[142.17327,26.64653],[142.1737,26.64711],[142.17415,26.64735],[142.17457,26.64796],[142.17447,26.64839],[142.17474,26.64847],[142.17409,26.64889],[142.1745,26.64909],[142.17457,26.64933],[142.17441,26.64986],[142.17405,26.65045],[142.17423,26.65107],[142.17422,26.65161],[142.17382,26.65186],[142.17381,26.65265],[142.17433,26.65319],[142.17434,26.65362],[142.17423,26.65406],[142.17434,26.65437],[142.1748,26.65467],[142.17493,26.65448],[142.17562,26.65501],[142.17593,26.65507],[142.17706,26.65453],[142.17725,26.6547],[142.17832,26.65475],[142.17875,26.65444],[142.17935,26.65425],[142.17949,26.65384],[142.18028,26.65312],[142.18057,26.65346],[142.18102,26.65327],[142.18116,26.65374],[142.18153,26.65353],[142.18212,26.65373],[142.18209,26.65419],[142.18238,26.65417],[142.18265,26.65446],[142.1837,26.65466],[142.18387,26.65487],[142.18419,26.65471],[142.18421,26.65388],[142.18496,26.65336],[142.18558,26.65423],[142.18518,26.655],[142.18512,26.65528],[142.18472,26.6558],[142.18514,26.65615],[142.1857,26.65588],[142.18617,26.65596],[142.18639,26.65577],[142.18709,26.65546],[142.18733,26.6555],[142.18793,26.65516],[142.18843,26.65544],[142.1884,26.65588],[142.18817,26.65626],[142.18841,26.65639],[142.18825,26.65706],[142.18771,26.65696],[142.18737,26.65721],[142.18766,26.65764],[142.18813,26.65792],[142.18828,26.65869],[142.18884,26.65884],[142.1892,26.65915],[142.18871,26.65963],[142.18828,26.6594],[142.18777,26.65943],[142.18724,26.65958],[142.1871,26.65924],[142.1868,26.65948],[142.18649,26.65946],[142.18626,26.65967],[142.18603,26.65944],[142.18593,26.659],[142.18572,26.6588],[142.18527,26.65871],[142.18504,26.65884],[142.18467,26.65846],[142.18435,26.65874],[142.18413,26.65924],[142.18409,26.65979],[142.18305,26.65957],[142.18316,26.65923],[142.18279,26.65906],[142.18262,26.65938],[142.18264,26.65971],[142.18198,26.65939],[142.1819,26.65893],[142.18224,26.65838],[142.18267,26.65815],[142.18229,26.65682],[142.18178,26.65665],[142.18126,26.65687],[142.18067,26.65698],[142.18032,26.65611],[142.17991,26.65593],[142.17921,26.65546],[142.1783,26.65557],[142.17732,26.65581],[142.17671,26.65549],[142.17639,26.65579],[142.17649,26.65619],[142.17601,26.65668],[142.1756,26.65665],[142.1757,26.65628],[142.17503,26.65578],[142.17448,26.65578],[142.17353,26.65593],[142.17266,26.6562],[142.17215,26.65673],[142.17172,26.65692],[142.17099,26.6577],[142.17071,26.65773],[142.17011,26.65813],[142.16949,26.65836],[142.1684,26.65807],[142.168,26.65812],[142.16757,26.65793],[142.1673,26.65832],[142.16685,26.65809],[142.16649,26.65834],[142.16644,26.65876],[142.1668,26.65902],[142.16662,26.65924],[142.16606,26.65955],[142.16583,26.65954],[142.16574,26.66001],[142.16512,26.6601],[142.16483,26.66025],[142.16425,26.66022],[142.16403,26.66054],[142.16453,26.66092],[142.16446,26.66148],[142.1643,26.6619],[142.16396,26.66237],[142.16354,26.66257],[142.16382,26.66351],[142.16358,26.66379],[142.16386,26.66405],[142.16387,26.66434],[142.1629,26.66491],[142.16318,26.66535],[142.1628,26.66563],[142.16252,26.66602],[142.16257,26.66637],[142.16218,26.66659],[142.16227,26.66775],[142.16219,26.66807],[142.16279,26.66881],[142.16276,26.67011],[142.16249,26.67085],[142.16214,26.67155],[142.16164,26.67288],[142.1617,26.67346],[142.16183,26.67378],[142.16254,26.67444],[142.16276,26.6745],[142.16311,26.67541],[142.16365,26.67617],[142.16382,26.67691],[142.16378,26.67726],[142.16403,26.6778],[142.16442,26.67804],[142.1646,26.67792],[142.16536,26.67812],[142.16507,26.67912],[142.16529,26.67985],[142.16557,26.68004],[142.16621,26.68017],[142.16627,26.68046],[142.16664,26.6805],[142.16703,26.68095],[142.16662,26.68133],[142.16665,26.68176],[142.16641,26.682],[142.16674,26.68217],[142.16616,26.68275],[142.16619,26.68329],[142.16594,26.68421],[142.16602,26.68472],[142.16713,26.68525],[142.16732,26.68516],[142.16775,26.68589],[142.16773,26.68629],[142.16791,26.6871],[142.1681,26.68735],[142.16797,26.68757],[142.16743,26.68764],[142.16723,26.68791],[142.16806,26.6881],[142.16841,26.68836],[142.16855,26.68894],[142.16846,26.6893],[142.1685,26.6899],[142.16799,26.68982],[142.16719,26.68953],[142.16705,26.6892],[142.16641,26.68915],[142.16621,26.6885],[142.16629,26.68801],[142.16606,26.68744],[142.16555,26.68723],[142.16531,26.6869],[142.16491,26.68685],[142.16411,26.68712],[142.16361,26.68692],[142.16301,26.68693],[142.16281,26.68665],[142.16212,26.68701],[142.16133,26.68704],[142.16119,26.68661],[142.16023,26.68678],[142.15992,26.68694],[142.15932,26.68687],[142.15876,26.68612],[142.15837,26.6861],[142.15811,26.68588],[142.15789,26.68609],[142.15721,26.68591],[142.15652,26.68532],[142.15533,26.68474],[142.1549,26.68459],[142.15374,26.68404],[142.15277,26.68391],[142.15232,26.68369],[142.15111,26.68363],[142.15025,26.68372],[142.14975,26.68368],[142.14911,26.68381],[142.14855,26.68418],[142.14842,26.68458],[142.14754,26.68499],[142.14684,26.68501],[142.14658,26.68533],[142.1466,26.68616],[142.14698,26.68672],[142.14715,26.68736],[142.14672,26.68771],[142.14666,26.68817],[142.14695,26.68934],[142.14661,26.6897],[142.14669,26.69001],[142.14652,26.69065],[142.14635,26.69086],[142.14584,26.69088],[142.14549,26.69126],[142.14555,26.69176],[142.14608,26.69265],[142.14576,26.69284],[142.1458,26.69338],[142.14615,26.69378],[142.14712,26.69426],[142.14743,26.69385],[142.14778,26.69407],[142.14813,26.6936],[142.14757,26.69219],[142.14773,26.69214],[142.14831,26.69362],[142.14823,26.69388],[142.14782,26.69442],[142.14816,26.69458],[142.14877,26.69464],[142.14898,26.69438],[142.14966,26.69451],[142.15009,26.69437],[142.15048,26.69409],[142.15093,26.69424],[142.15095,26.69462],[142.15122,26.69512],[142.15111,26.69551],[142.15125,26.69597],[142.15087,26.69626],[142.1509,26.69675],[142.15125,26.69723],[142.15174,26.69728],[142.15222,26.69748],[142.15288,26.69801],[142.15315,26.69859],[142.15356,26.69836],[142.15389,26.69874],[142.15444,26.699],[142.15497,26.69866],[142.15532,26.69883],[142.15682,26.6992],[142.15684,26.69983],[142.15752,26.7001],[142.15794,26.69996],[142.15827,26.7002],[142.15835,26.70051],[142.15897,26.70046],[142.1589,26.70074],[142.15943,26.70107],[142.15982,26.70117],[142.16029,26.7017],[142.16082,26.7016],[142.16119,26.70133],[142.16159,26.70073],[142.16244,26.70026],[142.16289,26.70036],[142.16322,26.70014],[142.16395,26.70037],[142.16431,26.70079],[142.16483,26.701],[142.16459,26.70128],[142.16483,26.70214],[142.16506,26.70214],[142.16502,26.70257],[142.16401,26.70287],[142.16342,26.70312],[142.16292,26.7031],[142.16253,26.70285],[142.16207,26.70295],[142.1619,26.70327],[142.16232,26.70374],[142.16215,26.70426],[142.16175,26.70415],[142.16136,26.70389],[142.16144,26.70339],[142.16101,26.70308],[142.16069,26.7033],[142.16025,26.70318],[142.15977,26.70332],[142.15978,26.70361],[142.15943,26.70377],[142.15869,26.70364],[142.15855,26.70412],[142.15867,26.70454],[142.15851,26.70482],[142.15833,26.70563],[142.15797,26.70579],[142.15793,26.70622],[142.15742,26.70645],[142.15696,26.70641],[142.15653,26.7067],[142.15675,26.707],[142.15653,26.70716],[142.15652,26.70749],[142.15628,26.70786],[142.15596,26.70741],[142.15568,26.70791],[142.15524,26.70797],[142.15531,26.70829],[142.15485,26.70864],[142.15333,26.70858],[142.15283,26.7083],[142.15285,26.70771],[142.15261,26.70743],[142.15263,26.70685],[142.15293,26.70639],[142.1525,26.70599],[142.15187,26.70679],[142.15125,26.7068],[142.15116,26.7064],[142.1508,26.70584],[142.15034,26.70562],[142.15014,26.70614],[142.15021,26.7063],[142.14998,26.70679],[142.14971,26.70687],[142.14972,26.70725],[142.14892,26.70756],[142.14864,26.7075],[142.14768,26.70761],[142.14657,26.70696],[142.14551,26.70625],[142.14544,26.70648],[142.14487,26.70629],[142.1444,26.70638],[142.14352,26.70626],[142.14343,26.70639],[142.14363,26.70711],[142.14387,26.70763],[142.1435,26.70764],[142.14312,26.70784],[142.14301,26.70809],[142.14238,26.70836],[142.14227,26.70868],[142.14193,26.70873],[142.14186,26.70844],[142.14139,26.70835],[142.1409,26.70842],[142.14064,26.70802],[142.14097,26.70778],[142.14129,26.70727],[142.14113,26.70715],[142.14099,26.70657],[142.14102,26.70592],[142.14122,26.70564],[142.14107,26.70539],[142.14154,26.70488],[142.14188,26.70466],[142.14139,26.70422],[142.14182,26.70394],[142.1423,26.70347],[142.14232,26.70322],[142.14193,26.70302],[142.14215,26.70239],[142.14163,26.702],[142.14169,26.70163],[142.14129,26.70165],[142.14132,26.70137],[142.14187,26.70042],[142.14173,26.70036],[142.14233,26.69969],[142.14221,26.69941],[142.14269,26.6992],[142.14313,26.69885],[142.14294,26.69822],[142.14251,26.69797],[142.14232,26.69824],[142.14205,26.69826],[142.1416,26.69877],[142.14093,26.69914],[142.14049,26.70015],[142.14025,26.70033],[142.13985,26.70029],[142.13956,26.70074],[142.13945,26.70008],[142.13907,26.69968],[142.13872,26.69966],[142.13839,26.69982],[142.13754,26.69974],[142.13707,26.69982],[142.13668,26.70003],[142.1366,26.70045],[142.13626,26.70043],[142.13579,26.70006],[142.13553,26.70014],[142.13526,26.69975],[142.1352,26.69927],[142.13458,26.69935],[142.13414,26.69961],[142.13384,26.70025],[142.13413,26.70064],[142.13405,26.70093],[142.13373,26.70129],[142.13327,26.70101],[142.13317,26.70123],[142.13366,26.70164],[142.13371,26.70207],[142.13354,26.7023],[142.13287,26.70189],[142.13289,26.70252],[142.13209,26.70275],[142.13194,26.7033],[142.13215,26.70375],[142.13171,26.70396],[142.13105,26.70392],[142.13077,26.70421],[142.13096,26.70463],[142.13073,26.70563],[142.13118,26.70567],[142.13149,26.70623],[142.13111,26.70681],[142.13066,26.70711],[142.13096,26.70742],[142.13052,26.7075],[142.12995,26.70741],[142.12992,26.70769],[142.13045,26.70804],[142.12987,26.7081],[142.12958,26.7078],[142.129,26.70799],[142.12906,26.70832],[142.12965,26.70828],[142.13001,26.70868],[142.1306,26.70881],[142.13044,26.709],[142.12983,26.70896],[142.1299,26.70941],[142.12933,26.70945],[142.12911,26.70935],[142.12829,26.7096],[142.12795,26.70947],[142.12777,26.70965],[142.12743,26.70954],[142.12772,26.71019],[142.12835,26.71043],[142.12854,26.7108],[142.12846,26.71108],[142.12792,26.71122],[142.12738,26.71118],[142.12736,26.71143],[142.12673,26.71197],[142.12677,26.71254],[142.126,26.71322],[142.12535,26.71352],[142.12551,26.71401],[142.12592,26.71411],[142.12599,26.71441],[142.12563,26.71447],[142.12543,26.71429],[142.12469,26.71447],[142.12432,26.71437],[142.12418,26.71407],[142.12375,26.71418],[142.12348,26.71409],[142.12362,26.71375],[142.12351,26.71337],[142.12324,26.71323],[142.12303,26.71284],[142.12311,26.71246],[142.12299,26.71131],[142.12264,26.71109],[142.1226,26.71061],[142.12319,26.71039],[142.12307,26.71012],[142.1233,26.70957],[142.12305,26.70906],[142.12332,26.70883],[142.12343,26.70776],[142.12335,26.70747],[142.12274,26.70664],[142.12297,26.70607],[142.12328,26.70575],[142.12407,26.70541],[142.12478,26.70502],[142.12532,26.7045],[142.12551,26.70407],[142.12538,26.70343],[142.12544,26.70288],[142.12573,26.7026],[142.12606,26.70264],[142.12644,26.7024],[142.12639,26.70198],[142.12669,26.70177],[142.12702,26.7012],[142.12743,26.70109],[142.12822,26.70136],[142.12853,26.70083],[142.12833,26.7006],[142.12825,26.6998],[142.12809,26.69959],[142.1287,26.699],[142.1287,26.69822],[142.12839,26.69809],[142.12859,26.69756],[142.1283,26.69743],[142.12842,26.69688],[142.12831,26.69674],[142.12865,26.69626],[142.12858,26.69581],[142.12866,26.6953],[142.12909,26.69492],[142.13009,26.69427],[142.13019,26.69386],[142.1301,26.69285],[142.1304,26.69226],[142.13005,26.69192],[142.12991,26.69154],[142.13012,26.69125],[142.13069,26.69087],[142.13096,26.69035],[142.1309,26.68962],[142.13062,26.68934],[142.13081,26.68908],[142.13171,26.68855],[142.13218,26.6879],[142.13305,26.68743],[142.13345,26.68714],[142.13327,26.68698],[142.13365,26.68653],[142.13409,26.68654],[142.13532,26.68597],[142.1352,26.68572],[142.13544,26.68521],[142.13581,26.68503],[142.13611,26.68449],[142.13658,26.68418],[142.13671,26.68363],[142.13659,26.68326],[142.13627,26.68328],[142.13664,26.68245],[142.13663,26.68203],[142.13645,26.68153],[142.137,26.68116],[142.13716,26.6809],[142.13754,26.68087],[142.13813,26.68099],[142.1382,26.68068],[142.13855,26.68013],[142.13922,26.67992],[142.13953,26.67947],[142.14004,26.67909],[142.13973,26.67883],[142.14003,26.67855],[142.14041,26.67879],[142.14127,26.67817],[142.14155,26.67818],[142.14222,26.67789],[142.14244,26.67768],[142.14272,26.67709],[142.14322,26.67677],[142.14391,26.67701],[142.14431,26.67689],[142.14476,26.67632],[142.14506,26.67541],[142.14513,26.67493],[142.14492,26.67422],[142.14434,26.67321],[142.1438,26.67274],[142.14366,26.67221],[142.14387,26.6717],[142.14422,26.67129],[142.14441,26.67083],[142.14432,26.67027],[142.14407,26.66982],[142.14326,26.66973],[142.14336,26.66895],[142.14318,26.66874],[142.1437,26.66828],[142.14279,26.66843],[142.14228,26.66887],[142.14203,26.66872],[142.14167,26.66793],[142.14195,26.66723],[142.14151,26.66724],[142.14168,26.66655],[142.14192,26.66615],[142.14226,26.6659],[142.14269,26.66601],[142.14287,26.66634],[142.14356,26.66636],[142.14388,26.66607],[142.14422,26.66631],[142.14403,26.66667],[142.14426,26.66681],[142.14452,26.6664],[142.14549,26.66667],[142.14603,26.66715],[142.14566,26.66736],[142.14576,26.66763],[142.14641,26.66799],[142.14711,26.66791],[142.14745,26.66759],[142.14777,26.66759],[142.14884,26.66667]]],[[[142.16667,26.65981],[142.167,26.65992],[142.16671,26.66042],[142.16632,26.66038],[142.16667,26.65981]]],[[[142.18512,26.65979],[142.18526,26.65999],[142.18509,26.66034],[142.18465,26.66033],[142.18469,26.65982],[142.18512,26.65979]]],[[[142.175,27.03325],[142.17502,27.03277],[142.17531,27.03176],[142.17565,27.03161],[142.17605,27.03188],[142.17653,27.0317],[142.17692,27.03193],[142.17677,27.03242],[142.17687,27.03288],[142.1766,27.03323],[142.17631,27.03334],[142.1762,27.0345],[142.17581,27.03451],[142.17549,27.03483],[142.17521,27.03529],[142.17515,27.03567],[142.17528,27.03611],[142.17531,27.03672],[142.17585,27.03679],[142.17619,27.03663],[142.17646,27.03681],[142.17703,27.03568],[142.1768,27.03518],[142.17679,27.03484],[142.17704,27.03465],[142.17763,27.03474],[142.17797,27.03535],[142.17754,27.03612],[142.17754,27.03651],[142.17772,27.03681],[142.17728,27.0374],[142.17729,27.0378],[142.17673,27.0386],[142.17667,27.039],[142.17645,27.03927],[142.17642,27.03959],[142.17593,27.04018],[142.17585,27.04068],[142.17549,27.04152],[142.17496,27.04197],[142.17472,27.04201],[142.17474,27.04251],[142.17458,27.04303],[142.17426,27.04356],[142.17393,27.04436],[142.1736,27.04472],[142.17328,27.04526],[142.17282,27.04529],[142.17272,27.04498],[142.17306,27.04483],[142.17317,27.04445],[142.1729,27.04421],[142.17239,27.04415],[142.17158,27.04368],[142.1716,27.04345],[142.17196,27.04334],[142.17248,27.04371],[142.17313,27.04343],[142.17336,27.04319],[142.17341,27.04272],[142.17277,27.04261],[142.1727,27.04221],[142.1731,27.04201],[142.1739,27.04198],[142.17448,27.04135],[142.17443,27.04099],[142.17367,27.04104],[142.17324,27.04097],[142.17324,27.04059],[142.17342,27.04029],[142.1737,27.03948],[142.17365,27.03876],[142.17408,27.03853],[142.17453,27.03792],[142.17416,27.03746],[142.1742,27.03698],[142.17401,27.03665],[142.17406,27.03563],[142.17427,27.03493],[142.17489,27.03378],[142.175,27.03325]]],[[[142.18333,27.03704],[142.18375,27.03746],[142.18356,27.03774],[142.18327,27.03769],[142.18315,27.03722],[142.18333,27.03704]]],[[[142.18597,27.03748],[142.18604,27.03686],[142.18629,27.0367],[142.18653,27.03695],[142.1866,27.03734],[142.18597,27.03748]]],[[[142.22796,27.03921],[142.22867,27.03928],[142.22865,27.03959],[142.22803,27.03963],[142.22796,27.03921]]],[[[142.18145,27.04719],[142.18144,27.04687],[142.18182,27.04683],[142.18219,27.04648],[142.18231,27.0461],[142.18215,27.04594],[142.18227,27.04543],[142.18251,27.04559],[142.18248,27.04684],[142.18193,27.04698],[142.18184,27.04732],[142.18145,27.04719]]],[[[142.17145,27.04497],[142.17172,27.04452],[142.17195,27.04479],[142.17145,27.04497]]],[[[142.17874,27.0443],[142.17796,27.04371],[142.17756,27.0436],[142.177,27.04363],[142.17683,27.04311],[142.1774,27.04334],[142.17789,27.04336],[142.17854,27.04388],[142.17907,27.04415],[142.17874,27.0443]]],[[[142.20836,27.08333],[142.20809,27.08269],[142.20781,27.08249],[142.20739,27.08271],[142.20721,27.08248],[142.20724,27.08124],[142.2068,27.08059],[142.20712,27.08013],[142.2071,27.07896],[142.20684,27.07794],[142.20636,27.07738],[142.20594,27.07724],[142.2053,27.07754],[142.20492,27.07718],[142.2051,27.07664],[142.20545,27.07652],[142.20582,27.07605],[142.20592,27.07536],[142.2058,27.07486],[142.20515,27.07462],[142.20516,27.07429],[142.20453,27.07374],[142.20369,27.07318],[142.20313,27.07294],[142.20202,27.07293],[142.20087,27.07371],[142.20087,27.07397],[142.20117,27.0744],[142.20102,27.07475],[142.20068,27.07457],[142.1999,27.07445],[142.19893,27.07492],[142.19876,27.07516],[142.19794,27.07498],[142.19772,27.07482],[142.19686,27.07465],[142.19602,27.07469],[142.19559,27.0749],[142.19462,27.07506],[142.19417,27.0754],[142.19388,27.07542],[142.1937,27.07581],[142.1928,27.07556],[142.19263,27.07537],[142.19222,27.07542],[142.19203,27.07527],[142.19178,27.07475],[142.19148,27.0747],[142.19144,27.07432],[142.19103,27.0738],[142.1908,27.07366],[142.19041,27.07393],[142.19034,27.07353],[142.18951,27.07341],[142.18923,27.07358],[142.18883,27.07326],[142.18783,27.07331],[142.18773,27.07281],[142.18724,27.07291],[142.1872,27.07262],[142.18666,27.07272],[142.18628,27.07328],[142.18612,27.07375],[142.18574,27.07446],[142.18572,27.07365],[142.18549,27.07349],[142.1851,27.07374],[142.18468,27.07435],[142.18418,27.07469],[142.18395,27.07521],[142.18378,27.07526],[142.18285,27.07511],[142.18249,27.07458],[142.18179,27.07438],[142.18184,27.07403],[142.18228,27.07411],[142.18241,27.07376],[142.18192,27.07333],[142.18171,27.07282],[142.18251,27.07182],[142.1824,27.07099],[142.18374,27.07074],[142.18403,27.07056],[142.18445,27.07053],[142.18471,27.0708],[142.18554,27.07111],[142.18619,27.07119],[142.18718,27.07164],[142.18786,27.07134],[142.18778,27.07043],[142.18794,27.06979],[142.18874,27.0697],[142.18891,27.06998],[142.18959,27.07004],[142.18998,27.06979],[142.19021,27.06945],[142.19025,27.06892],[142.19001,27.06869],[142.1897,27.06808],[142.19015,27.06799],[142.19113,27.06824],[142.19149,27.06818],[142.19213,27.06783],[142.19279,27.06783],[142.19328,27.06715],[142.19333,27.06671],[142.1931,27.06622],[142.19259,27.06616],[142.19246,27.066],[142.19139,27.06518],[142.19122,27.06443],[142.19096,27.06404],[142.1912,27.06379],[142.19146,27.06382],[142.19197,27.06452],[142.19243,27.06477],[142.19308,27.06451],[142.19351,27.06421],[142.19358,27.06364],[142.19408,27.06347],[142.19485,27.06286],[142.1944,27.06221],[142.19444,27.06185],[142.19483,27.06159],[142.19518,27.0616],[142.19527,27.06105],[142.19483,27.06],[142.1946,27.05987],[142.19421,27.05932],[142.1929,27.05936],[142.19224,27.05915],[142.19231,27.05968],[142.19187,27.05992],[142.19107,27.06005],[142.19104,27.06045],[142.19028,27.06081],[142.19016,27.06114],[142.18963,27.06111],[142.18963,27.06155],[142.18918,27.06163],[142.18871,27.06139],[142.18821,27.06153],[142.1877,27.06112],[142.18749,27.06109],[142.18723,27.06063],[142.18765,27.06009],[142.18779,27.05978],[142.18775,27.05843],[142.18798,27.05743],[142.18774,27.0569],[142.18746,27.05665],[142.18705,27.05665],[142.1867,27.05683],[142.18661,27.05607],[142.18684,27.05607],[142.18679,27.05553],[142.18621,27.05506],[142.18646,27.05464],[142.18725,27.05493],[142.18744,27.05547],[142.18745,27.05593],[142.18765,27.05608],[142.18816,27.05616],[142.18868,27.05612],[142.18909,27.05596],[142.18952,27.05551],[142.18971,27.05493],[142.18942,27.05479],[142.18958,27.05373],[142.18944,27.05337],[142.18902,27.05334],[142.18883,27.05301],[142.18923,27.05292],[142.18907,27.05246],[142.18929,27.05194],[142.18954,27.05185],[142.18978,27.05044],[142.18949,27.04965],[142.18894,27.0486],[142.18865,27.04856],[142.18845,27.04828],[142.18777,27.04788],[142.18713,27.04788],[142.18638,27.0482],[142.1859,27.04812],[142.18571,27.04788],[142.18591,27.04755],[142.18592,27.04722],[142.18532,27.046],[142.18512,27.04574],[142.18445,27.04599],[142.18401,27.04552],[142.18435,27.0452],[142.18448,27.0449],[142.18444,27.0443],[142.18476,27.04357],[142.18528,27.04303],[142.18515,27.04248],[142.1856,27.04196],[142.1858,27.04065],[142.18573,27.04046],[142.18624,27.03995],[142.18656,27.04064],[142.18636,27.04076],[142.18624,27.04126],[142.18601,27.04141],[142.18596,27.04182],[142.18619,27.04206],[142.18634,27.04315],[142.1862,27.04374],[142.18644,27.04436],[142.18682,27.04468],[142.18719,27.04482],[142.18799,27.04465],[142.18838,27.04424],[142.18861,27.04429],[142.1893,27.044],[142.18977,27.04391],[142.19001,27.04362],[142.18996,27.04341],[142.19042,27.0432],[142.19103,27.04243],[142.19163,27.04231],[142.19207,27.04249],[142.19245,27.04231],[142.19274,27.04235],[142.19291,27.042],[142.19365,27.04212],[142.19384,27.04146],[142.19405,27.04138],[142.19453,27.0416],[142.19459,27.04196],[142.19539,27.04309],[142.19567,27.04398],[142.19634,27.04459],[142.19694,27.04489],[142.19772,27.04512],[142.19833,27.04553],[142.19917,27.04564],[142.20027,27.04533],[142.20107,27.04492],[142.20132,27.0446],[142.20206,27.04433],[142.20263,27.04467],[142.20289,27.04451],[142.20352,27.04436],[142.20366,27.04451],[142.20414,27.04449],[142.20454,27.04412],[142.20494,27.04426],[142.20554,27.04419],[142.20598,27.04424],[142.20628,27.04412],[142.20667,27.04373],[142.20699,27.04327],[142.20764,27.042],[142.20753,27.0418],[142.208,27.04124],[142.20788,27.04083],[142.20814,27.04036],[142.20876,27.04016],[142.20987,27.04085],[142.21,27.04065],[142.21035,27.04072],[142.21064,27.04052],[142.21069,27.0402],[142.21052,27.03981],[142.21042,27.03905],[142.21051,27.03883],[142.21123,27.0382],[142.21151,27.03865],[142.21147,27.03945],[142.2113,27.04007],[142.21167,27.04037],[142.21239,27.04065],[142.21311,27.03954],[142.2134,27.03981],[142.21419,27.03919],[142.21454,27.03977],[142.21503,27.04001],[142.21526,27.0404],[142.21599,27.04091],[142.21631,27.04089],[142.21643,27.04128],[142.21671,27.04146],[142.21737,27.04161],[142.21796,27.04152],[142.21834,27.04157],[142.21954,27.04137],[142.21983,27.04121],[142.22053,27.04046],[142.22067,27.03972],[142.22041,27.03921],[142.21958,27.03933],[142.21931,27.03918],[142.2189,27.03855],[142.219,27.03819],[142.21885,27.0376],[142.21942,27.03714],[142.21995,27.03722],[142.2205,27.03712],[142.22066,27.03681],[142.22008,27.03672],[142.21949,27.03644],[142.21956,27.03627],[142.22029,27.03621],[142.22044,27.03644],[142.22097,27.0361],[142.2215,27.03599],[142.22201,27.03599],[142.22209,27.03643],[142.22203,27.03681],[142.22271,27.03658],[142.22281,27.03618],[142.22322,27.03593],[142.22343,27.03611],[142.22406,27.036],[142.22539,27.0363],[142.2258,27.0363],[142.22656,27.03591],[142.2271,27.03587],[142.22744,27.03603],[142.22804,27.03583],[142.2286,27.03605],[142.22939,27.03595],[142.22945,27.03643],[142.22938,27.03693],[142.22995,27.0372],[142.22965,27.03775],[142.22916,27.03792],[142.22887,27.0378],[142.22863,27.03814],[142.22844,27.03889],[142.22799,27.03917],[142.22772,27.0391],[142.22689,27.03934],[142.22591,27.03889],[142.22575,27.03906],[142.22515,27.03906],[142.22499,27.03928],[142.22541,27.03952],[142.22589,27.03999],[142.22594,27.04057],[142.22607,27.04083],[142.22697,27.04108],[142.22631,27.04136],[142.22591,27.0417],[142.22526,27.04162],[142.22461,27.04211],[142.22447,27.04274],[142.22516,27.04323],[142.22461,27.04381],[142.22389,27.04346],[142.22355,27.04359],[142.22274,27.04423],[142.22261,27.04473],[142.22269,27.04533],[142.22286,27.04561],[142.22331,27.04596],[142.22365,27.04606],[142.22421,27.04587],[142.22464,27.04557],[142.22438,27.0453],[142.22522,27.04515],[142.22585,27.04532],[142.22607,27.04584],[142.22549,27.04664],[142.22555,27.04688],[142.22524,27.04735],[142.22539,27.04769],[142.22516,27.04803],[142.22574,27.0485],[142.22619,27.04934],[142.2263,27.04982],[142.22545,27.05061],[142.22486,27.05088],[142.2248,27.05144],[142.22448,27.05191],[142.2238,27.05211],[142.22315,27.05188],[142.22263,27.05268],[142.22191,27.05287],[142.22188,27.05333],[142.22235,27.05396],[142.22301,27.05409],[142.22319,27.0538],[142.22411,27.05328],[142.22506,27.05356],[142.22543,27.05402],[142.22557,27.05441],[142.22592,27.05448],[142.2265,27.05479],[142.22628,27.05515],[142.22707,27.05576],[142.22739,27.05573],[142.22792,27.05636],[142.22798,27.05662],[142.22867,27.05685],[142.22933,27.05657],[142.22944,27.05616],[142.22973,27.05608],[142.22963,27.05542],[142.22946,27.0551],[142.22968,27.05455],[142.23027,27.05416],[142.23042,27.0538],[142.23071,27.05374],[142.23143,27.05329],[142.23141,27.053],[142.23208,27.05245],[142.23305,27.05184],[142.23352,27.05144],[142.23393,27.05148],[142.23453,27.05112],[142.23475,27.05056],[142.23392,27.05054],[142.23392,27.05008],[142.23464,27.04977],[142.23496,27.04976],[142.23529,27.04954],[142.23575,27.04953],[142.23623,27.04967],[142.23666,27.04947],[142.23671,27.04974],[142.23658,27.05022],[142.23631,27.05038],[142.23562,27.05046],[142.23578,27.0508],[142.23631,27.05093],[142.23644,27.05123],[142.23695,27.0511],[142.23707,27.05138],[142.23747,27.05135],[142.23756,27.05182],[142.23729,27.05214],[142.23716,27.05255],[142.23727,27.05311],[142.23687,27.05341],[142.23683,27.0537],[142.23723,27.05392],[142.23664,27.05446],[142.23645,27.05442],[142.23627,27.05488],[142.23603,27.05508],[142.23571,27.05507],[142.23517,27.05551],[142.23515,27.05579],[142.2347,27.05621],[142.23416,27.05616],[142.23373,27.05639],[142.23347,27.05637],[142.23319,27.05679],[142.23296,27.05654],[142.23258,27.05646],[142.23186,27.05682],[142.23168,27.05711],[142.23168,27.05774],[142.23186,27.05816],[142.23157,27.05851],[142.23113,27.05849],[142.23106,27.05906],[142.23014,27.05949],[142.23026,27.05978],[142.23,27.05996],[142.23003,27.0603],[142.23027,27.06072],[142.2306,27.06099],[142.231,27.06157],[142.23142,27.06243],[142.23178,27.06279],[142.23226,27.06279],[142.23249,27.06257],[142.2328,27.0626],[142.23261,27.06312],[142.23223,27.06351],[142.23222,27.06393],[142.23185,27.06388],[142.23163,27.06432],[142.23181,27.06467],[142.23116,27.066],[142.23135,27.06645],[142.23102,27.0671],[142.23128,27.06778],[142.23092,27.06812],[142.23077,27.06904],[142.23113,27.06983],[142.2314,27.07017],[142.2313,27.07077],[142.23134,27.07148],[142.23162,27.0719],[142.23193,27.07212],[142.23231,27.0721],[142.23235,27.07252],[142.23277,27.07291],[142.23243,27.07413],[142.23271,27.07453],[142.23297,27.07519],[142.23321,27.07548],[142.23269,27.07612],[142.23281,27.07632],[142.23273,27.07672],[142.23286,27.07751],[142.23263,27.07795],[142.23148,27.07882],[142.23089,27.07875],[142.2305,27.07919],[142.23017,27.0798],[142.23011,27.08036],[142.23032,27.08061],[142.22993,27.0809],[142.22967,27.08143],[142.22945,27.0812],[142.22902,27.08111],[142.22841,27.0813],[142.22764,27.08085],[142.22738,27.08107],[142.22657,27.08103],[142.22625,27.08068],[142.2259,27.08068],[142.22501,27.08124],[142.22462,27.08161],[142.22436,27.08217],[142.22457,27.08273],[142.22506,27.08307],[142.22498,27.08338],[142.22462,27.08334],[142.22431,27.08354],[142.22462,27.08401],[142.22404,27.08434],[142.22412,27.08465],[142.22355,27.08477],[142.2231,27.08498],[142.22302,27.08543],[142.22315,27.08593],[142.22345,27.08625],[142.22379,27.08705],[142.22413,27.08715],[142.22429,27.08761],[142.22493,27.08787],[142.22485,27.08816],[142.22496,27.08864],[142.22489,27.0894],[142.22477,27.08983],[142.22443,27.09008],[142.22414,27.09011],[142.2241,27.09073],[142.22357,27.09077],[142.22362,27.09113],[142.22399,27.09146],[142.22387,27.09162],[142.22337,27.09153],[142.22304,27.09182],[142.22277,27.09249],[142.223,27.09281],[142.22258,27.09318],[142.22205,27.09319],[142.22172,27.09424],[142.22097,27.09459],[142.2211,27.0949],[142.22125,27.09565],[142.22115,27.09609],[142.22078,27.09632],[142.22019,27.09592],[142.21954,27.09582],[142.21916,27.09615],[142.21919,27.09643],[142.21888,27.09687],[142.21837,27.09699],[142.21812,27.0977],[142.21845,27.09818],[142.2177,27.09839],[142.21759,27.09932],[142.21734,27.09943],[142.21767,27.10013],[142.21833,27.10064],[142.21901,27.10044],[142.219,27.10084],[142.21844,27.10131],[142.21796,27.10137],[142.21798,27.10105],[142.21777,27.10062],[142.21741,27.10064],[142.21681,27.10011],[142.21585,27.10008],[142.2148,27.10044],[142.21404,27.10123],[142.21345,27.10167],[142.21293,27.10172],[142.2127,27.10207],[142.21274,27.10271],[142.2129,27.10325],[142.21236,27.1033],[142.21201,27.10348],[142.21144,27.10345],[142.21105,27.10286],[142.21054,27.10257],[142.20972,27.10277],[142.20894,27.10313],[142.20843,27.10315],[142.20794,27.10328],[142.2078,27.103],[142.20736,27.10303],[142.20638,27.10344],[142.20552,27.1034],[142.20477,27.10405],[142.20459,27.10452],[142.20473,27.10501],[142.20525,27.10509],[142.20534,27.1053],[142.2044,27.10546],[142.20367,27.1053],[142.20307,27.10528],[142.20256,27.1055],[142.20238,27.10514],[142.20215,27.10517],[142.20188,27.10462],[142.20119,27.10461],[142.20072,27.1049],[142.20023,27.10489],[142.19895,27.10473],[142.19869,27.10513],[142.19817,27.10535],[142.19822,27.1047],[142.19758,27.10451],[142.19731,27.10471],[142.19665,27.10498],[142.19657,27.10556],[142.19584,27.10516],[142.19573,27.10497],[142.19578,27.10409],[142.1954,27.10373],[142.19477,27.10354],[142.1939,27.10361],[142.19348,27.10383],[142.19308,27.10439],[142.19344,27.10482],[142.19331,27.10596],[142.19306,27.10583],[142.19265,27.10587],[142.19258,27.1055],[142.19226,27.10503],[142.19095,27.10449],[142.19016,27.10443],[142.18936,27.10461],[142.18879,27.10458],[142.18836,27.10475],[142.18827,27.10509],[142.18751,27.10551],[142.18712,27.10552],[142.18671,27.10522],[142.18632,27.10511],[142.18629,27.10482],[142.18593,27.10453],[142.18522,27.10433],[142.18459,27.10392],[142.18366,27.10351],[142.18338,27.10346],[142.18298,27.10313],[142.1827,27.10263],[142.18257,27.102],[142.18227,27.10161],[142.18169,27.10041],[142.18188,27.09947],[142.18213,27.09913],[142.18229,27.09867],[142.18225,27.09819],[142.18276,27.09765],[142.1829,27.09704],[142.18282,27.09661],[142.1826,27.09657],[142.18253,27.0958],[142.18203,27.09529],[142.18214,27.09505],[142.18211,27.09425],[142.18257,27.09314],[142.18301,27.09309],[142.18346,27.09282],[142.1837,27.09286],[142.18415,27.09265],[142.18453,27.09223],[142.1845,27.09206],[142.18518,27.09172],[142.1855,27.09169],[142.18597,27.09132],[142.18635,27.09065],[142.18653,27.0901],[142.1865,27.0894],[142.1863,27.0891],[142.18625,27.08858],[142.18666,27.08798],[142.18757,27.08793],[142.18784,27.088],[142.18825,27.08844],[142.1889,27.08854],[142.18948,27.08879],[142.18965,27.08902],[142.19041,27.08927],[142.19224,27.0895],[142.19255,27.08988],[142.19224,27.09011],[142.19209,27.09054],[142.19162,27.09049],[142.19109,27.09081],[142.19152,27.09217],[142.19186,27.0927],[142.19218,27.093],[142.19373,27.09387],[142.19391,27.09385],[142.19456,27.09321],[142.19522,27.09344],[142.1946,27.09405],[142.19534,27.0945],[142.19618,27.09438],[142.19815,27.09605],[142.1979,27.09628],[142.19839,27.09646],[142.19853,27.09677],[142.19835,27.09695],[142.19891,27.09773],[142.19813,27.09832],[142.19823,27.09844],[142.19972,27.09883],[142.20009,27.09875],[142.2006,27.09944],[142.20103,27.0994],[142.20281,27.09857],[142.20296,27.09883],[142.20334,27.09866],[142.20286,27.09782],[142.20257,27.09795],[142.20133,27.09581],[142.20164,27.09569],[142.20249,27.09562],[142.20312,27.09513],[142.2035,27.0944],[142.2036,27.09382],[142.20375,27.09365],[142.20378,27.09296],[142.20355,27.09248],[142.20366,27.0914],[142.20331,27.09131],[142.20341,27.09083],[142.20376,27.09007],[142.20373,27.08981],[142.20337,27.08956],[142.20334,27.08919],[142.20275,27.08885],[142.20219,27.08833],[142.20197,27.08744],[142.20307,27.08689],[142.20354,27.08682],[142.20344,27.08657],[142.20389,27.08639],[142.20374,27.08608],[142.204,27.08562],[142.20374,27.08514],[142.20412,27.08492],[142.20459,27.08541],[142.20477,27.08538],[142.20559,27.08584],[142.20587,27.08619],[142.20639,27.08623],[142.20702,27.08591],[142.20735,27.08555],[142.20793,27.08443],[142.20821,27.08422],[142.20836,27.0838],[142.20836,27.08333]]],[[[142.15218,26.53985],[142.15236,26.54059],[142.15211,26.54086],[142.15161,26.54011],[142.15173,26.53988],[142.15218,26.53985]]],[[[142.15555,26.54167],[142.15518,26.54193],[142.15481,26.54139],[142.15456,26.54122],[142.15432,26.54016],[142.1545,26.53992],[142.15494,26.5397],[142.15549,26.53978],[142.15585,26.54054],[142.15576,26.54136],[142.15555,26.54167]]],[[[142.14941,26.54685],[142.14922,26.5466],[142.1492,26.54621],[142.14952,26.54622],[142.14958,26.54678],[142.14941,26.54685]]],[[[142.14972,26.54758],[142.1496,26.54779],[142.14913,26.54757],[142.14879,26.54658],[142.14903,26.54648],[142.14951,26.5471],[142.14972,26.54758]]],[[[153.97357,24.28408],[153.97528,24.28372],[153.97595,24.28336],[153.97756,24.28324],[153.97856,24.2829],[153.97764,24.28092],[153.97791,24.28081],[153.97855,24.28214],[153.97869,24.28269],[153.97966,24.2824],[153.98063,24.282],[153.98212,24.28123],[153.98362,24.28089],[153.98443,24.28086],[153.98574,24.28127],[153.98607,24.28155],[153.98646,24.28205],[153.98659,24.28266],[153.98653,24.28313],[153.98655,24.28396],[153.98614,24.28521],[153.98566,24.28744],[153.98556,24.28758],[153.98522,24.28946],[153.98501,24.29],[153.98471,24.29309],[153.98467,24.29415],[153.98476,24.29459],[153.98494,24.29637],[153.98485,24.29704],[153.98461,24.29739],[153.984,24.29755],[153.98358,24.29747],[153.98275,24.29689],[153.98156,24.29536],[153.98156,24.29483],[153.98117,24.29432],[153.98099,24.29426],[153.98002,24.29312],[153.97917,24.29224],[153.97827,24.2914],[153.97776,24.2908],[153.97575,24.28911],[153.97395,24.28773],[153.97372,24.28764],[153.97275,24.28675],[153.97244,24.28657],[153.97193,24.286],[153.97139,24.2853],[153.97111,24.28464],[153.97151,24.28431],[153.97241,24.28414],[153.97357,24.28408]]],[[[142.15595,27.65945],[142.15599,27.65976],[142.15571,27.65997],[142.15526,27.65997],[142.15509,27.65959],[142.15571,27.65925],[142.15595,27.65945]]],[[[142.18096,27.62131],[142.18069,27.6211],[142.18076,27.62052],[142.18131,27.62065],[142.18096,27.62131]]],[[[142.16871,27.63822],[142.16824,27.63846],[142.16776,27.63825],[142.16764,27.63783],[142.16797,27.63785],[142.16807,27.63742],[142.16803,27.63663],[142.16846,27.63673],[142.1691,27.63712],[142.16919,27.6379],[142.16871,27.63822]]],[[[142.2034,27.49901],[142.20329,27.49864],[142.20365,27.49863],[142.20381,27.49902],[142.2034,27.49901]]],[[[142.20717,27.48528],[142.20673,27.48503],[142.20656,27.48454],[142.20701,27.48437],[142.20734,27.48452],[142.20786,27.48452],[142.20773,27.48503],[142.20793,27.48544],[142.20781,27.4857],[142.20743,27.48568],[142.20717,27.48528]]],[[[142.17676,27.12691],[142.17763,27.12634],[142.17772,27.12605],[142.17881,27.12577],[142.17855,27.12607],[142.17808,27.12624],[142.17789,27.12651],[142.17676,27.12691]]],[[[142.14875,27.67957],[142.14818,27.67941],[142.14835,27.67911],[142.14877,27.67914],[142.14904,27.67937],[142.14875,27.67957]]],[[[142.15347,27.68259],[142.154,27.68259],[142.15399,27.68288],[142.15341,27.6829],[142.15347,27.68259]]],[[[142.19599,27.17938],[142.1957,27.17919],[142.19616,27.17888],[142.19656,27.17904],[142.19599,27.17938]]],[[[142.19204,27.19156],[142.19238,27.19156],[142.19251,27.1922],[142.19216,27.19255],[142.19182,27.19215],[142.19173,27.19188],[142.19204,27.19156]]],[[[142.19294,27.10702],[142.19221,27.10651],[142.19244,27.10624],[142.19272,27.1063],[142.19337,27.10621],[142.19381,27.10702],[142.19384,27.10742],[142.19346,27.10737],[142.1933,27.10697],[142.19294,27.10702]]],[[[142.1604,27.10681],[142.1604,27.10648],[142.16081,27.10641],[142.16089,27.10666],[142.1604,27.10681]]],[[[142.16135,27.10623],[142.16104,27.10644],[142.16085,27.10624],[142.16109,27.10601],[142.16135,27.10623]]],[[[142.11725,26.7219],[142.117,26.72215],[142.11686,26.72161],[142.11717,26.72146],[142.11725,26.7219]]],[[[142.11805,26.72394],[142.11745,26.72382],[142.11751,26.72343],[142.11786,26.72347],[142.11805,26.72394]]],[[[142.17474,27.02988],[142.17453,27.03025],[142.17423,27.02996],[142.17454,27.02972],[142.17474,27.02988]]],[[[142.17057,27.03724],[142.17022,27.0373],[142.17019,27.037],[142.17057,27.03692],[142.17057,27.03724]]],[[[142.12193,26.71667],[142.12146,26.7163],[142.12175,26.7161],[142.12193,26.71667]]],[[[142.24098,27.09494],[142.24114,27.09462],[142.24163,27.09441],[142.24205,27.09398],[142.24212,27.09363],[142.24247,27.09343],[142.24326,27.09264],[142.24385,27.09228],[142.24467,27.09219],[142.24498,27.09179],[142.24488,27.09143],[142.24536,27.09104],[142.24532,27.09078],[142.24574,27.09031],[142.24686,27.09048],[142.24702,27.09094],[142.24728,27.0911],[142.24754,27.0909],[142.2481,27.09094],[142.24884,27.09151],[142.2484,27.09172],[142.24794,27.0921],[142.24783,27.09236],[142.24828,27.09246],[142.24856,27.09305],[142.24794,27.0932],[142.24799,27.09351],[142.24755,27.09354],[142.24741,27.09381],[142.24661,27.09429],[142.24716,27.09443],[142.24747,27.0948],[142.24703,27.09514],[142.24672,27.09497],[142.24626,27.09492],[142.24602,27.09531],[142.24562,27.09504],[142.24514,27.09515],[142.2451,27.09549],[142.24438,27.09535],[142.24428,27.09508],[142.24389,27.09519],[142.24321,27.09523],[142.24281,27.09556],[142.24222,27.09576],[142.24154,27.09572],[142.24126,27.09585],[142.24081,27.09582],[142.24098,27.09494]]],[[[142.14375,26.64766],[142.14383,26.648],[142.14365,26.6482],[142.1428,26.64819],[142.14375,26.64766]]],[[[142.19984,27.13626],[142.19945,27.13624],[142.19936,27.13557],[142.19973,27.1352],[142.20018,27.13516],[142.20037,27.13566],[142.19984,27.13626]]],[[[142.19523,27.14434],[142.19499,27.14415],[142.19487,27.14377],[142.19507,27.14352],[142.19561,27.14352],[142.19576,27.14389],[142.1956,27.14442],[142.19523,27.14434]]],[[[142.19982,27.16132],[142.20012,27.16128],[142.2003,27.16162],[142.19995,27.16174],[142.19982,27.16132]]],[[[142.22056,27.12994],[142.22027,27.13024],[142.22023,27.13049],[142.21965,27.13067],[142.21933,27.13054],[142.2193,27.1302],[142.21981,27.12981],[142.2202,27.12972],[142.22056,27.12994]]],[[[142.17255,27.03162],[142.17303,27.03175],[142.17283,27.03202],[142.17238,27.0321],[142.17255,27.03162]]],[[[142.14221,26.66442],[142.14252,26.66488],[142.14216,26.66501],[142.14193,26.66487],[142.142,26.66448],[142.14221,26.66442]]],[[[142.23307,26.56617],[142.23269,26.56594],[142.23303,26.56568],[142.23331,26.56589],[142.23307,26.56617]]],[[[142.23066,26.57632],[142.23081,26.5759],[142.2314,26.57562],[142.23173,26.576],[142.23166,26.5765],[142.23138,26.57709],[142.23105,26.5771],[142.23048,26.57677],[142.23066,26.57632]]],[[[142.23166,26.57677],[142.23198,26.57662],[142.23222,26.57681],[142.23231,26.57718],[142.23216,26.57741],[142.23168,26.57747],[142.23166,26.57677]]],[[[142.23055,26.57913],[142.23087,26.57929],[142.23102,26.5796],[142.2307,26.57994],[142.23018,26.57969],[142.23023,26.57902],[142.23055,26.57913]]],[[[142.23278,26.579],[142.23247,26.57917],[142.23215,26.57959],[142.23163,26.57959],[142.23143,26.57937],[142.23137,26.57862],[142.23186,26.5781],[142.23242,26.57837],[142.23294,26.57875],[142.23278,26.579]]],[[[142.20891,26.56725],[142.20847,26.56732],[142.20859,26.56683],[142.20879,26.56685],[142.20891,26.56725]]],[[[142.20339,26.56114],[142.20317,26.56075],[142.20368,26.56085],[142.20339,26.56114]]],[[[142.20428,26.56281],[142.20397,26.5631],[142.20374,26.56267],[142.20415,26.56245],[142.20428,26.56281]]],[[[142.20148,26.5527],[142.2012,26.55258],[142.20122,26.5522],[142.20171,26.55226],[142.20193,26.55267],[142.20148,26.5527]]],[[[142.2,26.54984],[142.20015,26.55033],[142.19983,26.55034],[142.19972,26.55002],[142.2,26.54984]]],[[[142.17858,26.60425],[142.17868,26.60455],[142.17822,26.60469],[142.17821,26.60441],[142.17858,26.60425]]],[[[142.17659,26.60551],[142.17684,26.6058],[142.17652,26.60605],[142.17631,26.60577],[142.17659,26.60551]]],[[[142.15207,26.58691],[142.15241,26.58688],[142.15251,26.58732],[142.15197,26.58712],[142.15207,26.58691]]],[[[142.16318,26.58929],[142.16296,26.58894],[142.16311,26.58869],[142.16345,26.58867],[142.16372,26.58795],[142.16401,26.58826],[142.1638,26.58855],[142.16402,26.58873],[142.16365,26.58931],[142.16318,26.58929]]],[[[142.16593,26.59248],[142.16558,26.59235],[142.16582,26.59197],[142.16615,26.59188],[142.16616,26.59234],[142.16593,26.59248]]],[[[142.16462,26.59036],[142.16435,26.58987],[142.16461,26.58935],[142.16488,26.58929],[142.16502,26.58873],[142.1655,26.58917],[142.16572,26.58989],[142.16601,26.59004],[142.16623,26.59042],[142.16634,26.59098],[142.16581,26.59091],[142.16557,26.59104],[142.16568,26.5914],[142.16531,26.59205],[142.1653,26.59225],[142.16461,26.59285],[142.16374,26.59294],[142.16345,26.5928],[142.16324,26.59241],[142.16359,26.59212],[142.16347,26.59162],[142.16368,26.59152],[142.16422,26.59158],[142.16456,26.59102],[142.16462,26.59036]]],[[[142.16662,26.59398],[142.16703,26.59379],[142.16702,26.59429],[142.16658,26.59421],[142.16662,26.59398]]],[[[142.125,26.60996],[142.1255,26.61002],[142.12527,26.61033],[142.125,26.60996]]],[[[142.12591,26.61096],[142.12592,26.61045],[142.12612,26.61024],[142.12661,26.61027],[142.12687,26.61047],[142.12711,26.61106],[142.12615,26.61134],[142.12591,26.61096]]],[[[142.12708,26.61128],[142.12736,26.6117],[142.12704,26.61207],[142.12621,26.61189],[142.1266,26.61129],[142.12708,26.61128]]],[[[142.1734,26.60035],[142.17369,26.60048],[142.17387,26.60079],[142.17376,26.60127],[142.17357,26.60153],[142.17321,26.60128],[142.17311,26.60069],[142.1734,26.60035]]],[[[142.15896,26.56598],[142.15857,26.5661],[142.15854,26.56559],[142.15884,26.56558],[142.15896,26.56598]]],[[[142.1583,26.58235],[142.15926,26.58253],[142.15865,26.58311],[142.15834,26.58315],[142.15794,26.58296],[142.1579,26.58245],[142.1583,26.58235]]],[[[142.13863,26.5863],[142.13827,26.58605],[142.13841,26.58582],[142.1388,26.58589],[142.13863,26.5863]]],[[[142.10789,27.71533],[142.1085,27.71509],[142.10901,27.7152],[142.10914,27.71561],[142.10879,27.71586],[142.108,27.71588],[142.10757,27.71564],[142.10789,27.71533]]],[[[142.12973,27.69107],[142.12972,27.69077],[142.13018,27.69078],[142.13038,27.69111],[142.13019,27.69132],[142.12973,27.69107]]],[[[142.15756,27.69166],[142.15778,27.69133],[142.1582,27.69157],[142.15789,27.69212],[142.15753,27.6923],[142.15743,27.69267],[142.15711,27.69296],[142.15687,27.69273],[142.15692,27.69246],[142.15756,27.69166]]],[[[142.12387,27.67992],[142.12364,27.67955],[142.1241,27.67957],[142.12424,27.67991],[142.12387,27.67992]]],[[[142.11287,27.7288],[142.11265,27.72833],[142.11312,27.72818],[142.11335,27.72856],[142.11324,27.72879],[142.11287,27.7288]]],[[[142.09696,27.72489],[142.09755,27.72485],[142.0974,27.72521],[142.09697,27.7252],[142.09696,27.72489]]],[[[142.09941,27.72172],[142.09923,27.72129],[142.09955,27.72127],[142.09941,27.72172]]],[[[142.125,27.71687],[142.12553,27.71703],[142.12606,27.7168],[142.12642,27.71685],[142.12645,27.71718],[142.12573,27.71772],[142.12502,27.7181],[142.12439,27.71819],[142.12405,27.71807],[142.12394,27.71781],[142.12475,27.71743],[142.12473,27.71709],[142.125,27.71687]]],[[[142.12293,27.71755],[142.1234,27.71808],[142.12331,27.71856],[142.12298,27.71864],[142.12245,27.71842],[142.12227,27.71809],[142.12229,27.71765],[142.12293,27.71755]]],[[[142.16224,26.55943],[142.16255,26.55921],[142.16268,26.55974],[142.16222,26.55964],[142.16224,26.55943]]],[[[136.07411,20.42289],[136.07393,20.42324],[136.07362,20.42298],[136.07388,20.42275],[136.07411,20.42289]]],[[[142.20651,27.48692],[142.2064,27.48664],[142.20705,27.48654],[142.20821,27.48671],[142.20822,27.48726],[142.20871,27.48736],[142.20883,27.48791],[142.20854,27.48832],[142.20786,27.48861],[142.20768,27.48901],[142.20731,27.48938],[142.20689,27.48954],[142.20661,27.48949],[142.20631,27.48914],[142.20591,27.48897],[142.20509,27.48883],[142.20482,27.48839],[142.20477,27.48798],[142.20543,27.48777],[142.20576,27.48788],[142.20631,27.48776],[142.2067,27.4879],[142.20707,27.48787],[142.20763,27.48753],[142.20757,27.48723],[142.20727,27.48723],[142.20651,27.48692]]],[[[142.21592,27.49228],[142.21592,27.49253],[142.21538,27.49286],[142.21477,27.49275],[142.21474,27.49237],[142.21553,27.49211],[142.21592,27.49228]]],[[[142.13748,27.67106],[142.13721,27.67142],[142.13683,27.67138],[142.13688,27.67093],[142.13748,27.67106]]],[[[142.13755,27.67174],[142.13727,27.6715],[142.13753,27.67127],[142.13794,27.67147],[142.13755,27.67174]]],[[[142.13826,27.67215],[142.13859,27.67236],[142.13858,27.67265],[142.13818,27.67275],[142.13783,27.67237],[142.13826,27.67215]]],[[[142.15647,27.66459],[142.15625,27.665],[142.15592,27.66493],[142.15611,27.66445],[142.15647,27.66459]]],[[[142.20674,27.5],[142.20604,27.50042],[142.20532,27.50045],[142.20494,27.50006],[142.20491,27.49968],[142.20426,27.49949],[142.20405,27.49924],[142.20386,27.49867],[142.2041,27.49834],[142.20478,27.49842],[142.20504,27.49858],[142.20576,27.49854],[142.20587,27.49811],[142.2056,27.49795],[142.20499,27.49782],[142.20468,27.49757],[142.20449,27.49706],[142.20508,27.49674],[142.20543,27.49638],[142.20609,27.49619],[142.20668,27.49646],[142.20697,27.4959],[142.20737,27.49571],[142.20791,27.49583],[142.20853,27.49544],[142.20899,27.4953],[142.20899,27.49509],[142.20964,27.49526],[142.20986,27.49542],[142.21037,27.49544],[142.21108,27.49507],[142.21147,27.49474],[142.21198,27.49363],[142.21186,27.49294],[142.21147,27.49288],[142.21115,27.49245],[142.21112,27.49195],[142.21131,27.49165],[142.212,27.49006],[142.21253,27.48974],[142.21307,27.48975],[142.2134,27.48934],[142.21406,27.48954],[142.21443,27.48935],[142.21481,27.48935],[142.2151,27.48961],[142.21485,27.49021],[142.21488,27.49061],[142.21472,27.49104],[142.21487,27.49124],[142.21557,27.49126],[142.21606,27.49118],[142.21624,27.49144],[142.21555,27.492],[142.21469,27.49225],[142.21444,27.49245],[142.21453,27.49289],[142.21432,27.49318],[142.21374,27.4935],[142.21311,27.49404],[142.21342,27.4945],[142.21406,27.49463],[142.21424,27.49497],[142.21382,27.49524],[142.21347,27.4952],[142.21356,27.49566],[142.21342,27.49597],[142.21261,27.49627],[142.21207,27.49627],[142.21228,27.49732],[142.21215,27.49765],[142.21243,27.49798],[142.21293,27.49822],[142.21312,27.49871],[142.21285,27.49917],[142.21289,27.49959],[142.21241,27.49944],[142.21183,27.49956],[142.21194,27.49989],[142.21255,27.49999],[142.21248,27.50036],[142.21273,27.50089],[142.2126,27.50118],[142.21215,27.50107],[142.21188,27.50178],[142.21128,27.50227],[142.21088,27.50209],[142.21039,27.50093],[142.21006,27.50065],[142.20983,27.5001],[142.20931,27.49977],[142.20828,27.49955],[142.20809,27.49968],[142.20797,27.50049],[142.20706,27.50048],[142.20674,27.5]]],[[[142.17689,27.62166],[142.17678,27.6219],[142.1762,27.62142],[142.17591,27.62102],[142.17605,27.62064],[142.17672,27.62073],[142.17715,27.62094],[142.1772,27.6213],[142.17689,27.62166]]],[[[142.1707,27.63192],[142.17064,27.6316],[142.17097,27.63157],[142.17113,27.63196],[142.1707,27.63192]]],[[[142.16926,27.63598],[142.16947,27.6365],[142.16893,27.63647],[142.16869,27.63627],[142.16864,27.63575],[142.16898,27.63568],[142.16926,27.63598]]],[[[142.17012,27.63573],[142.16985,27.63566],[142.16999,27.63522],[142.17042,27.63524],[142.17057,27.63551],[142.17012,27.63573]]],[[[142.172,27.62357],[142.17239,27.62382],[142.17251,27.62442],[142.17237,27.62484],[142.17204,27.62527],[142.17159,27.62566],[142.17106,27.62593],[142.17085,27.62551],[142.17083,27.62478],[142.17094,27.62448],[142.17091,27.62394],[142.17118,27.62327],[142.17158,27.62328],[142.172,27.62357]]],[[[142.15833,27.65477],[142.15899,27.65508],[142.15913,27.65552],[142.15902,27.65578],[142.15945,27.65613],[142.15947,27.65648],[142.15932,27.65684],[142.15944,27.65718],[142.15906,27.65784],[142.15923,27.65816],[142.15869,27.65857],[142.15879,27.65905],[142.15815,27.65912],[142.15804,27.65993],[142.15849,27.66011],[142.15858,27.66097],[142.15854,27.66142],[142.15869,27.6616],[142.15855,27.66194],[142.15892,27.66205],[142.15912,27.66231],[142.15897,27.66286],[142.15857,27.66325],[142.15828,27.66374],[142.15789,27.66389],[142.15717,27.66441],[142.15694,27.66443],[142.15683,27.66352],[142.15742,27.66327],[142.15762,27.66263],[142.15782,27.66237],[142.15771,27.6613],[142.1575,27.66101],[142.15776,27.66083],[142.15767,27.66033],[142.15781,27.65991],[142.15753,27.65963],[142.15705,27.65955],[142.15638,27.65957],[142.15623,27.65902],[142.15634,27.65872],[142.15706,27.65854],[142.15775,27.65825],[142.15811,27.65754],[142.15892,27.65726],[142.1587,27.65686],[142.15892,27.65658],[142.15868,27.65587],[142.15826,27.65569],[142.15834,27.65533],[142.15815,27.65496],[142.15833,27.65477]]],[[[142.17878,27.62399],[142.17835,27.62381],[142.17904,27.62325],[142.17903,27.62379],[142.17878,27.62399]]],[[[142.175,27.624],[142.17509,27.62352],[142.17545,27.6236],[142.1757,27.62342],[142.17566,27.62306],[142.175,27.62234],[142.17497,27.6221],[142.17539,27.62181],[142.17577,27.62193],[142.17625,27.62265],[142.17623,27.6228],[142.17687,27.62287],[142.17725,27.62338],[142.1772,27.62364],[142.17663,27.62425],[142.17661,27.62471],[142.17682,27.62476],[142.17718,27.62403],[142.17777,27.62419],[142.17798,27.62475],[142.17784,27.62547],[142.17765,27.62581],[142.17724,27.6262],[142.17762,27.62651],[142.17833,27.6261],[142.17835,27.62556],[142.17871,27.62539],[142.17905,27.62495],[142.17895,27.62464],[142.17919,27.62421],[142.17993,27.6237],[142.18027,27.62284],[142.18057,27.62263],[142.18099,27.62265],[142.18131,27.62227],[142.18143,27.62193],[142.18174,27.62214],[142.18145,27.62286],[142.18173,27.6233],[142.18191,27.62321],[142.18215,27.6227],[142.18245,27.62253],[142.1828,27.62213],[142.1828,27.62152],[142.18326,27.62095],[142.1839,27.62091],[142.18415,27.62045],[142.18466,27.62029],[142.18479,27.61945],[142.18542,27.61946],[142.18581,27.61994],[142.18589,27.62022],[142.18622,27.62042],[142.18672,27.62051],[142.1867,27.62072],[142.18619,27.62099],[142.18683,27.62137],[142.18683,27.62184],[142.18746,27.62211],[142.18724,27.62251],[142.18656,27.62254],[142.18613,27.62244],[142.18595,27.6229],[142.18624,27.62318],[142.18579,27.62338],[142.18598,27.62359],[142.18604,27.62419],[142.18573,27.62462],[142.18595,27.62478],[142.18586,27.62507],[142.18547,27.62516],[142.18525,27.62553],[142.18488,27.62577],[142.18568,27.62596],[142.18594,27.62616],[142.18574,27.62666],[142.18539,27.6269],[142.18478,27.62684],[142.18427,27.62737],[142.18396,27.62834],[142.18372,27.62889],[142.18389,27.62934],[142.18309,27.63038],[142.18236,27.63072],[142.18183,27.63081],[142.18099,27.63078],[142.18064,27.6305],[142.18036,27.63062],[142.18007,27.63044],[142.17959,27.63041],[142.17925,27.63085],[142.17933,27.63126],[142.1788,27.63114],[142.17838,27.63207],[142.17846,27.63268],[142.17814,27.63317],[142.1782,27.63367],[142.17746,27.6338],[142.17723,27.63415],[142.17657,27.63393],[142.17604,27.63395],[142.17594,27.63422],[142.17548,27.63473],[142.17557,27.63501],[142.17531,27.63532],[142.17507,27.63589],[142.17451,27.63581],[142.17431,27.6355],[142.1738,27.6352],[142.17376,27.63459],[142.17355,27.63417],[142.17344,27.6336],[142.17315,27.63341],[142.17293,27.63299],[142.17219,27.6331],[142.17187,27.63376],[142.17166,27.63398],[142.17077,27.63432],[142.17065,27.6348],[142.1702,27.63462],[142.17029,27.63442],[142.16978,27.63421],[142.16985,27.63388],[142.17018,27.63357],[142.17047,27.6338],[142.17104,27.63313],[142.17115,27.63226],[142.17143,27.63207],[142.17153,27.6312],[142.17128,27.63099],[142.17212,27.63025],[142.17225,27.62997],[142.17293,27.62917],[142.17239,27.62937],[142.17218,27.62872],[142.17218,27.62821],[142.17259,27.6278],[142.17249,27.62739],[142.17202,27.6273],[142.17202,27.62699],[142.17156,27.62697],[142.17173,27.6265],[142.17199,27.62623],[142.17204,27.62574],[142.17243,27.62589],[142.17221,27.62648],[142.17269,27.62638],[142.17295,27.62661],[142.17327,27.62654],[142.1732,27.6262],[142.17343,27.62557],[142.17331,27.62525],[142.17345,27.62436],[142.17365,27.62391],[142.17394,27.62366],[142.17452,27.62411],[142.175,27.624]]],[[[142.21667,27.49344],[142.21695,27.49374],[142.21684,27.49399],[142.21652,27.49399],[142.21646,27.49357],[142.21667,27.49344]]],[[[142.21877,27.49355],[142.21901,27.49382],[142.21884,27.49432],[142.21914,27.49512],[142.21914,27.49557],[142.21854,27.49602],[142.21821,27.496],[142.21808,27.49549],[142.21821,27.49532],[142.21796,27.49471],[142.21808,27.4931],[142.21835,27.49257],[142.21883,27.49245],[142.2192,27.49281],[142.21897,27.4934],[142.21877,27.49355]]],[[[142.14982,27.6737],[142.14971,27.67338],[142.15021,27.67333],[142.15012,27.67367],[142.14982,27.6737]]],[[[142.15672,27.65833],[142.15708,27.6578],[142.15697,27.65747],[142.15724,27.65736],[142.15781,27.65748],[142.15789,27.65775],[142.15753,27.65826],[142.15672,27.65833]]],[[[142.12254,26.70662],[142.12259,26.70683],[142.12213,26.70697],[142.12168,26.70683],[142.12194,26.7064],[142.12254,26.70662]]],[[[141.45798,24.22485],[141.45871,24.2247],[141.45925,24.22475],[141.45992,24.22507],[141.46138,24.2255],[141.46204,24.22554],[141.46299,24.22585],[141.46429,24.22596],[141.465,24.22612],[141.46562,24.22634],[141.46635,24.22648],[141.46728,24.22676],[141.4679,24.22702],[141.46881,24.22718],[141.46941,24.22805],[141.46953,24.22909],[141.46995,24.22989],[141.4712,24.23125],[141.47163,24.23196],[141.47201,24.23313],[141.47238,24.23555],[141.47236,24.23616],[141.47265,24.23766],[141.47276,24.2378],[141.47281,24.23899],[141.47304,24.23935],[141.47292,24.23957],[141.4729,24.24043],[141.47273,24.24126],[141.47244,24.24144],[141.47224,24.24191],[141.47174,24.24205],[141.47156,24.24183],[141.47097,24.24185],[141.47036,24.24202],[141.47017,24.2422],[141.46903,24.24257],[141.46886,24.24278],[141.46846,24.24259],[141.468,24.24287],[141.46663,24.24336],[141.46641,24.24356],[141.46581,24.24367],[141.46562,24.24386],[141.46494,24.2441],[141.4643,24.24418],[141.46346,24.24446],[141.4629,24.24476],[141.46261,24.24478],[141.46208,24.2451],[141.46077,24.245],[141.45899,24.24494],[141.4586,24.24479],[141.45801,24.24427],[141.4575,24.24401],[141.45656,24.24331],[141.45544,24.2424],[141.45504,24.24187],[141.45481,24.24114],[141.45474,24.24063],[141.45447,24.23987],[141.45429,24.23882],[141.45383,24.23742],[141.45363,24.23723],[141.45375,24.23685],[141.45361,24.23641],[141.45355,24.23547],[141.45341,24.2345],[141.45342,24.23331],[141.45351,24.23282],[141.45351,24.23216],[141.45343,24.23116],[141.4533,24.23038],[141.45336,24.22993],[141.45328,24.2292],[141.45367,24.22842],[141.45379,24.22789],[141.45373,24.22689],[141.45408,24.22655],[141.45464,24.22583],[141.45565,24.22526],[141.45621,24.22531],[141.45691,24.22521],[141.45798,24.22485]]],[[[141.37877,24.78081],[141.37853,24.78079],[141.37843,24.78044],[141.37892,24.7803],[141.37877,24.78081]]],[[[140.875,27.23768],[140.8752,27.23777],[140.8757,27.23758],[140.87625,27.2376],[140.87767,27.23794],[140.87895,27.23776],[140.88026,27.23748],[140.88088,27.23725],[140.88192,27.23702],[140.88406,27.23716],[140.88446,27.23726],[140.88483,27.23758],[140.88545,27.23784],[140.88573,27.23818],[140.88604,27.23824],[140.88622,27.23863],[140.88667,27.23892],[140.88694,27.23949],[140.88788,27.2411],[140.88857,27.24242],[140.88892,27.24276],[140.88923,27.24348],[140.8895,27.24433],[140.88982,27.24486],[140.88978,27.24509],[140.89002,27.24566],[140.88965,27.24689],[140.88916,27.2478],[140.88908,27.24823],[140.88863,27.24851],[140.88867,27.24893],[140.88831,27.24899],[140.88778,27.24973],[140.88686,27.25064],[140.88603,27.25127],[140.88484,27.25191],[140.88434,27.25198],[140.88398,27.25225],[140.88278,27.25244],[140.88219,27.25271],[140.88137,27.25293],[140.8804,27.25337],[140.87927,27.25362],[140.8773,27.25392],[140.87687,27.25386],[140.87588,27.25398],[140.87477,27.25401],[140.87408,27.25391],[140.87363,27.2537],[140.87335,27.25371],[140.87283,27.25333],[140.87291,27.25319],[140.87234,27.25272],[140.87196,27.25267],[140.87193,27.25217],[140.87152,27.25199],[140.87162,27.25174],[140.87114,27.25082],[140.87113,27.25036],[140.87088,27.2503],[140.87104,27.24992],[140.87099,27.24904],[140.87114,27.24805],[140.87116,27.24692],[140.87075,27.24613],[140.86985,27.24508],[140.86943,27.24439],[140.86927,27.24398],[140.86937,27.24329],[140.86929,27.24296],[140.86982,27.24213],[140.8702,27.24211],[140.87046,27.24161],[140.87097,27.24164],[140.87188,27.24073],[140.87241,27.24011],[140.8731,27.23886],[140.87363,27.23858],[140.87369,27.23813],[140.87413,27.2381],[140.8746,27.23772],[140.875,27.23768]]],[[[142.09557,27.72292],[142.0958,27.72267],[142.09624,27.72292],[142.09622,27.72316],[142.09561,27.72314],[142.09517,27.7233],[142.09503,27.72302],[142.09557,27.72292]]],[[[142.09926,27.71742],[142.1001,27.71724],[142.10044,27.717],[142.10079,27.71693],[142.10129,27.71624],[142.10145,27.71583],[142.10167,27.71571],[142.10228,27.71576],[142.10274,27.71603],[142.10296,27.71635],[142.10291,27.71661],[142.10242,27.71678],[142.1026,27.7173],[142.1022,27.71755],[142.1018,27.71734],[142.10155,27.71789],[142.10184,27.7181],[142.10224,27.71876],[142.10208,27.71895],[142.10149,27.71887],[142.10144,27.71837],[142.101,27.71832],[142.10089,27.7185],[142.10106,27.71894],[142.10076,27.71911],[142.10092,27.71947],[142.10012,27.71978],[142.09942,27.71942],[142.09915,27.71978],[142.09942,27.72013],[142.09895,27.72028],[142.09855,27.72011],[142.09789,27.72037],[142.09761,27.72037],[142.09708,27.72008],[142.09681,27.72051],[142.09642,27.72048],[142.09631,27.71987],[142.09652,27.71923],[142.09696,27.71901],[142.09791,27.71871],[142.0986,27.71823],[142.09886,27.71781],[142.09926,27.71742]]],[[[142.10234,27.71216],[142.10273,27.71252],[142.1021,27.71271],[142.10183,27.71261],[142.102,27.71211],[142.10234,27.71216]]],[[[142.10833,27.7164],[142.10883,27.71612],[142.10923,27.71613],[142.1098,27.7164],[142.10993,27.71711],[142.11054,27.71767],[142.10998,27.71798],[142.10914,27.71788],[142.10823,27.71763],[142.10813,27.71738],[142.10764,27.71767],[142.10648,27.71801],[142.10625,27.71791],[142.10619,27.71754],[142.10631,27.7171],[142.10666,27.71699],[142.10735,27.71701],[142.10789,27.71656],[142.10833,27.7164]]],[[[142.11051,27.71849],[142.11023,27.71881],[142.10993,27.71887],[142.10977,27.71846],[142.1105,27.7179],[142.11084,27.71787],[142.11102,27.71813],[142.11051,27.71849]]],[[[142.1074,27.71654],[142.10704,27.71615],[142.10704,27.71592],[142.10748,27.71582],[142.10809,27.71611],[142.10793,27.71647],[142.1074,27.71654]]],[[[142.11182,27.7178],[142.1122,27.71776],[142.11244,27.71813],[142.11225,27.71839],[142.11186,27.71841],[142.11156,27.71812],[142.11182,27.7178]]],[[[142.10233,27.71466],[142.10254,27.71468],[142.1028,27.71524],[142.10243,27.71543],[142.10214,27.71532],[142.10185,27.71485],[142.10201,27.71458],[142.10233,27.71466]]],[[[142.09705,27.72082],[142.0974,27.72123],[142.09706,27.72143],[142.09652,27.7214],[142.09625,27.72116],[142.09655,27.72083],[142.09705,27.72082]]],[[[142.14817,26.58333],[142.14792,26.58303],[142.14734,26.58294],[142.14712,26.58238],[142.14745,26.58222],[142.148,26.58215],[142.14864,26.5824],[142.14895,26.58264],[142.14959,26.58255],[142.15008,26.58214],[142.15014,26.58187],[142.15058,26.58177],[142.15127,26.58193],[142.15155,26.58267],[142.15253,26.5836],[142.15397,26.58427],[142.15422,26.58419],[142.15477,26.58439],[142.15553,26.58426],[142.15591,26.58406],[142.15663,26.58423],[142.15711,26.58392],[142.15723,26.58372],[142.15762,26.58364],[142.15817,26.58337],[142.15853,26.58339],[142.15879,26.58363],[142.15911,26.5844],[142.15967,26.58436],[142.16029,26.58443],[142.16026,26.5851],[142.16001,26.58542],[142.15965,26.58565],[142.15981,26.58599],[142.16032,26.58641],[142.16101,26.58648],[142.16125,26.58625],[142.16141,26.58582],[142.16213,26.58558],[142.16225,26.586],[142.16212,26.58671],[142.16173,26.58679],[142.16202,26.5876],[142.16208,26.58799],[142.16163,26.58842],[142.16132,26.58849],[142.16113,26.58822],[142.1607,26.58795],[142.15992,26.5879],[142.15943,26.5875],[142.15897,26.58756],[142.15854,26.58801],[142.15821,26.58813],[142.15644,26.5879],[142.15619,26.58775],[142.15613,26.5873],[142.15572,26.58716],[142.1553,26.58741],[142.15523,26.5878],[142.15465,26.58776],[142.15416,26.58718],[142.15371,26.58702],[142.15354,26.58649],[142.15269,26.58632],[142.15234,26.58575],[142.15199,26.58544],[142.15163,26.58529],[142.15106,26.58522],[142.15072,26.58528],[142.15065,26.58569],[142.15038,26.58602],[142.15003,26.58607],[142.14949,26.58598],[142.14922,26.58575],[142.14914,26.58534],[142.14872,26.58486],[142.14871,26.58394],[142.14817,26.58333]]],[[[142.15929,26.56395],[142.1596,26.56339],[142.15996,26.56338],[142.16016,26.56409],[142.16047,26.56453],[142.16014,26.56482],[142.15966,26.56426],[142.15929,26.56395]]],[[[142.12344,26.59757],[142.12315,26.59741],[142.12333,26.59716],[142.12365,26.59709],[142.1241,26.59746],[142.12409,26.59779],[142.12373,26.59779],[142.12344,26.59757]]],[[[142.1243,26.59894],[142.12379,26.5993],[142.12351,26.59907],[142.12421,26.59857],[142.1243,26.59894]]],[[[142.20786,26.55258],[142.20788,26.55283],[142.20827,26.553],[142.20828,26.55334],[142.20798,26.5535],[142.20749,26.55321],[142.2073,26.55297],[142.2073,26.55234],[142.20709,26.55128],[142.20748,26.55061],[142.20794,26.55038],[142.20838,26.55051],[142.20849,26.55097],[142.20834,26.55147],[142.20782,26.55166],[142.20786,26.55258]]],[[[142.22652,26.57286],[142.22678,26.5722],[142.22715,26.57241],[142.22678,26.57311],[142.22652,26.57286]]],[[[142.125,26.60358],[142.12504,26.60285],[142.12528,26.6029],[142.1258,26.60253],[142.12596,26.60226],[142.12633,26.60236],[142.12659,26.60119],[142.1264,26.601],[142.12599,26.60104],[142.12563,26.60093],[142.12541,26.60047],[142.12595,26.60015],[142.12632,26.60007],[142.12659,26.60046],[142.12705,26.60051],[142.12743,26.59989],[142.12741,26.59929],[142.12712,26.59903],[142.12664,26.599],[142.12569,26.59848],[142.12556,26.59753],[142.12533,26.59706],[142.12529,26.59625],[142.12507,26.59615],[142.12526,26.59559],[142.12568,26.59564],[142.12615,26.59594],[142.12651,26.59594],[142.12666,26.59571],[142.12712,26.59592],[142.12712,26.59642],[142.1274,26.59673],[142.1275,26.59731],[142.12722,26.5977],[142.12758,26.59816],[142.12818,26.5981],[142.1286,26.59761],[142.1287,26.59711],[142.12855,26.59665],[142.12856,26.59602],[142.12893,26.59501],[142.12959,26.59488],[142.13015,26.5949],[142.13021,26.59522],[142.13061,26.59543],[142.13102,26.59586],[142.13112,26.59629],[142.13151,26.59603],[142.13226,26.59592],[142.13211,26.59638],[142.1322,26.59667],[142.13247,26.59677],[142.13292,26.59639],[142.13353,26.59677],[142.13377,26.59727],[142.13378,26.59792],[142.13397,26.59856],[142.13426,26.59895],[142.13447,26.59893],[142.13479,26.59925],[142.13507,26.60003],[142.13567,26.60044],[142.13587,26.60095],[142.13593,26.6014],[142.1355,26.60208],[142.13539,26.60262],[142.13517,26.60306],[142.13466,26.60537],[142.13405,26.60598],[142.13386,26.6065],[142.13353,26.60657],[142.13352,26.60718],[142.13371,26.60735],[142.13403,26.60807],[142.13382,26.6084],[142.13286,26.60858],[142.1325,26.60873],[142.1329,26.60957],[142.13275,26.61011],[142.13202,26.60991],[142.13212,26.61024],[142.13197,26.61054],[142.13113,26.61059],[142.13086,26.6107],[142.13,26.61041],[142.12983,26.60948],[142.12982,26.6087],[142.1291,26.60905],[142.1288,26.609],[142.12823,26.60916],[142.12817,26.60948],[142.12849,26.61014],[142.12835,26.61044],[142.12748,26.61042],[142.12663,26.61019],[142.12589,26.60979],[142.12581,26.60923],[142.12593,26.609],[142.12651,26.60895],[142.12656,26.60869],[142.12633,26.60781],[142.12554,26.60722],[142.12513,26.60729],[142.12509,26.6075],[142.12468,26.60752],[142.12358,26.60727],[142.1234,26.60708],[142.12379,26.60668],[142.1242,26.60657],[142.12405,26.60598],[142.12372,26.60573],[142.12371,26.60551],[142.12333,26.60478],[142.12297,26.60462],[142.12267,26.60429],[142.12271,26.60373],[142.12298,26.6035],[142.1235,26.60358],[142.12429,26.60394],[142.12449,26.60373],[142.125,26.60358]]],[[[142.175,26.59971],[142.17591,26.59876],[142.17597,26.59905],[142.17567,26.59932],[142.176,26.5995],[142.17556,26.6004],[142.17524,26.60048],[142.1746,26.60014],[142.175,26.59971]]],[[[142.1779,26.60356],[142.17791,26.60397],[142.17811,26.60426],[142.17812,26.60464],[142.17772,26.60498],[142.17757,26.60552],[142.17717,26.60541],[142.17732,26.60491],[142.17703,26.60447],[142.17667,26.60421],[142.17649,26.60376],[142.17667,26.60322],[142.17647,26.603],[142.1762,26.60315],[142.17579,26.603],[142.17557,26.60204],[142.1758,26.60174],[142.1762,26.60215],[142.17667,26.60182],[142.17672,26.60223],[142.17695,26.60261],[142.17743,26.60278],[142.17764,26.6031],[142.17788,26.60311],[142.1779,26.60356]]],[[[142.20493,26.55483],[142.20558,26.55472],[142.20561,26.55422],[142.20611,26.55414],[142.20638,26.55384],[142.20655,26.55443],[142.20805,26.55465],[142.2084,26.55459],[142.20881,26.55522],[142.20954,26.55532],[142.2101,26.55483],[142.21061,26.55485],[142.21071,26.55527],[142.21045,26.5557],[142.21088,26.55625],[142.21135,26.55623],[142.21157,26.55592],[142.21229,26.55624],[142.21264,26.5558],[142.21302,26.55591],[142.21312,26.55557],[142.21347,26.55547],[142.21353,26.55597],[142.21386,26.55656],[142.21409,26.55664],[142.21496,26.55666],[142.21529,26.55681],[142.21561,26.55787],[142.21602,26.55824],[142.21606,26.55849],[142.21571,26.55867],[142.21634,26.559],[142.21616,26.55924],[142.21672,26.56039],[142.21674,26.56127],[142.21724,26.56133],[142.21744,26.56119],[142.2179,26.56168],[142.21839,26.56169],[142.21841,26.56196],[142.21809,26.56209],[142.21841,26.56301],[142.21808,26.56331],[142.21755,26.56319],[142.21743,26.56297],[142.21707,26.56286],[142.2166,26.56313],[142.21651,26.56361],[142.21608,26.56389],[142.21522,26.56376],[142.2148,26.56381],[142.21461,26.56409],[142.2142,26.56428],[142.2138,26.56422],[142.21344,26.56442],[142.21251,26.56448],[142.21181,26.56431],[142.21179,26.564],[142.21152,26.56381],[142.21101,26.56373],[142.20987,26.56386],[142.20954,26.564],[142.20902,26.56371],[142.20862,26.56372],[142.20815,26.56351],[142.20771,26.56282],[142.20726,26.56246],[142.20686,26.56247],[142.20674,26.56227],[142.20588,26.5617],[142.20531,26.56185],[142.20501,26.56205],[142.20451,26.56168],[142.20431,26.5622],[142.20414,26.56227],[142.20318,26.5621],[142.20301,26.56183],[142.20343,26.56128],[142.20417,26.56081],[142.20406,26.56026],[142.20405,26.55896],[142.20342,26.55874],[142.20312,26.55824],[142.20253,26.55743],[142.2019,26.55714],[142.20157,26.55666],[142.20206,26.55633],[142.20178,26.55596],[142.20173,26.55529],[142.20156,26.55479],[142.20188,26.55457],[142.20191,26.55423],[142.20161,26.55393],[142.20157,26.5535],[142.20209,26.55298],[142.20247,26.55308],[142.20288,26.55344],[142.20322,26.55411],[142.20359,26.55426],[142.2037,26.55376],[142.20409,26.55394],[142.20408,26.55461],[142.20493,26.55483]]],[[[142.21281,26.56511],[142.21297,26.56486],[142.2134,26.56504],[142.21326,26.56529],[142.21281,26.56511]]],[[[142.21271,26.56563],[142.21333,26.56553],[142.21355,26.56565],[142.21364,26.56624],[142.21312,26.56662],[142.21281,26.56661],[142.21258,26.56625],[142.21249,26.56585],[142.21271,26.56563]]],[[[142.16151,26.56427],[142.16149,26.56402],[142.1612,26.56358],[142.16128,26.56323],[142.16158,26.56296],[142.16182,26.56308],[142.16173,26.56374],[142.16191,26.56422],[142.16151,26.56427]]],[[[142.16827,26.59357],[142.16852,26.59327],[142.16903,26.59367],[142.16898,26.59436],[142.16913,26.59512],[142.16872,26.59562],[142.16839,26.5957],[142.16796,26.59549],[142.1679,26.5951],[142.16749,26.59442],[142.16737,26.59386],[142.16763,26.59364],[142.16775,26.59321],[142.16815,26.59326],[142.16827,26.59357]]],[[[142.17635,26.6003],[142.17646,26.60097],[142.17601,26.60077],[142.17635,26.6003]]],[[[142.2276,27.12143],[142.22763,27.12101],[142.22807,27.12091],[142.22815,27.1212],[142.22792,27.12161],[142.2276,27.12143]]],[[[142.18251,27.12764],[142.1821,27.12778],[142.18212,27.12739],[142.18251,27.12764]]],[[[142.18864,27.13908],[142.18837,27.13896],[142.18845,27.13844],[142.189,27.13867],[142.18911,27.13909],[142.18864,27.13908]]],[[[142.17701,27.12832],[142.17731,27.12806],[142.1777,27.12813],[142.17838,27.12797],[142.17938,27.12713],[142.17983,27.12691],[142.18049,27.1268],[142.18093,27.12695],[142.18148,27.12695],[142.18189,27.12684],[142.18207,27.1271],[142.18192,27.1274],[142.18103,27.12734],[142.18041,27.12758],[142.18028,27.12779],[142.17976,27.12787],[142.17965,27.12846],[142.17976,27.12912],[142.17938,27.12937],[142.17874,27.1294],[142.17835,27.12915],[142.17735,27.12909],[142.17695,27.12899],[142.17677,27.12853],[142.17701,27.12832]]],[[[142.18619,27.18446],[142.18572,27.18429],[142.18598,27.18383],[142.18638,27.18385],[142.18656,27.18439],[142.18619,27.18446]]],[[[142.20194,27.16269],[142.2019,27.16304],[142.20147,27.16303],[142.20143,27.16277],[142.20194,27.16269]]],[[[142.18627,27.11659],[142.18667,27.11627],[142.18776,27.11602],[142.1883,27.11598],[142.18817,27.1164],[142.18772,27.11712],[142.18741,27.11746],[142.18693,27.11764],[142.18664,27.118],[142.18615,27.11818],[142.18589,27.11814],[142.18575,27.11865],[142.18546,27.11883],[142.1851,27.11876],[142.18493,27.11836],[142.1845,27.11837],[142.18444,27.11809],[142.18466,27.11766],[142.18518,27.11746],[142.18587,27.11674],[142.18627,27.11659]]],[[[142.18433,27.16667],[142.18327,27.16605],[142.18328,27.16553],[142.1837,27.16487],[142.18361,27.1642],[142.18369,27.16351],[142.18393,27.16263],[142.18424,27.16193],[142.18444,27.16176],[142.18405,27.16127],[142.18382,27.16059],[142.18441,27.16025],[142.18419,27.15966],[142.18454,27.15959],[142.1844,27.1593],[142.18342,27.15899],[142.18309,27.15878],[142.18326,27.1585],[142.18311,27.15808],[142.18227,27.15785],[142.18115,27.15792],[142.18097,27.15762],[142.1818,27.15697],[142.18188,27.15657],[142.18286,27.15678],[142.18332,27.15694],[142.18382,27.15676],[142.18445,27.15688],[142.18472,27.15631],[142.18495,27.15637],[142.18561,27.15561],[142.1862,27.15512],[142.18635,27.15465],[142.18584,27.1542],[142.18561,27.15364],[142.18469,27.15258],[142.18484,27.1522],[142.18512,27.15187],[142.18517,27.15132],[142.18566,27.15083],[142.18561,27.15043],[142.18505,27.14974],[142.18466,27.14952],[142.18425,27.14963],[142.1835,27.15008],[142.18303,27.15009],[142.18265,27.15032],[142.18193,27.15052],[142.18154,27.15047],[142.18119,27.15082],[142.18056,27.15067],[142.18052,27.15035],[142.18094,27.15033],[142.18126,27.15007],[142.18095,27.14973],[142.1801,27.14965],[142.17993,27.14928],[142.17998,27.14875],[142.17963,27.14835],[142.17974,27.14797],[142.18027,27.1477],[142.1804,27.14703],[142.18064,27.14645],[142.18116,27.14635],[142.18152,27.14612],[142.18195,27.14606],[142.18264,27.14627],[142.18299,27.14651],[142.18346,27.14663],[142.1839,27.14653],[142.18399,27.1463],[142.18367,27.14576],[142.18369,27.14548],[142.18465,27.14528],[142.18526,27.14499],[142.1855,27.14508],[142.18642,27.1449],[142.18651,27.14477],[142.18727,27.14472],[142.18775,27.14438],[142.18855,27.14438],[142.18884,27.14459],[142.18881,27.145],[142.18864,27.14529],[142.18814,27.14557],[142.18829,27.14596],[142.18826,27.1463],[142.1879,27.14726],[142.18755,27.14765],[142.18814,27.14859],[142.18824,27.14934],[142.18792,27.15018],[142.18817,27.15039],[142.18935,27.1507],[142.18989,27.15057],[142.19057,27.15024],[142.1909,27.15035],[142.19142,27.15017],[142.19183,27.15046],[142.19239,27.15062],[142.19237,27.15105],[142.19284,27.15193],[142.19247,27.15238],[142.19305,27.1525],[142.19359,27.15284],[142.19392,27.15326],[142.19455,27.1533],[142.19476,27.15362],[142.19502,27.15362],[142.19626,27.15457],[142.19634,27.15493],[142.19688,27.15511],[142.19691,27.15536],[142.19753,27.15586],[142.19766,27.15632],[142.19743,27.15667],[142.19756,27.15709],[142.19779,27.15713],[142.19802,27.15749],[142.19846,27.15775],[142.19906,27.15783],[142.19939,27.15816],[142.1993,27.15857],[142.19907,27.15872],[142.19846,27.15855],[142.19846,27.1592],[142.19783,27.15919],[142.19747,27.15954],[142.19774,27.15987],[142.19795,27.16037],[142.19805,27.16088],[142.19866,27.16086],[142.19902,27.16107],[142.19919,27.1614],[142.19928,27.16193],[142.19943,27.16223],[142.19981,27.16253],[142.20033,27.16263],[142.20064,27.16333],[142.20057,27.16378],[142.2007,27.16406],[142.20016,27.16442],[142.20001,27.16522],[142.20002,27.16563],[142.20084,27.16619],[142.20201,27.16634],[142.202,27.16662],[142.20149,27.16688],[142.20135,27.16709],[142.20149,27.16752],[142.2015,27.16809],[142.20169,27.16853],[142.20197,27.16874],[142.20216,27.16914],[142.20182,27.16954],[142.2016,27.16929],[142.20094,27.16908],[142.20071,27.16938],[142.19996,27.16934],[142.19968,27.16923],[142.19895,27.16849],[142.19844,27.16844],[142.19806,27.16883],[142.19798,27.16941],[142.1981,27.16964],[142.19781,27.17041],[142.19807,27.171],[142.19767,27.17108],[142.19753,27.17146],[142.19702,27.17178],[142.19697,27.17203],[142.19664,27.17232],[142.1964,27.17275],[142.19604,27.17285],[142.1957,27.17313],[142.19512,27.17329],[142.1951,27.17407],[142.19517,27.17457],[142.1955,27.17478],[142.19525,27.17509],[142.1946,27.17639],[142.19483,27.1767],[142.19474,27.17708],[142.19486,27.1779],[142.19531,27.1788],[142.19529,27.17912],[142.19564,27.1797],[142.19582,27.17982],[142.19641,27.17943],[142.1968,27.17954],[142.19687,27.17996],[142.19735,27.17958],[142.19794,27.17955],[142.19761,27.18032],[142.19769,27.18065],[142.19815,27.18045],[142.19847,27.18098],[142.19946,27.18099],[142.19992,27.18137],[142.19992,27.1821],[142.20006,27.18234],[142.20008,27.18283],[142.19993,27.183],[142.19978,27.18365],[142.19926,27.18361],[142.19931,27.18338],[142.19897,27.18293],[142.19726,27.18251],[142.19698,27.1826],[142.19666,27.18325],[142.19611,27.1832],[142.19571,27.18338],[142.19533,27.18336],[142.19477,27.18282],[142.19454,27.18281],[142.19476,27.18349],[142.19537,27.18423],[142.19581,27.18461],[142.19572,27.18506],[142.19541,27.18533],[142.19489,27.18485],[142.19418,27.18488],[142.19391,27.18522],[142.1931,27.18535],[142.19253,27.18501],[142.192,27.18572],[142.19122,27.18585],[142.19061,27.18652],[142.19004,27.18672],[142.18983,27.1869],[142.18918,27.18708],[142.18885,27.18748],[142.189,27.18827],[142.18922,27.18864],[142.18957,27.1888],[142.18963,27.18902],[142.18944,27.18969],[142.18901,27.19011],[142.18862,27.18967],[142.18833,27.18916],[142.18778,27.18871],[142.18751,27.18862],[142.1866,27.18799],[142.18643,27.18775],[142.18652,27.18728],[142.18611,27.18718],[142.18508,27.18723],[142.18493,27.18743],[142.18454,27.18746],[142.18421,27.1873],[142.18505,27.1867],[142.18535,27.18633],[142.18566,27.18544],[142.18575,27.18467],[142.18611,27.18458],[142.18667,27.18485],[142.18716,27.18441],[142.1877,27.18419],[142.18785,27.18292],[142.18757,27.1821],[142.18691,27.18144],[142.18644,27.1808],[142.186,27.18046],[142.18568,27.17997],[142.18477,27.1795],[142.18463,27.17898],[142.18471,27.17854],[142.18508,27.17848],[142.18522,27.17876],[142.18575,27.17899],[142.18625,27.17877],[142.18623,27.17827],[142.18591,27.17785],[142.18588,27.17734],[142.18615,27.17687],[142.18646,27.17665],[142.18755,27.17669],[142.18769,27.17567],[142.1874,27.17524],[142.18746,27.17434],[142.18724,27.17392],[142.18742,27.17329],[142.18744,27.17289],[142.18769,27.17231],[142.18761,27.17194],[142.1872,27.17157],[142.18558,27.17144],[142.18392,27.17186],[142.18387,27.17156],[142.18445,27.17119],[142.18497,27.17066],[142.18495,27.17029],[142.18469,27.16982],[142.18436,27.16957],[142.18397,27.16946],[142.18379,27.16867],[142.18411,27.16831],[142.18424,27.1679],[142.18423,27.16716],[142.18448,27.16688],[142.18433,27.16667]]],[[[142.16062,26.63465],[142.16075,26.63495],[142.16005,26.63491],[142.16014,26.63467],[142.16062,26.63465]]],[[[142.18333,27.08757],[142.18285,27.0876],[142.18256,27.08698],[142.18282,27.08653],[142.18303,27.08643],[142.18354,27.08659],[142.18412,27.08649],[142.18468,27.08662],[142.18434,27.08696],[142.18436,27.08718],[142.18395,27.0874],[142.18333,27.08757]]],[[[142.175,26.61604],[142.17526,26.61581],[142.17563,26.6166],[142.1752,26.61692],[142.17474,26.61635],[142.175,26.61604]]],[[[142.18404,26.62129],[142.18442,26.62167],[142.18459,26.62207],[142.1848,26.62221],[142.18476,26.62275],[142.18433,26.62322],[142.18402,26.62292],[142.18381,26.62222],[142.18379,26.62179],[142.18404,26.62129]]],[[[142.14755,26.65],[142.14753,26.64944],[142.14796,26.64932],[142.14793,26.64964],[142.14755,26.65]]],[[[142.24167,27.04727],[142.24092,27.04796],[142.24075,27.04786],[142.2411,27.04743],[142.24167,27.04727]]],[[[142.23903,27.0471],[142.23963,27.04668],[142.23942,27.04609],[142.24007,27.04596],[142.24051,27.04551],[142.24163,27.04573],[142.24132,27.04681],[142.24077,27.04698],[142.24005,27.04749],[142.23938,27.04749],[142.23896,27.04796],[142.23873,27.04769],[142.23903,27.0471]]],[[[142.23582,27.0693],[142.23569,27.06914],[142.23594,27.06879],[142.23616,27.06898],[142.23582,27.0693]]],[[[142.16016,26.68782],[142.15959,26.68781],[142.15961,26.68755],[142.16016,26.68782]]]]},"properties":{"code":"13421","name":"小笠原村"}}]}
